Datetime,Open,High,Low,Close,Volume,Dividends,Stock Splits,Capital Gains
2005-12-27 00:00:00-05:00,87.6427536408087,87.70488498602256,86.55205017334083,86.61418151855469,44499500,0.0,0.0,0.0
2005-12-28 00:00:00-05:00,86.80055994683205,86.97313939931637,86.63488514712506,86.80746459960938,30764300,0.0,0.0,0.0
2005-12-29 00:00:00-05:00,86.78675841526909,86.95243321976245,86.33114611952846,86.42089080810547,32788900,0.0,0.0,0.0
2005-12-30 00:00:00-05:00,86.15165456512635,86.33113338238623,85.84791307944607,85.95146179199219,44645600,0.0,0.0,0.0
2006-01-03 00:00:00-05:00,86.42089590219291,87.67036956258097,85.86863949905276,87.46327209472656,73256700,0.0,0.0,0.0
2006-01-04 00:00:00-05:00,87.57372275549254,88.00862110439768,87.46326937162044,87.8774642944336,51899600,0.0,0.0,0.0
2006-01-05 00:00:00-05:00,87.77391569587962,88.07765196857075,87.58752692699164,87.93268585205078,47307500,0.0,0.0,0.0
2006-01-06 00:00:00-05:00,88.37448126129925,88.76105751576483,87.91886901850212,88.66441345214844,62885900,0.0,0.0,0.0
2006-01-09 00:00:00-05:00,88.65062694376323,89.0924299958184,88.62301886137912,88.89224243164062,43527400,0.0,0.0,0.0
2006-01-10 00:00:00-05:00,88.62991340911682,89.03719843589094,88.54016871279148,88.98197174072266,44960800,0.0,0.0,0.0
2006-01-11 00:00:00-05:00,89.06478901124005,89.3547211695372,88.86459098760352,89.26497650146484,49598900,0.0,0.0,0.0
2006-01-12 00:00:00-05:00,89.10622148789918,89.2442829390471,88.66441852417769,88.91293334960938,40509200,0.0,0.0,0.0
2006-01-13 00:00:00-05:00,88.75416091162865,88.98195650675282,88.49873617352793,88.83008575439453,44856700,0.0,0.0,0.0
2006-01-17 00:00:00-05:00,88.49874865355146,88.65061942732643,88.22952510611665,88.58849334716797,52066600,0.0,0.0,0.0
2006-01-18 00:00:00-05:00,88.07079818835327,88.98201274499382,87.78086580517582,88.2364730834961,75067600,0.0,0.0,0.0
2006-01-19 00:00:00-05:00,88.4504624573737,88.89226562470063,88.22955560700105,88.57471466064453,81530400,0.0,0.0,0.0
2006-01-20 00:00:00-05:00,88.55397555144619,88.57468424488015,86.95934295654297,86.95934295654297,114957800,0.0,0.0,0.0
2006-01-23 00:00:00-05:00,87.12501526769702,87.54610957778107,87.06978857565483,87.26998138427734,67017400,0.0,0.0,0.0
2006-01-24 00:00:00-05:00,87.4149626458398,87.77393093959945,87.26999650414352,87.3597412109375,53008800,0.0,0.0,0.0
2006-01-25 00:00:00-05:00,87.69800315947532,87.79464726233452,86.86961836348539,87.43568420410156,87747700,0.0,0.0,0.0
2006-01-26 00:00:00-05:00,87.84293364475512,88.13286583560449,87.50467942209754,87.91886901855469,71294000,0.0,0.0,0.0
2006-01-27 00:00:00-05:00,88.1259717205534,88.81628951150228,87.98100034975216,88.73344421386719,65771200,0.0,0.0,0.0
2006-01-30 00:00:00-05:00,88.66441345214844,88.91982764883187,88.60228738269781,88.66441345214844,33709600,0.0,0.0,0.0
2006-01-31 00:00:00-05:00,88.58161454592997,88.7334748215809,88.00864405108561,88.01554870605469,72937000,0.0,0.0,0.0
2006-02-01 00:00:00-05:00,88.2364095575239,88.6574985156169,88.16737883980569,88.62989044189453,63561000,0.0,0.0,0.0
2006-02-02 00:00:00-05:00,88.42971817360034,88.45732625207852,87.53230288855447,87.60133361816406,83626900,0.0,0.0,0.0
2006-02-03 00:00:00-05:00,87.38044501116593,88.6299187815182,87.07670343603628,87.16644287109375,86040400,0.0,0.0,0.0
2006-02-06 00:00:00-05:00,87.28380845194472,87.53232334999743,87.09741964505105,87.39425659179688,45511900,0.0,0.0,0.0
2006-02-07 00:00:00-05:00,87.24237565624959,87.43566909527561,86.56586705313542,86.62109375,71208100,0.0,0.0,0.0
2006-02-08 00:00:00-05:00,86.87651041120631,88.42973101995017,86.70393092875786,87.4080581665039,59422200,0.0,0.0,0.0
2006-02-09 00:00:00-05:00,87.61514273303722,88.08455909496608,87.23547106483618,87.2630844116211,62023300,0.0,0.0,0.0
2006-02-10 00:00:00-05:00,87.27690884553567,87.76012936041678,86.6003948579935,87.421875,64508700,0.0,0.0,0.0
2006-02-13 00:00:00-05:00,87.39424122546524,87.52540330601677,86.94553355694822,87.2630844116211,52308700,0.0,0.0,0.0
2006-02-14 00:00:00-05:00,87.29758453771832,88.38138322564618,87.12500509526672,88.18809509277344,90964400,0.0,0.0,0.0
2006-02-15 00:00:00-05:00,88.13976300909688,88.58157117676431,87.83602153967117,88.49872589111328,85471300,0.0,0.0,0.0
2006-02-16 00:00:00-05:00,88.59537999076782,89.19596361282608,88.48492661965214,89.16144561767578,61017900,0.0,0.0,0.0
2006-02-17 00:00:00-05:00,89.08552566641488,89.16146105552808,88.76107541596892,88.91984558105469,40342600,0.0,0.0,0.0
2006-02-21 00:00:00-05:00,89.12695311933008,89.32714069500892,88.56088733048605,88.69895935058594,46456300,0.0,0.0,0.0
2006-02-22 00:00:00-05:00,88.8921916972759,89.49966396375802,88.80934643057545,89.23735046386719,42326700,0.0,0.0,0.0
2006-02-23 00:00:00-05:00,89.2373784885052,89.49279268530347,88.5539601240022,89.10621643066406,43423200,0.0,0.0,0.0
2006-02-24 00:00:00-05:00,89.1269479254912,89.38236218764257,88.88533243781269,89.33404541015625,36777400,0.0,0.0,0.0
2006-02-27 00:00:00-05:00,89.32716337199696,89.76896656159246,89.24432856564123,89.36859130859375,35858600,0.0,0.0,0.0
2006-02-28 00:00:00-05:00,89.18904105190494,89.67917123337543,88.45040662076752,88.5194320678711,74394800,0.0,0.0,0.0
2006-03-01 00:00:00-05:00,88.77489736527562,89.38927995253303,88.70586135319056,89.30643463134766,48641600,0.0,0.0,0.0
2006-03-02 00:00:00-05:00,88.98195633223786,89.34092452196373,88.78176881365633,89.29950714111328,60642300,0.0,0.0,0.0
2006-03-03 00:00:00-05:00,88.82321174044645,89.78966321636968,88.80940243172027,88.88533782958984,73402500,0.0,0.0,0.0
2006-03-06 00:00:00-05:00,89.14766717206403,89.17527525769309,88.25715630933665,88.47805786132812,57478400,0.0,0.0,0.0
2006-03-07 00:00:00-05:00,88.26402282148187,88.4020842567987,87.94647730688824,88.33995819091797,61780800,0.0,0.0,0.0
2006-03-08 00:00:00-05:00,88.15358204278672,88.664421013129,87.7946190997014,88.52635955810547,66692400,0.0,0.0,0.0
2006-03-09 00:00:00-05:00,88.55397297049868,88.8300958971802,87.93268585205078,87.93268585205078,56313600,0.0,0.0,0.0
2006-03-10 00:00:00-05:00,88.16047427542084,88.94053139315174,87.97409081072625,88.76795196533203,60490800,0.0,0.0,0.0
2006-03-13 00:00:00-05:00,88.9405389120348,89.16144565435705,88.7265420887934,88.93363952636719,45479100,0.0,0.0,0.0
2006-03-14 00:00:00-05:00,88.85078237585587,89.90005753724782,88.78174640292272,89.86553955078125,69877300,0.0,0.0,0.0
2006-03-15 00:00:00-05:00,89.84488155984246,90.3350119640346,89.637794591017,90.26597595214844,53398900,0.0,0.0,0.0
2006-03-16 00:00:00-05:00,90.43853749543857,90.75608834029461,90.32118472526106,90.45234680175781,65526400,0.0,0.0,0.0
2006-03-17 00:00:00-05:00,90.56949042355045,90.72196516772247,90.36157993177476,90.52790832519531,47286800,0.519,0.0,0.0
2006-03-20 00:00:00-05:00,90.5417257050748,90.72191822982026,90.24371377084586,90.38232421875,45538500,0.0,0.0,0.0
2006-03-21 00:00:00-05:00,90.35460646293915,90.78431265011776,89.71698986698117,89.81401824951172,87102700,0.0,0.0,0.0
2006-03-22 00:00:00-05:00,89.75856985077857,90.45163273131202,89.71698776999462,90.36154174804688,51605700,0.0,0.0,0.0
2006-03-23 00:00:00-05:00,90.278340241936,90.36844177378462,89.86250898209796,90.17438507080078,46704200,0.0,0.0,0.0
2006-03-24 00:00:00-05:00,90.09126918030013,90.493247016122,89.91800341875464,90.24374389648438,43209200,0.0,0.0,0.0
2006-03-27 00:00:00-05:00,90.1189644803095,90.29223019846364,89.91798090038277,90.1120376586914,32523000,0.0,0.0,0.0
2006-03-28 00:00:00-05:00,90.04968608039285,90.4655281823987,89.43979772616926,89.5576171875,82079900,0.0,0.0,0.0
2006-03-29 00:00:00-05:00,89.68929992087901,90.44473617538208,89.6061251561778,90.1189956665039,61505700,0.0,0.0,0.0
2006-03-30 00:00:00-05:00,90.17441201038098,90.77737333369407,89.7862984884645,89.95956420898438,70571700,0.0,0.0,0.0
2006-03-31 00:00:00-05:00,90.1120303067891,90.26450497234893,89.66153313116259,89.9803466796875,62925600,0.0,0.0,0.0
2006-04-03 00:00:00-04:00,90.14670596658394,90.70114788469539,89.74472817324194,89.91105651855469,61624700,0.0,0.0,0.0
2006-04-04 00:00:00-04:00,89.91106924819053,90.60413231925563,89.65463929599346,90.48631286621094,54809300,0.0,0.0,0.0
2006-04-05 00:00:00-04:00,90.52095865718542,90.98530959714462,90.36155712861485,90.79817962646484,50607200,0.0,0.0,0.0
2006-04-06 00:00:00-04:00,90.68729534140648,90.93679843770906,90.22987123563477,90.7011489868164,57906200,0.0,0.0,0.0
2006-04-07 00:00:00-04:00,90.83283957142271,91.06847846498124,89.64770770509429,89.77938079833984,80180900,0.0,0.0,0.0
2006-04-10 00:00:00-04:00,89.91801452636719,90.15365345310497,89.58533660888597,89.91801452636719,41496500,0.0,0.0,0.0
2006-04-11 00:00:00-04:00,89.99424297857314,90.13978029966236,88.88533784743132,89.15563201904297,72799400,0.0,0.0,0.0
2006-04-12 00:00:00-04:00,89.24572309823365,89.49522619461199,89.13483048310954,89.32196044921875,43033700,0.0,0.0,0.0
2006-04-13 00:00:00-04:00,89.12098782853501,89.57841204513642,88.92693099275945,89.20416259765625,51051800,0.0,0.0,0.0
2006-04-17 00:00:00-04:00,89.28729879952228,89.61996604580143,88.72591951664464,89.16947937011719,64167700,0.0,0.0,0.0
2006-04-18 00:00:00-04:00,89.35661887875276,90.7496824541241,89.35661887875276,90.58334350585938,92531800,0.0,0.0,0.0
2006-04-19 00:00:00-04:00,90.61801179197383,90.83979708818471,90.26455337335584,90.75662231445312,87269000,0.0,0.0,0.0
2006-04-20 00:00:00-04:00,90.79125371084241,91.3872883185211,90.51403273879278,90.88135528564453,86005500,0.0,0.0,0.0
2006-04-21 00:00:00-04:00,91.26946255589935,91.33876250646138,90.5278801153054,90.89520263671875,72342600,0.0,0.0,0.0
2006-04-24 00:00:00-04:00,90.71504049923826,90.8397973725737,90.36158207951372,90.7289047241211,52546400,0.0,0.0,0.0
2006-04-25 00:00:00-04:00,90.81897283825032,90.87441914849013,90.04274564549765,90.35462188720703,84359800,0.0,0.0,0.0
2006-04-26 00:00:00-04:00,90.44472251820582,90.88828242018722,90.3061120317058,90.37541198730469,67262400,0.0,0.0,0.0
2006-04-27 00:00:00-04:00,90.02885498702511,91.22786126517944,89.81400720750013,90.81201934814453,124478600,0.0,0.0,0.0
2006-04-28 00:00:00-04:00,90.64570840886375,91.31105356616014,90.59027267311635,91.11699676513672,55854400,0.0,0.0,0.0
2006-05-01 00:00:00-04:00,91.11699448179827,91.3457065434093,90.31997625294647,90.37541198730469,64990300,0.0,0.0,0.0
2006-05-02 00:00:00-04:00,90.79817833843632,91.11006514357899,90.61105894571305,91.05461883544922,49063500,0.0,0.0,0.0
2006-05-03 00:00:00-04:00,90.89522709517328,91.01305713590773,90.41008500948915,90.71503448486328,60821300,0.0,0.0,0.0
2006-05-04 00:00:00-04:00,90.84667659195227,91.2209258652347,90.77043925800406,91.04073333740234,42921400,0.0,0.0,0.0
2006-05-05 00:00:00-04:00,91.51897084916705,92.03876809680492,91.38036036485737,91.84471130371094,62588200,0.0,0.0,0.0
2006-05-08 00:00:00-04:00,91.83779618701092,92.01799937810583,91.73384094238281,91.73384094238281,30016700,0.0,0.0,0.0
2006-05-09 00:00:00-04:00,91.77539099530291,92.01796724847509,91.69915365076031,91.91400146484375,29864000,0.0,0.0,0.0
2006-05-10 00:00:00-04:00,91.7684806295948,92.00411952760034,91.40808488391978,91.86550903320312,64378200,0.0,0.0,0.0
2006-05-11 00:00:00-04:00,91.83779919521871,91.86552764489755,90.45861021988787,90.75662231445312,80626900,0.0,0.0,0.0
2006-05-12 00:00:00-04:00,90.34767631142262,90.59717936806324,89.53679402116559,89.57144927978516,91726500,0.0,0.0,0.0
2006-05-15 00:00:00-04:00,89.25957621149736,89.91799450030777,89.13482995170284,89.75165557861328,84029300,0.0,0.0,0.0
2006-05-16 00:00:00-04:00,89.93186376675382,90.09820271734128,89.41206644338453,89.61998748779297,62137600,0.0,0.0,0.0
2006-05-17 00:00:00-04:00,89.17644444591097,89.47446713367196,87.85962325269688,87.91506958007812,144789500,0.0,0.0,0.0
2006-05-18 00:00:00-04:00,88.26154963188117,88.53877581917762,87.40215321014692,87.4714584350586,87906300,0.0,0.0,0.0
2006-05-19 00:00:00-04:00,87.92890870554695,88.35860440095854,87.18733147338521,88.08831024169922,124309400,0.0,0.0,0.0
2006-05-22 00:00:00-04:00,87.51995319493325,88.13677854873838,86.97936515790391,87.4159927368164,110852800,0.0,0.0,0.0
2006-05-23 00:00:00-04:00,88.143752382778,88.45562861712057,86.75069427490234,86.75069427490234,92006500,0.0,0.0,0.0
2006-05-24 00:00:00-04:00,87.10417191878162,87.94277764777232,86.46655512630714,87.44377136230469,168405000,0.0,0.0,0.0
2006-05-25 00:00:00-04:00,87.96353311463676,88.52491760253906,87.62393380847841,88.52491760253906,78977900,0.0,0.0,0.0
2006-05-26 00:00:00-04:00,88.71898523516063,88.97542572021484,88.37245904463673,88.97542572021484,62989700,0.0,0.0,0.0
2006-05-30 00:00:00-04:00,88.69127820331809,88.71206924852399,87.36059843362655,87.39524841308594,72419900,0.0,0.0,0.0
2006-05-31 00:00:00-04:00,87.75561107249308,88.3724365234375,87.46452068639452,88.3724365234375,86926200,0.0,0.0,0.0
2006-06-01 00:00:00-04:00,88.28237582076987,89.36355785294045,88.20613845671772,89.21800994873047,73721700,0.0,0.0,0.0
2006-06-02 00:00:00-04:00,89.57839423187019,89.70314049778882,88.93385070735272,89.4051284790039,91702600,0.0,0.0,0.0
2006-06-05 00:00:00-04:00,89.30115873417868,89.30808555605799,87.85958134809037,88.10215759277344,86105100,0.0,0.0,0.0
2006-06-06 00:00:00-04:00,88.16452478235824,88.28234419818091,87.15958576185913,87.88729858398438,130498600,0.0,0.0,0.0
2006-06-07 00:00:00-04:00,87.95663064152248,88.46949579715185,87.18039815349192,87.22891235351562,108599400,0.0,0.0,0.0
2006-06-08 00:00:00-04:00,87.03488284991276,87.67249976095574,85.84974534536997,87.15270233154297,204957200,0.0,0.0,0.0
2006-06-09 00:00:00-04:00,87.57544527819208,87.99128204048698,86.83386804434325,86.87545013427734,94972200,0.0,0.0,0.0
2006-06-12 00:00:00-04:00,87.24274969217956,87.27740494975451,85.81504191261003,85.932861328125,95815900,0.0,0.0,0.0
2006-06-13 00:00:00-04:00,85.75960148216559,86.52196961211718,84.93486022949219,84.93486022949219,185688800,0.0,0.0,0.0
2006-06-14 00:00:00-04:00,85.1358452896693,85.6833656228516,84.78931383481853,85.59326934814453,163566400,0.0,0.0,0.0
2006-06-15 00:00:00-04:00,85.90515273496781,87.57543702526746,85.84277960594459,87.40910339355469,134057000,0.0,0.0,0.0
2006-06-16 00:00:00-04:00,87.21764555312528,87.40559727587589,86.63985957674733,86.77212524414062,94253500,0.555,0.0,0.0
2006-06-19 00:00:00-04:00,87.29424383352735,87.3499352152039,86.00641117063657,86.0899429321289,95804400,0.0,0.0,0.0
2006-06-20 00:00:00-04:00,86.32662289301967,86.88352073958717,86.12474563116899,86.38230895996094,65494700,0.0,0.0,0.0
2006-06-21 00:00:00-04:00,86.31963909626127,87.50305137881782,86.29179341406902,87.0227279663086,75008200,0.0,0.0,0.0
2006-06-22 00:00:00-04:00,86.98097771396887,87.05755203066514,86.3475055525077,86.63987731933594,74566100,0.0,0.0,0.0
2006-06-23 00:00:00-04:00,86.54935649272396,87.22459963768178,86.34051654505973,86.62593078613281,54107000,0.0,0.0,0.0
2006-06-26 00:00:00-04:00,86.69558769387987,87.05757110674386,86.49371038844723,87.00884246826172,37899600,0.0,0.0,0.0
2006-06-27 00:00:00-04:00,87.02279545551234,87.2177100710004,86.15959457117243,86.2570571899414,69780200,0.0,0.0,0.0
2006-06-28 00:00:00-04:00,86.45193728211827,86.85568654824436,86.07602839763715,86.84176635742188,62368100,0.0,0.0,0.0
2006-06-29 00:00:00-04:00,87.15502680488638,88.65169968975863,87.13414386177566,88.59600830078125,110634800,0.0,0.0,0.0
2006-06-30 00:00:00-04:00,88.7839606575687,88.86749773656241,88.3802060756334,88.60296630859375,54227800,0.0,0.0,0.0
2006-07-03 00:00:00-04:00,88.70739711204133,89.11114643202983,88.62386002289361,88.9649658203125,23914000,0.0,0.0,0.0
2006-07-05 00:00:00-04:00,88.60992049175478,88.72129794195423,88.07390024766386,88.45677185058594,69653400,0.0,0.0,0.0
2006-07-06 00:00:00-04:00,88.54726606867939,88.99974924036111,88.46373430906097,88.71434020996094,50100300,0.0,0.0,0.0
2006-07-07 00:00:00-04:00,88.54031309464045,88.79787644781642,87.91379831079426,88.13655853271484,81626500,0.0,0.0,0.0
2006-07-10 00:00:00-04:00,88.36628878261044,88.70738923873108,87.99734263257868,88.30363464355469,60964100,0.0,0.0,0.0
2006-07-11 00:00:00-04:00,88.13654020384067,88.69344329833984,87.67013691603498,88.69344329833984,73640800,0.0,0.0,0.0
2006-07-12 00:00:00-04:00,88.51246489899634,88.68649648341788,87.51700402366427,87.7467269897461,82561300,0.0,0.0,0.0
2006-07-13 00:00:00-04:00,87.32906048203304,87.48917190138215,86.3196792602539,86.3196792602539,102405700,0.0,0.0,0.0
2006-07-14 00:00:00-04:00,86.41013388162327,86.50063367681909,85.50517310681091,85.9854965209961,103242500,0.0,0.0,0.0
2006-07-17 00:00:00-04:00,85.98550953776464,86.38926402555165,85.72794623188321,85.8602066040039,81159000,0.0,0.0,0.0
2006-07-18 00:00:00-04:00,86.11782608194017,86.3545119015063,85.19893912867566,86.29882049560547,122771000,0.0,0.0,0.0
2006-07-19 00:00:00-04:00,86.44497197233078,87.89291608205893,86.12475448266404,87.49612426757812,133565300,0.0,0.0,0.0
2006-07-20 00:00:00-04:00,87.79542610152994,87.92072901262381,86.77908262755555,86.89742279052734,112259800,0.0,0.0,0.0
2006-07-21 00:00:00-04:00,87.12018269473333,87.14802837612534,86.19433370477664,86.28482818603516,101560000,0.0,0.0,0.0
2006-07-24 00:00:00-04:00,86.62595213765951,87.93466757400161,86.62595213765951,87.85809326171875,92884000,0.0,0.0,0.0
2006-07-25 00:00:00-04:00,87.69802806572709,88.61691493029926,87.51703366953163,88.17139434814453,95480700,0.0,0.0,0.0
2006-07-26 00:00:00-04:00,88.12262922664675,88.72129829302713,87.83722019417559,88.28970336914062,84525800,0.0,0.0,0.0
2006-07-27 00:00:00-04:00,88.67256483831036,88.88836759953523,87.85113560431721,88.20616149902344,87257100,0.0,0.0,0.0
2006-07-28 00:00:00-04:00,88.43588009909205,89.20161791761772,88.31057716071352,89.09024047851562,82137000,0.0,0.0,0.0
2006-07-31 00:00:00-04:00,88.86748784174536,89.07632254944293,88.72129664202808,88.99974822998047,49593100,0.0,0.0,0.0
2006-08-01 00:00:00-04:00,88.64469659037917,88.67254227219347,88.12956475436654,88.56116485595703,65225600,0.0,0.0,0.0
2006-08-02 00:00:00-04:00,88.81181074922404,89.42440540347268,88.79092780619703,89.15987396240234,64770900,0.0,0.0,0.0
2006-08-03 00:00:00-04:00,88.64472010540125,89.4870375984205,88.51245972047421,89.39653778076172,63693800,0.0,0.0,0.0
2006-08-04 00:00:00-04:00,89.85597982902374,90.09961764927459,88.74217886390394,89.2433853149414,96294200,0.0,0.0,0.0
2006-08-07 00:00:00-04:00,89.03455352783203,89.1598564724372,88.68649038293121,89.03455352783203,45377300,0.0,0.0,0.0
2006-08-08 00:00:00-04:00,89.16680402433617,89.42437794599233,88.37322056683884,88.69344329833984,90901300,0.0,0.0,0.0
2006-08-09 00:00:00-04:00,89.22947878412707,89.5218612258539,88.13656583594296,88.39413452148438,78910600,0.0,0.0,0.0
2006-08-10 00:00:00-04:00,88.11564809088983,88.75608286515416,87.90680812444579,88.66558837890625,69322300,0.0,0.0,0.0
2006-08-11 00:00:00-04:00,88.52638599836419,88.54726893894572,87.98340829915439,88.41500854492188,47482200,0.0,0.0,0.0
2006-08-14 00:00:00-04:00,88.8466024990956,89.2155539190465,88.3523534370384,88.484619140625,57839000,0.0,0.0,0.0
2006-08-15 00:00:00-04:00,89.27817801666829,89.70977282713012,89.03453492833967,89.54270935058594,68143000,0.0,0.0,0.0
2006-08-16 00:00:00-04:00,90.02306161645515,90.41984809898621,89.82813647280832,90.28758239746094,71737600,0.0,0.0,0.0
2006-08-17 00:00:00-04:00,90.20404875091928,90.75398386350041,90.14139993215268,90.51730346679688,70992800,0.0,0.0,0.0
2006-08-18 00:00:00-04:00,90.62869006424833,90.97675323486328,90.21101001069239,90.97675323486328,58288400,0.0,0.0,0.0
2006-08-21 00:00:00-04:00,90.62171187803771,90.69132875320078,90.35719112091448,90.5869140625,42133600,0.0,0.0,0.0
2006-08-22 00:00:00-04:00,90.48945923161246,90.85840531135172,90.27365116165038,90.57994842529297,60839900,0.0,0.0,0.0
2006-08-23 00:00:00-04:00,90.62172513128432,90.8027247843616,89.93256682778353,90.32935333251953,66592100,0.0,0.0,0.0
2006-08-24 00:00:00-04:00,90.48945283274392,90.5660271432397,90.07873028260659,90.25276184082031,57983000,0.0,0.0,0.0
2006-08-25 00:00:00-04:00,90.24581842704036,90.67045591995418,90.1831696056379,90.3641586303711,41756000,0.0,0.0,0.0
2006-08-28 00:00:00-04:00,90.25275303195276,91.06722999229639,90.24579559423888,90.79573059082031,52681500,0.0,0.0,0.0
2006-08-29 00:00:00-04:00,90.83755867839521,91.07423915960798,90.36418709392133,90.90020751953125,61817800,0.0,0.0,0.0
2006-08-30 00:00:00-04:00,91.1020827340385,91.22042297878309,90.87932775041597,90.95590209960938,50052200,0.0,0.0,0.0
2006-08-31 00:00:00-04:00,91.0881620724001,91.18561936318727,90.90020493229339,90.94197082519531,37510300,0.0,0.0,0.0
2006-09-01 00:00:00-04:00,91.29000978673375,91.59630708251774,91.08116975578601,91.48492431640625,48794500,0.0,0.0,0.0
2006-09-05 00:00:00-04:00,91.54759090611962,91.78428198555352,91.3317933936761,91.65897369384766,52348300,0.0,0.0,0.0
2006-09-06 00:00:00-04:00,91.26911279790005,91.30392123470791,90.726135174237,90.85143280029297,53795600,0.0,0.0,0.0
2006-09-07 00:00:00-04:00,90.53819919755927,90.8932304648177,90.0439553947369,90.43378448486328,86269400,0.0,0.0,0.0
2006-09-08 00:00:00-04:00,90.55211444360823,90.81664584853748,90.37808286079581,90.69133758544922,45096300,0.0,0.0,0.0
2006-09-11 00:00:00-04:00,90.39899624541772,90.97678256958643,90.13446475139992,90.78186798095703,68496600,0.0,0.0,0.0
2006-09-12 00:00:00-04:00,90.88623320216297,91.77727387104358,90.75396752721242,91.67285919189453,69875600,0.0,0.0,0.0
2006-09-13 00:00:00-04:00,91.6380849860218,92.20194570812022,91.5545532115025,92.04183959960938,62898400,0.0,0.0,0.0
2006-09-14 00:00:00-04:00,91.86080543069481,92.05571989020672,91.71461427504018,92.04875183105469,57805400,0.0,0.0,0.0
2006-09-15 00:00:00-04:00,92.5095791324878,92.56551546275203,92.06908719963454,92.2648696899414,76703100,0.579,0.0,0.0
2006-09-18 00:00:00-04:00,92.14597361884168,92.56549064898263,92.04808773431029,92.39069366455078,64154100,0.0,0.0,0.0
2006-09-19 00:00:00-04:00,92.3767044336054,92.38370314080161,91.64256565374897,92.15995788574219,92089100,0.0,0.0,0.0
2006-09-20 00:00:00-04:00,92.46759091969012,92.83117158012422,92.33474352441077,92.64937591552734,75204100,0.0,0.0,0.0
2006-09-21 00:00:00-04:00,92.7192995077054,92.81718537815232,91.88726427452681,92.20189666748047,88932500,0.0,0.0,0.0
2006-09-22 00:00:00-04:00,92.06209195005502,92.0690799900043,91.59363722313486,91.92225646972656,65966800,0.0,0.0,0.0
2006-09-25 00:00:00-04:00,92.10401182625841,92.88710946734422,91.6285692127062,92.62840270996094,92299100,0.0,0.0,0.0
2006-09-26 00:00:00-04:00,92.64241288765669,93.4115239791347,92.57248981797231,93.39753723144531,73962700,0.0,0.0,0.0
2006-09-27 00:00:00-04:00,93.33458719790369,93.67019436880092,93.18076502191755,93.50938415527344,82432200,0.0,0.0,0.0
2006-09-28 00:00:00-04:00,93.50940306061456,93.68420005332403,93.18777189977395,93.47444152832031,58597500,0.0,0.0,0.0
2006-09-29 00:00:00-04:00,93.55135944974091,93.64924534604152,93.32761416176093,93.39753723144531,47966600,0.0,0.0,0.0
2006-10-02 00:00:00-04:00,93.3695636303884,93.57233413098608,92.95704525850007,93.04794311523438,51687400,0.0,0.0,0.0
2006-10-03 00:00:00-04:00,92.9150865584156,93.60028776444602,92.7472776091022,93.24370574951172,73108100,0.0,0.0,0.0
2006-10-04 00:00:00-04:00,93.15283533246051,94.39040135976485,93.04796137623329,94.33446502685547,80890500,0.0,0.0,0.0
2006-10-05 00:00:00-04:00,94.33445029956033,94.67705628435671,94.21558961147089,94.5162353515625,60505900,0.0,0.0,0.0
2006-10-06 00:00:00-04:00,94.35538930715333,94.46027387599767,93.97083389224187,94.3973388671875,64983600,0.0,0.0,0.0
2006-10-09 00:00:00-04:00,94.28550219098102,94.60013464429254,94.13866802276269,94.45330047607422,41176800,0.0,0.0,0.0
2006-10-10 00:00:00-04:00,94.46032477877174,94.70503423375975,94.27852902897901,94.57918548583984,56403700,0.0,0.0,0.0
2006-10-11 00:00:00-04:00,94.27847096429637,94.69098916454519,93.90091428430348,94.46725463867188,104071800,0.0,0.0,0.0
2006-10-12 00:00:00-04:00,94.70499687198576,95.36223519076589,94.67003534399012,95.28532409667969,59158600,0.0,0.0,0.0
2006-10-13 00:00:00-04:00,95.20141779163896,95.58597323309598,95.11750799701947,95.53003692626953,53944000,0.0,0.0,0.0
2006-10-16 00:00:00-04:00,95.45309960937695,95.82366820511261,95.38317657786743,95.67683410644531,42273000,0.0,0.0,0.0
2006-10-17 00:00:00-04:00,95.418193166924,95.57900342970402,94.85884059827191,95.3762435913086,90500600,0.0,0.0,0.0
2006-10-18 00:00:00-04:00,95.8167152793092,96.04744859102058,95.15948754539521,95.50208282470703,86848600,0.0,0.0,0.0
2006-10-19 00:00:00-04:00,95.36221857942634,95.70482442408753,95.25034597683184,95.65587615966797,64063200,0.0,0.0,0.0
2006-10-20 00:00:00-04:00,95.67683410644531,95.7537451736031,95.32025225076289,95.67683410644531,48094500,0.0,0.0,0.0
2006-10-23 00:00:00-04:00,95.48111457435998,96.34811156236763,95.36225389087517,96.11737823486328,66219900,0.0,0.0,0.0
2006-10-24 00:00:00-04:00,95.98453563257748,96.43900360222223,95.94258605615033,96.404052734375,53234900,0.0,0.0,0.0
2006-10-25 00:00:00-04:00,96.30616090028504,96.77461558946787,96.14533997553744,96.732666015625,78105400,0.0,0.0,0.0
2006-10-26 00:00:00-04:00,96.94939554480196,97.18711686728416,96.47394223107703,97.03329467773438,66843700,0.0,0.0,0.0
2006-10-27 00:00:00-04:00,96.91443243380502,97.01231831021445,96.22923129893893,96.42500305175781,80238000,0.0,0.0,0.0
2006-10-30 00:00:00-05:00,96.25022097898324,96.62777779821029,96.06842527411366,96.35509490966797,49717800,0.0,0.0,0.0
2006-10-31 00:00:00-05:00,96.53686210597859,96.66969882269687,95.9635230041843,96.34107971191406,71274100,0.0,0.0,0.0
2006-11-01 00:00:00-05:00,96.6417374990222,96.704661839823,95.59295581063932,95.69084167480469,83005600,0.0,0.0,0.0
2006-11-02 00:00:00-05:00,95.44611926771142,95.79571315500343,95.34124536902732,95.63490295410156,60693100,0.0,0.0,0.0
2006-11-03 00:00:00-05:00,95.97753219089388,96.06143133028455,94.8238656804653,95.46711730957031,71346400,0.0,0.0,0.0
2006-11-06 00:00:00-05:00,95.76078953173992,96.68371210887777,95.75379082399833,96.54387664794922,63303300,0.0,0.0,0.0
2006-11-07 00:00:00-05:00,96.62775152393765,97.17311715273068,96.48791609812697,96.91442108154297,63318900,0.0,0.0,0.0
2006-11-08 00:00:00-05:00,96.48795048906993,97.22210007219587,95.6908765422151,97.12421417236328,87517800,0.0,0.0,0.0
2006-11-09 00:00:00-05:00,97.19408136177671,97.28497917960868,96.41798256386743,96.61375427246094,95916300,0.0,0.0,0.0
2006-11-10 00:00:00-05:00,96.58581577328363,96.72565121908852,96.29215813646516,96.6557388305664,48991500,0.0,0.0,0.0
2006-11-13 00:00:00-05:00,96.61379678053983,97.21509891256845,96.53689633931873,96.89347839355469,59398200,0.0,0.0,0.0
2006-11-14 00:00:00-05:00,97.16615281561386,97.70453053849948,96.57183877500853,97.62062072753906,96704000,0.0,0.0,0.0
2006-11-15 00:00:00-05:00,97.58565902580882,98.20093711486643,97.55768553567498,97.9002914428711,76509600,0.0,0.0,0.0
2006-11-16 00:00:00-05:00,98.1939652593888,98.36176355280341,97.52973878751062,98.15201568603516,76728800,0.0,0.0,0.0
2006-11-17 00:00:00-05:00,97.83734104606982,98.18693493646886,97.69750562366198,98.17994689941406,56353800,0.0,0.0,0.0
2006-11-20 00:00:00-05:00,98.09606543133611,98.40370981724688,97.84435735820557,98.23590087890625,69174200,0.0,0.0,0.0
2006-11-21 00:00:00-05:00,98.22885874424892,98.35470737712677,98.08901270493367,98.33373260498047,51367900,0.0,0.0,0.0
2006-11-22 00:00:00-05:00,98.41068799305883,98.6973575665427,98.23589103392374,98.52954864501953,45505300,0.0,0.0,0.0
2006-11-24 00:00:00-05:00,98.05411612499724,98.4736224688245,98.02614263415227,98.13102722167969,30998000,0.0,0.0,0.0
2006-11-27 00:00:00-05:00,98.08207558529486,98.13102385821543,96.75362287223365,96.78158569335938,84545100,0.0,0.0,0.0
2006-11-28 00:00:00-05:00,96.65575268429912,97.29900436220782,96.5648548305552,97.20111846923828,106652900,0.0,0.0,0.0
2006-11-29 00:00:00-05:00,97.51571703025019,98.25685434344926,97.24303423258715,98.21490478515625,90034900,0.0,0.0,0.0
2006-11-30 00:00:00-05:00,98.19388111381332,98.62038585869328,97.7184281294579,98.25680541992188,83994300,0.0,0.0,0.0
2006-12-01 00:00:00-05:00,98.25686187006795,98.34775969917135,97.16613059586423,98.04011535644531,126080000,0.0,0.0,0.0
2006-12-04 00:00:00-05:00,98.06108791531712,98.97003417947828,98.04710117221212,98.78823852539062,87813200,0.0,0.0,0.0
2006-12-05 00:00:00-05:00,98.97703088745075,99.25671243025647,98.76727239753644,99.21475219726562,73374400,0.0,0.0,0.0
2006-12-06 00:00:00-05:00,99.19376845687448,99.3336145500277,98.93507238830723,99.13084411621094,53253200,0.0,0.0,0.0
2006-12-07 00:00:00-05:00,99.3056395027092,99.49442319049098,98.66238802560116,98.69734954833984,62857400,0.0,0.0,0.0
2006-12-08 00:00:00-05:00,98.67641343748147,99.21478055734725,98.43169335116936,98.8791732788086,79625500,0.0,0.0,0.0
2006-12-11 00:00:00-05:00,98.87913245776708,99.34758698012156,98.82319615630942,99.16580200195312,39779400,0.0,0.0,0.0
2006-12-12 00:00:00-05:00,99.06795343530858,99.1938021593946,98.50860087892464,99.08892822265625,77451600,0.0,0.0,0.0
2006-12-13 00:00:00-05:00,99.44550999610819,99.52242110575379,98.97705529872592,99.19380187988281,55520200,0.0,0.0,0.0
2006-12-14 00:00:00-05:00,99.18676872237165,100.15165117379101,99.17278198095403,100.06774139404297,64755200,0.0,0.0,0.0
2006-12-15 00:00:00-05:00,100.28783149563836,100.46360237324065,100.00660238275587,100.076904296875,70857400,0.793,0.0,0.0
2006-12-18 00:00:00-05:00,100.217489916442,100.45654639439005,99.66205882400365,99.80267333984375,48954600,0.0,0.0,0.0
2006-12-19 00:00:00-05:00,99.52148897096096,100.23159956796357,99.26837843757905,99.9925537109375,65023600,0.0,0.0,0.0
2006-12-20 00:00:00-05:00,100.03475637037207,100.30193163181318,99.84492075154775,99.93632507324219,41469600,0.0,0.0,0.0
2006-12-21 00:00:00-05:00,100.02772773057136,100.14021297670044,99.35980031628901,99.57071685791016,48698400,0.0,0.0,0.0
2006-12-22 00:00:00-05:00,99.58472046783513,99.59174743884444,98.9027287929309,98.95897674560547,62069100,0.0,0.0,0.0
2006-12-26 00:00:00-05:00,99.00117191100242,99.56364077706034,98.98008026724285,99.54254913330078,32696900,0.0,0.0,0.0
2006-12-27 00:00:00-05:00,99.74641540206828,100.25967388939121,99.71829679299522,100.1963882446289,39727100,0.0,0.0,0.0
2006-12-28 00:00:00-05:00,100.12612633769476,100.3300158374332,99.83083254762369,99.98551177978516,37288800,0.0,0.0,0.0
2006-12-29 00:00:00-05:00,99.88007542322997,100.2175526180304,99.43712922941236,99.57071685791016,45461200,0.0,0.0,0.0
2007-01-03 00:00:00-05:00,100.01360661303443,100.44248788598635,98.8324317336786,99.39488983154297,94807600,0.0,0.0,0.0
2007-01-04 00:00:00-05:00,99.29651454284816,99.87304836468309,98.86060605291893,99.60587310791016,69620600,0.0,0.0,0.0
2007-01-05 00:00:00-05:00,99.36682060980715,99.4160308901408,98.69889324043876,98.8113784790039,76645300,0.0,0.0,0.0
2007-01-08 00:00:00-05:00,99.0082264831377,99.42304318536671,98.60746372700915,99.26836395263672,71655000,0.0,0.0,0.0
2007-01-09 00:00:00-05:00,99.3527236456337,99.55662386017123,98.71291511177127,99.18399047851562,75680100,0.0,0.0,0.0
2007-01-10 00:00:00-05:00,98.83947307818985,99.53552955858771,98.64261056966963,99.5144271850586,72428000,0.0,0.0,0.0
2007-01-11 00:00:00-05:00,99.54259619488211,100.27379855671313,99.48634820886336,99.95038604736328,54476800,0.0,0.0,0.0
2007-01-12 00:00:00-05:00,99.9433019539038,100.70967102050781,99.91518333804926,100.70967102050781,55370600,0.0,0.0,0.0
2007-01-16 00:00:00-05:00,100.59014935821496,100.85028678880417,100.35109284362328,100.51280975341797,44871300,0.0,0.0,0.0
2007-01-17 00:00:00-05:00,100.43548502367322,100.864366399576,100.35110770617878,100.55500793457031,50241400,0.0,0.0,0.0
2007-01-18 00:00:00-05:00,100.66048305073194,100.72375800331089,100.05583069361059,100.21753692626953,68177300,0.0,0.0,0.0
2007-01-19 00:00:00-05:00,100.21754777187232,100.61128366300753,100.1613105156305,100.41442108154297,56973000,0.0,0.0,0.0
2007-01-22 00:00:00-05:00,100.59014788158214,100.61123952547156,99.78862250097858,100.10501861572266,60253600,0.0,0.0,0.0
2007-01-23 00:00:00-05:00,100.02065087772594,100.59718447437893,99.88003632894791,100.40032196044922,54064400,0.0,0.0,0.0
2007-01-24 00:00:00-05:00,100.51981320535666,101.2299234263733,100.4776299268288,101.20883178710938,55834700,0.0,0.0,0.0
2007-01-25 00:00:00-05:00,101.14561378452703,101.18779708679168,99.84490474760698,100.02067565917969,73583800,0.0,0.0,0.0
2007-01-26 00:00:00-05:00,100.23864166625755,100.29487891773789,99.5425849868802,99.92928314208984,67255600,0.0,0.0,0.0
2007-01-29 00:00:00-05:00,99.97144762128671,100.40032899845558,99.65506218230712,99.87301635742188,66114600,0.0,0.0,0.0
2007-01-30 00:00:00-05:00,100.08393232630151,100.44250101980641,99.8800321201933,100.39328002929688,70407600,0.0,0.0,0.0
2007-01-31 00:00:00-05:00,100.28077220106903,101.33539712676536,100.11905532149193,101.06822204589844,91868600,0.0,0.0,0.0
2007-02-01 00:00:00-05:00,101.34950465448766,101.70808418486324,101.18077144320992,101.67292785644531,69312400,0.0,0.0,0.0
2007-02-02 00:00:00-05:00,101.75728199532529,101.91196123884953,101.5112091829577,101.81352996826172,49607000,0.0,0.0,0.0
2007-02-05 00:00:00-05:00,101.7361677088508,101.90491159011238,101.48305725105918,101.84163665771484,45705300,0.0,0.0,0.0
2007-02-06 00:00:00-05:00,101.92603710264599,101.96822040492785,101.47606399796437,101.86978912353516,57081300,0.0,0.0,0.0
2007-02-07 00:00:00-05:00,102.03149428729819,102.20023822285934,101.64480686830359,102.09477996826172,55669700,0.0,0.0,0.0
2007-02-08 00:00:00-05:00,101.79245295634077,102.03149882954054,101.4338841465411,101.96119689941406,70641000,0.0,0.0,0.0
2007-02-09 00:00:00-05:00,101.98932412361083,102.17915973454592,100.81517558228329,101.20187377929688,79084400,0.0,0.0,0.0
2007-02-12 00:00:00-05:00,101.2018298035132,101.27213170901753,100.67451723532334,100.85731506347656,65657000,0.0,0.0,0.0
2007-02-13 00:00:00-05:00,101.08228700543674,101.87676382323134,101.07524930653088,101.7080307006836,64081800,0.0,0.0,0.0
2007-02-14 00:00:00-05:00,101.80648829939763,102.57987367718019,101.79242362614272,102.37598419189453,66039400,0.0,0.0,0.0
2007-02-15 00:00:00-05:00,102.4181934712738,102.6150560339855,102.24944953400446,102.50959777832031,38715200,0.0,0.0,0.0
2007-02-16 00:00:00-05:00,102.25650623807998,102.48148746804063,102.10885392450655,102.46039581298828,39841800,0.0,0.0,0.0
2007-02-20 00:00:00-05:00,102.34083711779701,102.79081014878126,101.9471120567112,102.67831420898438,56911800,0.0,0.0,0.0
2007-02-21 00:00:00-05:00,102.37600903218801,102.69943222631157,102.19321114832987,102.63614654541016,63971600,0.0,0.0,0.0
2007-02-22 00:00:00-05:00,102.68532217435212,102.945459572623,102.06660541284285,102.55876159667969,79067400,0.0,0.0,0.0
2007-02-23 00:00:00-05:00,102.46742434658975,102.50256994972698,101.96823018920948,102.15806579589844,71966200,0.0,0.0,0.0
2007-02-26 00:00:00-05:00,102.5306728380829,102.61503942896296,101.7713413355524,102.06663513183594,69192800,0.0,0.0,0.0
2007-02-27 00:00:00-05:00,101.15964803777928,101.38462915826308,97.72859744273633,98.08013916015625,274466500,0.0,0.0,0.0
2007-02-28 00:00:00-05:00,98.70588044685402,99.8237805047006,98.2910638057464,99.08554077148438,177536300,0.0,0.0,0.0
2007-03-01 00:00:00-05:00,97.96764632820259,99.31053830590403,97.06067338903904,98.79025268554688,212828600,0.0,0.0,0.0
2007-03-02 00:00:00-05:00,98.46684834360302,98.89572971654233,97.48956268765319,97.49658966064453,162574000,0.0,0.0,0.0
2007-03-05 00:00:00-05:00,96.97628324378599,98.13637723126818,96.55443966232035,96.5685043334961,143750400,0.0,0.0,0.0
2007-03-06 00:00:00-05:00,97.57394377691384,98.51607325151156,96.82867685736029,98.22077941894531,143333300,0.0,0.0,0.0
2007-03-07 00:00:00-05:00,98.14343662033312,98.75512664421565,98.00984902054033,98.12234497070312,115144900,0.0,0.0,0.0
2007-03-08 00:00:00-05:00,98.81137053834357,99.24728969249854,98.48093109584295,98.95199584960938,117891600,0.0,0.0,0.0
2007-03-09 00:00:00-05:00,99.35271299257907,99.43005259528294,98.48792341921845,98.9800796508789,107765100,0.0,0.0,0.0
2007-03-12 00:00:00-04:00,98.72696104162289,99.37379642524502,98.54416323588197,99.12772369384766,80366900,0.0,0.0,0.0
2007-03-13 00:00:00-04:00,98.55826315946311,98.97309067587757,97.05366454321208,97.2013168334961,190605200,0.0,0.0,0.0
2007-03-14 00:00:00-04:00,97.32782043356369,97.9816935105467,96.14664558613667,97.92544555664062,231853800,0.0,0.0,0.0
2007-03-15 00:00:00-04:00,97.70752498600433,98.4246732342729,97.58800206599356,98.05906677246094,132435900,0.0,0.0,0.0
2007-03-16 00:00:00-04:00,98.33505670077987,98.56094097989258,97.4950670403068,97.78447723388672,121531600,0.551,0.0,0.0
2007-03-19 00:00:00-04:00,98.2997732930496,99.05506182918008,98.22212690868811,98.96329498291016,96161200,0.0,0.0,0.0
2007-03-20 00:00:00-04:00,98.87857200821506,99.56326885498571,98.79387079690463,99.50679779052734,82147400,0.0,0.0,0.0
2007-03-21 00:00:00-04:00,99.59855831727182,101.39852356830099,99.40091498954507,101.1444091796875,152368700,0.0,0.0,0.0
2007-03-22 00:00:00-04:00,101.2785133306396,101.41968557897934,100.79145991872817,101.0667495727539,118942200,0.0,0.0,0.0
2007-03-23 00:00:00-04:00,101.13732710823568,101.51143836148381,101.04556031265572,101.21497344970703,74416800,0.0,0.0,0.0
2007-03-26 00:00:00-04:00,101.2926812154393,101.39855775858113,100.2973986268773,101.08091735839844,113787500,0.0,0.0,0.0
2007-03-27 00:00:00-04:00,101.02445006259599,101.05269098899643,100.50916624874249,100.84092712402344,99864600,0.0,0.0,0.0
2007-03-28 00:00:00-04:00,100.33268505135048,100.56562419531947,99.71151400076647,100.1068115234375,152907900,0.0,0.0,0.0
2007-03-29 00:00:00-04:00,100.61500323473308,100.66441945112497,99.66208237317277,100.21266174316406,139432700,0.0,0.0,0.0
2007-03-30 00:00:00-04:00,100.40328469764749,100.8268016357283,99.21741357535569,100.23387145996094,128194100,0.0,0.0,0.0
2007-04-02 00:00:00-04:00,100.34678649902344,100.55855029621179,99.86678784067959,100.34678649902344,79416400,0.0,0.0,0.0
2007-04-03 00:00:00-04:00,100.91852906870317,101.63145597034044,100.87617846851224,101.4267578125,82417800,0.0,0.0,0.0
2007-04-04 00:00:00-04:00,101.42676125096739,101.61028411493398,101.05264990892765,101.53970336914062,63995200,0.0,0.0,0.0
2007-04-05 00:00:00-04:00,101.4126425480908,101.95616707679413,101.37029194573142,101.81499481201172,46822800,0.0,0.0,0.0
2007-04-09 00:00:00-04:00,102.10438859917214,102.21027587003115,101.75145257114768,101.95616149902344,50967400,0.0,0.0,0.0
2007-04-10 00:00:00-04:00,101.87852853498434,102.24558506819382,101.83617792937444,102.076171875,56620000,0.0,0.0,0.0
2007-04-11 00:00:00-04:00,102.22439062442174,102.25262076595766,101.32086453398936,101.6596908569336,106365700,0.0,0.0,0.0
2007-04-12 00:00:00-04:00,101.46209470703131,102.2950189038334,101.17973930669037,102.11149597167969,115534400,0.0,0.0,0.0
2007-04-13 00:00:00-04:00,102.28086341085624,102.57733917236328,101.89969721438844,102.57733917236328,84287000,0.0,0.0,0.0
2007-04-16 00:00:00-04:00,102.93739275616068,103.66444060332233,102.93033790830593,103.55149841308594,83064600,0.0,0.0,0.0
2007-04-17 00:00:00-04:00,103.74201998883136,104.04553981189349,103.51613575429413,103.82672119140625,108424100,0.0,0.0,0.0
2007-04-18 00:00:00-04:00,103.48087851970631,104.25733154997128,103.45970321338355,103.95381164550781,88345300,0.0,0.0,0.0
2007-04-19 00:00:00-04:00,103.44556448194793,104.0455493397181,103.31144705175397,103.92555236816406,102947700,0.0,0.0,0.0
2007-04-20 00:00:00-04:00,104.62438605934094,104.90673065185547,103.79145120113824,104.90673065185547,124114100,0.0,0.0,0.0
2007-04-23 00:00:00-04:00,104.73023218550752,104.98434655330314,104.44788767495801,104.51141357421875,77270800,0.0,0.0,0.0
2007-04-24 00:00:00-04:00,104.63143360458302,104.75143058656768,103.98909808581286,104.55378723144531,114471000,0.0,0.0,0.0
2007-04-25 00:00:00-04:00,104.98439728354508,105.64086420538,104.48323391953618,105.51380157470703,108418800,0.0,0.0,0.0
2007-04-26 00:00:00-04:00,105.52085005510715,105.7396687365963,105.24556029924078,105.63378143310547,88741600,0.0,0.0,0.0
2007-04-27 00:00:00-04:00,105.23847915835165,105.69730253094701,105.0620111159891,105.54906463623047,108191100,0.0,0.0,0.0
2007-04-30 00:00:00-04:00,105.62670641488093,105.69729793705967,104.61731442640017,104.67377471923828,100874100,0.0,0.0,0.0
2007-05-01 00:00:00-04:00,104.76558663788569,105.5067548567652,104.23618230593728,104.94205474853516,134342700,0.0,0.0,0.0
2007-05-02 00:00:00-04:00,105.10437165525708,105.8455396573715,104.99849512813597,105.5561294555664,87129800,0.0,0.0,0.0
2007-05-03 00:00:00-04:00,105.85963382259183,106.16315363878236,105.6902206505244,106.12786865234375,86569700,0.0,0.0,0.0
2007-05-04 00:00:00-04:00,106.41023830433318,106.67140758188782,106.036126885388,106.53023529052734,96409000,0.0,0.0,0.0
2007-05-07 00:00:00-04:00,106.50200903280428,106.72788255308477,106.45259280510666,106.5514144897461,63461400,0.0,0.0,0.0
2007-05-08 00:00:00-04:00,106.29019746029206,106.53019133365326,105.97255724310801,106.41019439697266,80584000,0.0,0.0,0.0
2007-05-09 00:00:00-04:00,106.33258182742613,107.87138873811618,106.14199332827893,106.69963836669922,102070100,0.0,0.0,0.0
2007-05-10 00:00:00-04:00,106.39612994926216,106.60083895016786,105.36556241139735,105.58438110351562,153617800,0.0,0.0,0.0
2007-05-11 00:00:00-04:00,105.7043659192328,106.53728997654696,105.68319061409807,106.48788452148438,113408900,0.0,0.0,0.0
2007-05-14 00:00:00-04:00,106.48786767926285,106.79845313312376,105.73257934639624,106.25492858886719,108027500,0.0,0.0,0.0
2007-05-15 00:00:00-04:00,106.37495156886335,107.05259370397553,106.01496057972159,106.28319549560547,180673300,0.0,0.0,0.0
2007-05-16 00:00:00-04:00,106.44552350850321,107.0313986917372,106.1490584948344,107.01022338867188,114166500,0.0,0.0,0.0
2007-05-17 00:00:00-04:00,106.85495588067116,107.26436312118508,106.66436733733123,106.7984848022461,101132800,0.0,0.0,0.0
2007-05-18 00:00:00-04:00,107.29961168941357,107.73019409179689,107.15843942666153,107.73019409179688,99182000,0.0,0.0,0.0
2007-05-21 00:00:00-04:00,107.70196222802802,108.16077476733527,107.64549116967815,107.67372131347656,174664600,0.0,0.0,0.0
2007-05-22 00:00:00-04:00,107.78672424090064,108.11143031691563,107.56085065082168,107.58908081054688,82148800,0.0,0.0,0.0
2007-05-23 00:00:00-04:00,107.96316328829558,108.35139519722516,107.54670122724214,107.6031723022461,133786600,0.0,0.0,0.0
2007-05-24 00:00:00-04:00,107.66666878130872,108.14666740220939,106.40316248221218,106.62903594970703,187593000,0.0,0.0,0.0
2007-05-25 00:00:00-04:00,106.93961305908488,107.30666953226009,106.71372883843785,107.07373046875,83309200,0.0,0.0,0.0
2007-05-29 00:00:00-04:00,107.25022653687327,107.64551325567162,106.90434527254708,107.46199035644531,82020000,0.0,0.0,0.0
2007-05-30 00:00:00-04:00,106.91143347602309,108.37963852154313,106.82672146784334,108.33728790283203,129013600,0.0,0.0,0.0
2007-05-31 00:00:00-04:00,108.4713835331161,108.62667628429064,108.08315165517973,108.22433471679688,114866700,0.0,0.0,0.0
2007-06-01 00:00:00-04:00,108.61963091947344,108.98667675359746,108.35845084929112,108.76080322265625,107771700,0.0,0.0,0.0
2007-06-04 00:00:00-04:00,108.3795668849891,108.97956230883247,108.33721629427083,108.77486419677734,78008800,0.0,0.0,0.0
2007-06-05 00:00:00-04:00,108.52078260356478,108.63371395594845,107.89961169706305,108.34431457519531,126917900,0.0,0.0,0.0
2007-06-06 00:00:00-04:00,107.89958068247543,107.96310656944772,107.11606243089881,107.1795883178711,164096800,0.0,0.0,0.0
2007-06-07 00:00:00-04:00,106.98199944375631,107.64552110041757,105.21731876997897,105.24555969238281,232414600,0.0,0.0,0.0
2007-06-08 00:00:00-04:00,105.58436940493371,106.72082412551545,105.23848813492867,106.61493682861328,175886000,0.0,0.0,0.0
2007-06-11 00:00:00-04:00,106.53730471818564,107.25729750465888,106.37495709943668,106.7984848022461,102015600,0.0,0.0,0.0
2007-06-12 00:00:00-04:00,106.35377416796987,106.96787959934345,105.56320066820103,105.63378143310547,233898000,0.0,0.0,0.0
2007-06-13 00:00:00-04:00,106.23375818983284,107.34198263127684,105.6831787764894,107.21492004394531,193208200,0.0,0.0,0.0
2007-06-14 00:00:00-04:00,107.33492775693702,108.08315058477409,107.31375245205523,107.89962768554688,146396500,0.0,0.0,0.0
2007-06-15 00:00:00-04:00,108.56317582859774,108.93181443045093,108.41429901069505,108.51355743408203,154030800,0.656,0.0,0.0
2007-06-18 00:00:00-04:00,108.73332021465735,108.74040546617374,108.22290085885233,108.38594818115234,88537500,0.0,0.0,0.0
2007-06-19 00:00:00-04:00,108.144915138961,108.73331550467019,108.010219645739,108.65533447265625,110851700,0.0,0.0,0.0
2007-06-20 00:00:00-04:00,108.87511638056793,108.87511638056793,107.01776340557512,107.1453628540039,177119700,0.0,0.0,0.0
2007-06-21 00:00:00-04:00,107.10278795181091,107.83296891231299,106.51438770668467,107.74080657958984,205262000,0.0,0.0,0.0
2007-06-22 00:00:00-04:00,107.41470620102542,107.59193478994474,106.23082052510539,106.72705841064453,204964700,0.0,0.0,0.0
2007-06-25 00:00:00-04:00,106.50727118186627,107.22327061543035,105.6423950097102,106.21661376953125,232014400,0.0,0.0,0.0
2007-06-26 00:00:00-04:00,106.48604902970155,106.66327765008324,105.11783845542298,105.12492370605469,198445700,0.0,0.0,0.0
2007-06-27 00:00:00-04:00,105.01146949029585,106.74122196100349,104.96184030141471,106.62069702148438,213638000,0.0,0.0,0.0
2007-06-28 00:00:00-04:00,106.60655212402344,107.3367330988037,106.10321813484533,106.60655212402344,157705000,0.0,0.0,0.0
2007-06-29 00:00:00-04:00,106.97519660977521,107.50688249912236,105.73459620129853,106.64200592041016,199701800,0.0,0.0,0.0
2007-07-02 00:00:00-04:00,106.95391726688452,107.69827958651243,106.88303231374309,107.60611724853516,103357000,0.0,0.0,0.0
2007-07-03 00:00:00-04:00,107.88259617693986,108.10945399395858,107.74791151740808,107.99602508544922,54048400,0.0,0.0,0.0
2007-07-05 00:00:00-04:00,108.03853036406649,108.15195924332816,107.49267416481958,107.882568359375,89279000,0.0,0.0,0.0
2007-07-06 00:00:00-04:00,108.02437253927668,108.58441011842211,107.7053524267826,108.44971466064453,81109000,0.0,0.0,0.0
2007-07-09 00:00:00-04:00,108.57733843358453,108.71911915841973,108.19451857763596,108.53480529785156,72348100,0.0,0.0,0.0
2007-07-10 00:00:00-04:00,107.96054313835168,108.18740088379786,106.88300129900033,106.98933410644531,180362600,0.0,0.0,0.0
2007-07-11 00:00:00-04:00,106.8688063438973,107.79039688707992,106.70575912090362,107.74786376953125,175607600,0.0,0.0,0.0
2007-07-12 00:00:00-04:00,108.0173451472283,109.70456584104747,107.99607856849792,109.44935607910156,133882500,0.0,0.0,0.0
2007-07-13 00:00:00-04:00,109.5769183206167,110.20785178638504,109.44930808700845,109.7754135131836,111794300,0.0,0.0,0.0
2007-07-16 00:00:00-04:00,109.87463647007583,110.25744545070226,109.5839789971483,109.7612075805664,98378700,0.0,0.0,0.0
2007-07-17 00:00:00-04:00,109.83209768482914,110.22200275010616,109.65486909308274,109.70449829101562,126201300,0.0,0.0,0.0
2007-07-18 00:00:00-04:00,109.33586860691284,109.73995502091921,108.67658338470328,109.50601196289062,237887400,0.0,0.0,0.0
2007-07-19 00:00:00-04:00,110.02357093764317,110.25751411149972,109.70456145226825,109.9314193725586,145212700,0.0,0.0,0.0
2007-07-20 00:00:00-04:00,109.80374994903123,109.87464571523356,108.34338802953496,108.818359375,245502500,0.0,0.0,0.0
2007-07-23 00:00:00-04:00,109.30043917774036,109.68325908903591,108.67660173483766,109.15157318115234,121183900,0.0,0.0,0.0
2007-07-24 00:00:00-04:00,108.54893861430729,109.37128168069985,106.87590067313755,107.25872039794922,256732400,0.0,0.0,0.0
2007-07-25 00:00:00-04:00,107.76915018317672,108.031445001165,106.51436889845955,107.4784927368164,265214500,0.0,0.0,0.0
2007-07-26 00:00:00-04:00,106.47189918461751,106.90433757886579,103.7780211950633,104.93355560302734,467592500,0.0,0.0,0.0
2007-07-27 00:00:00-04:00,105.06822183720365,105.53609718184158,102.82804944170628,102.8705825805664,422987600,0.0,0.0,0.0
2007-07-30 00:00:00-04:00,103.45187048590138,104.78463298443509,102.99816571449043,104.47980499267578,283017500,0.0,0.0,0.0
2007-07-31 00:00:00-04:00,105.15329161421725,105.95436847999663,102.82095679545635,103.30302429199219,316976700,0.0,0.0,0.0
2007-08-01 00:00:00-04:00,102.92026048450967,104.21757605580807,102.0482981821292,103.80640411376953,467670000,0.0,0.0,0.0
2007-08-02 00:00:00-04:00,104.04028395727778,104.749198428874,102.97691224988345,104.63578033447266,294758400,0.0,0.0,0.0
2007-08-03 00:00:00-04:00,104.40890584029069,104.62158231124666,101.51653395994352,101.94188690185547,359398200,0.0,0.0,0.0
2007-08-06 00:00:00-04:00,102.23256919352542,104.08992180176723,101.04158715746318,103.65039825439453,324980000,0.0,0.0,0.0
2007-08-07 00:00:00-04:00,103.45899454227606,105.62827140549274,102.955660435752,104.75630950927734,232568700,0.0,0.0,0.0
2007-08-08 00:00:00-04:00,105.20995692363215,106.75538465662355,104.45141355249034,106.21661376953125,274930600,0.0,0.0,0.0
2007-08-09 00:00:00-04:00,104.5152109092172,105.59276347661459,102.99813501783758,103.06903076171875,357622100,0.0,0.0,0.0
2007-08-10 00:00:00-04:00,102.36020110700476,103.85601167369538,101.45987633877031,102.5870590209961,411018400,0.0,0.0,0.0
2007-08-13 00:00:00-04:00,103.85594399352875,104.13242013529558,102.80675386800003,102.95561981201172,181917200,0.0,0.0,0.0
2007-08-14 00:00:00-04:00,103.2888172441323,103.54402683939117,101.17625553831827,101.3818359375,264134500,0.0,0.0,0.0
2007-08-15 00:00:00-04:00,101.17624928245297,102.40976405279665,99.68752493263038,99.98526763916016,323834000,0.0,0.0,0.0
2007-08-16 00:00:00-04:00,99.09917629611301,101.33226398196655,97.12130913961694,100.73677825927734,546743700,0.0,0.0,0.0
2007-08-17 00:00:00-04:00,103.14709691824353,103.36685876168468,100.23345684064921,102.5870590209961,388218100,0.0,0.0,0.0
2007-08-20 00:00:00-04:00,102.91310782053178,103.12578431568546,101.58034521359941,102.53738403320312,187320400,0.0,0.0,0.0
2007-08-21 00:00:00-04:00,102.5090562857197,103.48026583379122,102.1829508076199,102.74298858642578,157066400,0.0,0.0,0.0
2007-08-22 00:00:00-04:00,103.50863631198197,104.06868500889394,103.02657948559836,103.96234130859375,173156700,0.0,0.0,0.0
2007-08-23 00:00:00-04:00,104.45148261450545,104.67124442668671,103.22506329083573,103.87017822265625,203915300,0.0,0.0,0.0
2007-08-24 00:00:00-04:00,103.84176349721683,105.15325927734375,103.69998280083996,105.15325927734375,128901900,0.0,0.0,0.0
2007-08-27 00:00:00-04:00,104.81305573949165,105.15333180894305,104.01906382119677,104.1750259399414,113024300,0.0,0.0,0.0
2007-08-28 00:00:00-04:00,103.61493822403541,103.67873792817667,101.70087137956583,101.88518524169922,219790700,0.0,0.0,0.0
2007-08-29 00:00:00-04:00,102.3459799968675,104.02611466983176,102.05533328117627,103.88432312011719,207654200,0.0,0.0,0.0
2007-08-30 00:00:00-04:00,103.11164150942308,104.34515698828145,103.01239388357331,103.60787963867188,191817300,0.0,0.0,0.0
2007-08-31 00:00:00-04:00,104.67121050290723,105.27379209090388,104.08990629945782,104.62867736816406,185477500,0.0,0.0,0.0
2007-09-04 00:00:00-04:00,104.52949339889464,106.32304711997445,104.4940454926429,105.68502807617188,120062000,0.0,0.0,0.0
2007-09-05 00:00:00-04:00,105.06116546075509,105.17459441868598,104.21046991063504,104.7705078125,166261800,0.0,0.0,0.0
2007-09-06 00:00:00-04:00,104.88392537642666,105.3518116641774,104.29552489040913,105.01153564453125,127878400,0.0,0.0,0.0
2007-09-07 00:00:00-04:00,103.84175593435863,104.13241337192538,102.97687968712334,103.55110931396484,235447600,0.0,0.0,0.0
2007-09-10 00:00:00-04:00,103.87017661101903,104.01195737630587,102.31765181075744,103.3526611328125,192305900,0.0,0.0,0.0
2007-09-11 00:00:00-04:00,103.6717025835475,104.70671211732692,103.59372152411086,104.55784606933594,162081900,0.0,0.0,0.0
2007-09-12 00:00:00-04:00,104.41602246438424,105.23128071182,104.19626067799358,104.82719421386719,149554600,0.0,0.0,0.0
2007-09-13 00:00:00-04:00,105.30922826894648,105.94724685352038,105.0611039209597,105.56443786621094,154079000,0.0,0.0,0.0
2007-09-14 00:00:00-04:00,104.89098728829454,105.69205326498484,104.73502524316699,105.55735778808594,121911000,0.0,0.0,0.0
2007-09-17 00:00:00-04:00,105.13908507146131,105.3801133533163,104.65702850775129,104.99021911621094,109870800,0.0,0.0,0.0
2007-09-18 00:00:00-04:00,105.50773013309765,108.10944465056163,105.01149222272683,108.08109283447266,263759500,0.0,0.0,0.0
2007-09-19 00:00:00-04:00,108.75458699112555,109.44932024226556,108.25834895459697,108.7191390991211,193779900,0.0,0.0,0.0
2007-09-20 00:00:00-04:00,108.70492342961286,108.76872312475429,107.83296181115647,107.95347595214844,175186800,0.0,0.0,0.0
2007-09-21 00:00:00-04:00,108.77197027068888,109.06399596944247,108.08105979133474,108.24488067626953,141457500,0.719,0.0,0.0
2007-09-24 00:00:00-04:00,108.56536218771254,108.85027977951388,107.8103495893049,108.04540252685547,139450200,0.0,0.0,0.0
2007-09-25 00:00:00-04:00,107.41858848257509,108.02402882021416,107.17641669491714,107.83171081542969,142289900,0.0,0.0,0.0
2007-09-26 00:00:00-04:00,108.4442394237213,108.81462673291087,107.83168039519249,108.40150451660156,135547000,0.0,0.0,0.0
2007-09-27 00:00:00-04:00,108.91437489449409,109.04970938300747,108.40153413196663,109.0425796508789,102713300,0.0,0.0,0.0
2007-09-28 00:00:00-04:00,108.87163164802875,109.11380341500558,108.25194276742029,108.67931365966797,133372100,0.0,0.0,0.0
2007-10-01 00:00:00-04:00,108.69354938529901,110.22494164230254,108.62231728886034,109.9044189453125,148162300,0.0,0.0,0.0
2007-10-02 00:00:00-04:00,110.12523968847809,110.15372601021615,109.55541543727475,109.75485229492188,112978800,0.0,0.0,0.0
2007-10-03 00:00:00-04:00,109.5554708627917,109.98284198453014,108.98564632330681,109.53410339355469,119055900,0.0,0.0,0.0
2007-10-04 00:00:00-04:00,109.76908894056824,109.8759262210726,109.39870158733241,109.70498657226562,76864400,0.0,0.0,0.0
2007-10-05 00:00:00-04:00,110.42437300960921,111.18651510354518,110.13946637492725,111.0084457397461,134579700,0.0,0.0,0.0
2007-10-08 00:00:00-04:00,110.68079076130743,110.75202285257163,110.23918222724477,110.41725158691406,71280400,0.0,0.0,0.0
2007-10-09 00:00:00-04:00,110.83040218074309,111.47144769227873,110.42439871987494,111.45719909667969,94054300,0.0,0.0,0.0
2007-10-10 00:00:00-04:00,111.14376469743397,111.42868218874023,110.69503730992447,111.27198028564453,101711100,0.0,0.0,0.0
2007-10-11 00:00:00-04:00,111.77768901542586,112.19794094843532,110.07534643598592,110.7377700805664,233529100,0.0,0.0,0.0
2007-10-12 00:00:00-04:00,110.73067902968793,111.3646056506559,110.59534454849924,111.35035705566406,124546700,0.0,0.0,0.0
2007-10-15 00:00:00-04:00,111.30760998390423,111.37171235162698,109.64800207463048,110.4101333618164,161151900,0.0,0.0,0.0
2007-10-16 00:00:00-04:00,109.98284198453014,110.06119299456554,109.31329896577283,109.53410339355469,166525700,0.0,0.0,0.0
2007-10-17 00:00:00-04:00,110.38877213159819,110.46712309717559,108.60095938605014,109.86881256103516,216687300,0.0,0.0,0.0
2007-10-18 00:00:00-04:00,109.29902774550024,109.8261172374371,109.03548843378023,109.46997833251953,148367500,0.0,0.0,0.0
2007-10-19 00:00:00-04:00,109.04258623524231,111.4572071094063,106.5994790363263,106.60659790039062,297169900,0.0,0.0,0.0
2007-10-22 00:00:00-04:00,106.02961362735908,107.38293633266996,105.88716032182487,107.22623443603516,261989800,0.0,0.0,0.0
2007-10-23 00:00:00-04:00,107.88158600336995,108.23059512305394,107.01972519800682,108.09526062011719,180085100,0.0,0.0,0.0
2007-10-24 00:00:00-04:00,107.70350585235798,108.0810121290144,106.01540046868345,107.89581298828125,326694200,0.0,0.0,0.0
2007-10-25 00:00:00-04:00,108.01691006439988,108.47276736275305,106.75618634663121,108.1522445678711,237374500,0.0,0.0,0.0
2007-10-26 00:00:00-04:00,109.02117796651368,109.42005157470703,108.19493356754705,109.42005157470703,176484000,0.0,0.0,0.0
2007-10-29 00:00:00-04:00,109.64089149063796,110.00416004149038,109.37023337904515,109.78335571289062,106841000,0.0,0.0,0.0
2007-10-30 00:00:00-04:00,109.29896695581512,109.5126523536179,108.88584475166063,109.02117919921875,132981600,0.0,0.0,0.0
2007-10-31 00:00:00-04:00,109.6765151832064,110.59535948564384,108.86451905489854,110.15373992919922,220954400,0.0,0.0,0.0
2007-11-01 00:00:00-04:00,109.18503035561211,109.27051105962343,107.26188297701182,107.57528686523438,333040800,0.0,0.0,0.0
2007-11-02 00:00:00-04:00,107.9314182564644,108.26618958056797,106.27893996185108,107.69636535644531,331228200,0.0,0.0,0.0
2007-11-05 00:00:00-05:00,106.58525991294083,107.66792531731022,106.10803504479391,106.8772964477539,226841000,0.0,0.0,0.0
2007-11-06 00:00:00-05:00,107.45414167510933,108.34448819871042,106.77035076284903,108.31600189208984,177800500,0.0,0.0,0.0
2007-11-07 00:00:00-05:00,107.15505077113863,107.64652408569067,105.0965688095543,105.35298919677734,306639700,0.0,0.0,0.0
2007-11-08 00:00:00-05:00,105.40999374808241,105.70201938107542,103.33014391155304,104.81880187988281,374509900,0.0,0.0,0.0
2007-11-09 00:00:00-05:00,103.77173689215421,105.08944407847311,103.20191257470785,103.3799819946289,277745100,0.0,0.0,0.0
2007-11-12 00:00:00-05:00,103.42980916806637,104.42699321086559,102.35426330566406,102.35426330566406,243087800,0.0,0.0,0.0
2007-11-13 00:00:00-05:00,103.54379062127511,105.63788849184051,103.43695332930487,105.47406768798828,191117400,0.0,0.0,0.0
2007-11-14 00:00:00-05:00,106.28606986458489,106.41427462237003,104.54811069131368,105.18203735351562,230558800,0.0,0.0,0.0
2007-11-15 00:00:00-05:00,104.3985347844255,105.05382888310004,102.9383635064525,103.66487884521484,263111100,0.0,0.0,0.0
2007-11-16 00:00:00-05:00,104.21332866067613,104.32729567936627,102.97397265502333,103.84294128417969,308770600,0.0,0.0,0.0
2007-11-19 00:00:00-05:00,103.4796525301284,103.53663602234256,101.9909954771867,102.39698791503906,267746000,0.0,0.0,0.0
2007-11-20 00:00:00-05:00,102.58222558329196,103.65776087376962,101.22177272452973,103.02383422851562,414767500,0.0,0.0,0.0
2007-11-21 00:00:00-05:00,101.91266128349771,102.50385288533204,100.90834744658068,100.91546630859375,259012400,0.0,0.0,0.0
2007-11-23 00:00:00-05:00,101.90556333567899,102.81014807911214,101.64201322822363,102.66057586669922,77688400,0.0,0.0,0.0
2007-11-26 00:00:00-05:00,102.87426165052594,103.19479530613573,100.18898258191375,100.39553833007812,214232000,0.0,0.0,0.0
2007-11-27 00:00:00-05:00,100.95826184215576,102.01954883520263,100.39555627954302,101.54945373535156,293897900,0.0,0.0,0.0
2007-11-28 00:00:00-05:00,102.70331112886468,105.0395808384745,102.66769507438711,104.79740905761719,258596900,0.0,0.0,0.0
2007-11-29 00:00:00-05:00,104.43413411120582,105.21764378767169,104.06375759914306,104.8330078125,199409900,0.0,0.0,0.0
2007-11-30 00:00:00-05:00,106.15787281950776,106.74906466592647,104.93988393338293,105.88721466064453,222908000,0.0,0.0,0.0
2007-12-03 00:00:00-05:00,105.55243178286334,105.7376200681363,104.9113753458509,105.18916320800781,146430400,0.0,0.0,0.0
2007-12-04 00:00:00-05:00,104.46261730139243,105.0894140900748,104.21331583724586,104.24893188476562,136533900,0.0,0.0,0.0
2007-12-05 00:00:00-05:00,105.36722601268936,106.27182165819012,105.29600476982351,105.99403381347656,171130000,0.0,0.0,0.0
2007-12-06 00:00:00-05:00,105.865787581421,107.70346447594486,105.8230526787444,107.51114654541016,154457400,0.0,0.0,0.0
2007-12-07 00:00:00-05:00,107.85308007524554,107.91006359126223,107.23340199986738,107.48982238769531,148980100,0.0,0.0,0.0
2007-12-10 00:00:00-05:00,107.7533037609834,108.44421357739235,107.45414861395405,108.32312774658203,123914300,0.0,0.0,0.0
2007-12-11 00:00:00-05:00,108.36592059527747,108.90012882961764,105.29600568089508,105.35298919677734,250346400,0.0,0.0,0.0
2007-12-12 00:00:00-05:00,107.5966725548888,108.10239452720717,104.84728007212664,106.3929214477539,322435600,0.0,0.0,0.0
2007-12-13 00:00:00-05:00,105.64504056412041,106.40717210115916,104.91851421960534,106.172119140625,237551300,0.0,0.0,0.0
2007-12-14 00:00:00-05:00,105.36724730784115,106.2006218789045,104.77606631174815,104.82592010498047,159152900,0.0,0.0,0.0
2007-12-17 00:00:00-05:00,104.42698814829639,104.61217635626957,103.1805027209809,103.33008575439453,177269400,0.0,0.0,0.0
2007-12-18 00:00:00-05:00,104.06376065571615,104.33441875040516,102.5394870418604,103.90705871582031,245569300,0.0,0.0,0.0
2007-12-19 00:00:00-05:00,103.94979363242945,104.62645517189229,103.2375160396278,103.90705871582031,198917200,0.0,0.0,0.0
2007-12-20 00:00:00-05:00,104.59087188958244,104.60512048908113,103.40848810662182,104.56238555908203,214813800,0.0,0.0,0.0
2007-12-21 00:00:00-05:00,105.52546816582857,106.27733128100465,105.32497279193873,106.0696792602539,146084400,0.775,0.0,0.0
2007-12-24 00:00:00-05:00,106.56376245997518,107.03635246116058,106.3202944231589,106.85733795166016,45601400,0.0,0.0,0.0
2007-12-26 00:00:00-05:00,106.44202041263809,107.17955929990677,106.33461607999828,107.08647918701172,67093100,0.0,0.0,0.0
2007-12-27 00:00:00-05:00,106.70691659592146,106.71407323916922,105.48962074725314,105.740234375,122981700,0.0,0.0,0.0
2007-12-28 00:00:00-05:00,106.36326977308944,106.41339908673245,105.18893487748417,105.4753646850586,116398100,0.0,0.0,0.0
2007-12-31 00:00:00-05:00,105.33207689610242,105.6972623371746,104.58737087651717,104.69478607177734,108126800,0.0,0.0,0.0
2008-01-02 00:00:00-05:00,104.9239716386062,105.25336310657494,103.02642242169806,103.77827453613281,204935600,0.0,0.0,0.0
2008-01-03 00:00:00-05:00,103.76396212687229,104.17927705689883,103.16247605973484,103.72815704345703,125133300,0.0,0.0,0.0
2008-01-04 00:00:00-05:00,102.63970770151874,102.71131784171307,100.8996927417647,101.18611145019531,232330900,0.0,0.0,0.0
2008-01-07 00:00:00-05:00,101.54414149011218,101.84488441534458,100.31968893210694,101.10018920898438,234991000,0.0,0.0,0.0
2008-01-08 00:00:00-05:00,101.73750782449424,102.324669621352,99.13105750345709,99.46760559082031,326365700,0.0,0.0,0.0
2008-01-09 00:00:00-05:00,99.5964854455987,100.81378162628053,98.601165454043,100.5130386352539,301824900,0.0,0.0,0.0
2008-01-10 00:00:00-05:00,100.01893016082953,102.2530375223627,99.7969540311845,101.17178344726562,335701200,0.0,0.0,0.0
2008-01-11 00:00:00-05:00,100.80664218236711,101.60862362861872,99.53205984406965,100.35552215576172,267076600,0.0,0.0,0.0
2008-01-14 00:00:00-05:00,101.07873414254718,101.57997247916079,100.53452315464416,101.16465759277344,170365500,0.0,0.0,0.0
2008-01-15 00:00:00-05:00,100.0977315836179,101.31503878557174,98.74438255518642,98.9377212524414,239940100,0.0,0.0,0.0
2008-01-16 00:00:00-05:00,98.35773788984523,99.61799617189048,97.58439385557456,98.08563232421875,378802600,0.0,0.0,0.0
2008-01-17 00:00:00-05:00,98.67991550235273,98.73004478876763,95.18555023119555,95.5435791015625,397892600,0.0,0.0,0.0
2008-01-18 00:00:00-05:00,96.48163214307223,96.68212745347209,93.87518218169913,94.56259155273438,348561500,0.0,0.0,0.0
2008-01-22 00:00:00-05:00,91.08972365201168,94.82754125376977,90.22329425953436,93.60308837890625,435923700,0.0,0.0,0.0
2008-01-23 00:00:00-05:00,91.00376517066226,96.08777891503884,90.82475075608806,95.85147857666016,511913000,0.0,0.0,0.0
2008-01-24 00:00:00-05:00,96.29544806739,96.99719256499267,95.45766176834164,96.66064453125,259949300,0.0,0.0,0.0
2008-01-25 00:00:00-05:00,97.74905735222598,97.92807182238504,94.94927934283227,95.26433563232422,269603900,0.0,0.0,0.0
2008-01-28 00:00:00-05:00,95.42185833604087,97.04015595410415,94.56259116270347,96.83966064453125,217934600,0.0,0.0,0.0
2008-01-29 00:00:00-05:00,97.4555031535631,97.70611691067069,96.58191147480039,97.31945037841797,168968300,0.0,0.0,0.0
2008-01-30 00:00:00-05:00,97.08312046496422,99.20264549172074,96.3813868612844,96.60336303710938,334939200,0.0,0.0,0.0
2008-01-31 00:00:00-05:00,95.52213971329022,99.20267766147947,95.3789302882055,98.3648910522461,343680800,0.0,0.0,0.0
2008-02-01 00:00:00-05:00,98.77304534636792,99.96886093249316,98.47230228813687,99.94738006591797,206843600,0.0,0.0,0.0
2008-02-04 00:00:00-05:00,99.6824232977766,99.74686588535079,98.55820717015972,98.68710327148438,124694300,0.0,0.0,0.0
2008-02-05 00:00:00-05:00,97.3408931126214,97.56286926882498,95.71543894694229,96.04483032226562,286882500,0.0,0.0,0.0
2008-02-06 00:00:00-05:00,96.36706727601434,96.84682472692158,94.81322304440187,95.27149963378906,250792900,0.0,0.0,0.0
2008-02-07 00:00:00-05:00,94.37642322484251,96.51742912213909,94.32629393268527,95.90161895751953,297368100,0.0,0.0,0.0
2008-02-08 00:00:00-05:00,95.30010277481419,96.10925135420607,94.59121274792989,95.2857894897461,221643500,0.0,0.0,0.0
2008-02-11 00:00:00-05:00,95.30730996494155,96.11644795453873,94.54827942008535,95.77274322509766,188576300,0.0,0.0,0.0
2008-02-12 00:00:00-05:00,96.6033585971901,97.60583512780146,95.9374191741467,96.66064453125,256654400,0.0,0.0,0.0
2008-02-13 00:00:00-05:00,97.39100723412716,98.14287003053704,96.76804050981482,97.64878845214844,181967800,0.0,0.0,0.0
2008-02-14 00:00:00-05:00,98.06413304486728,98.09993812722942,96.51744526671021,96.78955078125,215207200,0.0,0.0,0.0
2008-02-15 00:00:00-05:00,96.30979736996467,96.82535998462672,95.88732578817086,96.76807403564453,154110300,0.0,0.0,0.0
2008-02-19 00:00:00-05:00,97.89944374590809,98.02117228620193,96.38856103516639,97.04017639160156,145190000,0.0,0.0,0.0
2008-02-20 00:00:00-05:00,95.94457486192624,97.77768082011188,95.77987372458693,97.3265609741211,220085700,0.0,0.0,0.0
2008-02-21 00:00:00-05:00,97.85647651621257,98.10709022878464,96.00188915323753,96.51744079589844,201051200,0.0,0.0,0.0
2008-02-22 00:00:00-05:00,96.64632976424157,97.27646417432702,95.13544725000546,97.11176300048828,205491000,0.0,0.0,0.0
2008-02-25 00:00:00-05:00,97.05446266652993,98.56534495668475,96.5102627097337,98.33621215820312,190107000,0.0,0.0,0.0
2008-02-26 00:00:00-05:00,97.92091499301742,99.49624014222196,97.74190052319472,99.07376861572266,212420700,0.0,0.0,0.0
2008-02-27 00:00:00-05:00,98.50093274720625,99.63230565258078,98.3935284220222,98.9735336303711,168395800,0.0,0.0,0.0
2008-02-28 00:00:00-05:00,98.27176947582713,98.78733192956643,97.7776878804791,98.00682067871094,170831100,0.0,0.0,0.0
2008-02-29 00:00:00-05:00,97.09745819844022,97.15473321693152,95.07816962205479,95.8228759765625,252715200,0.0,0.0,0.0
2008-03-03 00:00:00-05:00,95.33594583761389,95.8157033067343,94.69149811519571,95.5937271118164,189483500,0.0,0.0,0.0
2008-03-04 00:00:00-05:00,94.68433513389184,95.52212158412149,93.79643031117494,95.22854614257812,282513100,0.0,0.0,0.0
2008-03-05 00:00:00-05:00,95.53643837434292,96.5031208558566,94.76309457436713,95.83002471923828,270681400,0.0,0.0,0.0
2008-03-06 00:00:00-05:00,95.22135667041393,95.3932144640798,93.48134158001531,93.84652709960938,247911700,0.0,0.0,0.0
2008-03-07 00:00:00-05:00,92.92281401022373,94.33344860222827,92.07070356949092,92.87985229492188,326434600,0.0,0.0,0.0
2008-03-10 00:00:00-04:00,92.97296241315598,93.03740500693311,91.36183201166386,91.6554183959961,235683600,0.0,0.0,0.0
2008-03-11 00:00:00-04:00,93.60310250936224,95.03521850745386,92.33567679172134,94.94929504394531,341440600,0.0,0.0,0.0
2008-03-12 00:00:00-04:00,95.04951116839568,95.78704978844081,93.91813859440063,94.06134796142578,229161100,0.0,0.0,0.0
2008-03-13 00:00:00-04:00,92.80825923122131,94.97791366263105,92.08504472947666,94.26901245117188,351504200,0.0,0.0,0.0
2008-03-14 00:00:00-04:00,95.07101910795909,95.09965661905173,91.497885927848,92.80827331542969,484687800,0.0,0.0,0.0
2008-03-17 00:00:00-04:00,90.63145657240453,92.55764878677334,90.273427589269,91.8702392578125,405311100,0.0,0.0,0.0
2008-03-18 00:00:00-04:00,93.53147970513956,95.7297827098379,93.07320308469949,95.68682098388672,334416600,0.0,0.0,0.0
2008-03-19 00:00:00-04:00,96.05200099563046,96.417186571158,93.11615939633965,93.31666564941406,345971600,0.0,0.0,0.0
2008-03-20 00:00:00-04:00,93.58435777273787,95.64242247145894,93.01586534231429,95.04515075683594,245320700,0.642,0.0,0.0
2008-03-24 00:00:00-04:00,95.93022762221594,97.72923424923302,95.87986114639729,96.94486999511719,208977300,0.0,0.0,0.0
2008-03-25 00:00:00-04:00,97.04563659433549,97.54216429621046,96.2612721570127,97.03844451904297,192947200,0.0,0.0,0.0
2008-03-26 00:00:00-04:00,96.7577883191763,97.21113057442588,95.78632023743263,95.85108184814453,196934300,0.0,0.0,0.0
2008-03-27 00:00:00-04:00,96.57071643109167,96.74342509688388,95.24664960082778,95.54888153076172,225153200,0.0,0.0,0.0
2008-03-28 00:00:00-04:00,95.69999179610491,95.96624135033372,94.3111525158908,94.63497161865234,180896100,0.0,0.0,0.0
2008-03-31 00:00:00-04:00,94.47665251573633,95.51288236748178,94.33273414305346,94.96598815917969,166692100,0.0,0.0,0.0
2008-04-01 00:00:00-04:00,96.14613086293055,98.47044484008816,96.0741661905873,98.30493927001953,254547300,0.0,0.0,0.0
2008-04-02 00:00:00-04:00,98.62160882881689,99.06775924517223,97.85162822740662,98.36974334716797,210910800,0.0,0.0,0.0
2008-04-03 00:00:00-04:00,97.83718811038236,98.90219703394423,97.65728743503838,98.61434936523438,175884800,0.0,0.0,0.0
2008-04-04 00:00:00-04:00,98.67193715705672,99.27641188306542,97.9523343225268,98.50643157958984,204446800,0.0,0.0,0.0
2008-04-07 00:00:00-04:00,99.21164638235128,99.71537718678253,98.39850258772759,98.55681610107422,154245500,0.0,0.0,0.0
2008-04-08 00:00:00-04:00,98.00269384170022,98.528000740219,97.82998524014921,98.45604705810547,148937300,0.0,0.0,0.0
2008-04-09 00:00:00-04:00,98.30494933805147,98.44167564134622,97.0672315128032,97.74365997314453,195610600,0.0,0.0,0.0
2008-04-10 00:00:00-04:00,97.44863542593882,98.34813916194136,97.0744387972861,97.88040161132812,192967800,0.0,0.0,0.0
2008-04-11 00:00:00-04:00,96.77940393347177,97.2327463218053,95.71438367009536,95.98064422607422,222973300,0.0,0.0,0.0
2008-04-14 00:00:00-04:00,95.84390308035033,96.09575748372973,95.38335770645912,95.65679931640625,160522000,0.0,0.0,0.0
2008-04-15 00:00:00-04:00,96.12453748493446,96.20369422732227,95.22503403973961,95.87987518310547,172389200,0.0,0.0,0.0
2008-04-16 00:00:00-04:00,96.81536921248474,98.52083554991498,96.80098506029647,98.4776611328125,189268900,0.0,0.0,0.0
2008-04-17 00:00:00-04:00,97.88037676059632,98.76548513762805,97.62131931118856,98.62156677246094,179665700,0.0,0.0,0.0
2008-04-18 00:00:00-04:00,99.98167233425475,100.4278228133554,99.49233643887376,99.65065002441406,218530600,0.0,0.0,0.0
2008-04-21 00:00:00-04:00,99.4706953364194,100.01039745468728,99.1972537297457,99.70097351074219,118587400,0.0,0.0,0.0
2008-04-22 00:00:00-04:00,99.44192464741555,99.52827348011404,98.51363077483214,99.26202392578125,162166000,0.0,0.0,0.0
2008-04-23 00:00:00-04:00,99.36996355320031,99.86649131967506,98.67194784964438,99.10371398925781,193309000,0.0,0.0,0.0
2008-04-24 00:00:00-04:00,99.36276042249108,100.55730375962432,98.61436732779187,99.53546905517578,229381300,0.0,0.0,0.0
2008-04-25 00:00:00-04:00,100.3126441160178,100.66525350484719,99.24044277698336,100.45657348632812,190788100,0.0,0.0,0.0
2008-04-28 00:00:00-04:00,100.65806541259082,100.92431499371858,100.29826393311232,100.47816467285156,105610200,0.0,0.0,0.0
2008-04-29 00:00:00-04:00,100.30543442639775,100.55009674453272,99.74414511760935,100.08235931396484,125514100,0.0,0.0,0.0
2008-04-30 00:00:00-04:00,100.2334844298642,101.16897040823932,99.49229431152344,99.49229431152344,208395900,0.0,0.0,0.0
2008-05-01 00:00:00-04:00,99.57867160149394,101.55037689208984,99.49951482835002,101.55037689208984,187279500,0.0,0.0,0.0
2008-05-02 00:00:00-04:00,102.4282269547981,102.44981415342984,101.14733526141711,101.8309555053711,181585500,0.0,0.0,0.0
2008-05-05 00:00:00-04:00,101.49998067523457,101.90295650044307,101.0394353063866,101.34166717529297,118504500,0.0,0.0,0.0
2008-05-06 00:00:00-04:00,100.7588113356837,102.32754054600996,100.52134103700433,102.2196044921875,179339800,0.0,0.0,0.0
2008-05-07 00:00:00-04:00,102.10448851112727,102.21242458940063,100.11838780899024,100.39903259277344,199267300,0.0,0.0,0.0
2008-05-08 00:00:00-04:00,100.55733232167864,100.97470340068152,100.0104269863027,100.13996124267578,178321200,0.0,0.0,0.0
2008-05-09 00:00:00-04:00,99.73696300442538,100.30544444513994,99.62901598486567,99.95283508300781,152588200,0.0,0.0,0.0
2008-05-12 00:00:00-04:00,100.20466963354465,101.14734735404473,99.83047317875126,101.07539367675781,147865900,0.0,0.0,0.0
2008-05-13 00:00:00-04:00,101.32009143303502,101.38485305935662,100.55011105253739,101.08981323242188,159132200,0.0,0.0,0.0
2008-05-14 00:00:00-04:00,101.51440605713218,102.32755002521765,101.07544776380759,101.29852294921875,181910800,0.0,0.0,0.0
2008-05-15 00:00:00-04:00,101.49275239859598,102.63692895116658,101.3416419918277,102.5649642944336,166927000,0.0,0.0,0.0
2008-05-16 00:00:00-04:00,102.80245718333644,102.8096492584917,101.90295367689548,102.65853881835938,204236800,0.0,0.0,0.0
2008-05-19 00:00:00-04:00,102.76646984906348,103.83868192949124,102.39947638918025,102.93917846679688,165664400,0.0,0.0,0.0
2008-05-20 00:00:00-04:00,102.37794490266839,102.42831141425197,101.46404581271575,102.1044921875,178552100,0.0,0.0,0.0
2008-05-21 00:00:00-04:00,102.04685285542143,102.2699279262343,100.02477110996884,100.37738037109375,252724800,0.0,0.0,0.0
2008-05-22 00:00:00-04:00,100.33421512519386,100.8667251606609,100.02479118557986,100.39178466796875,170820400,0.0,0.0,0.0
2008-05-23 00:00:00-04:00,100.06080071607128,100.49975899129225,98.9598089894183,99.04615783691406,181376400,0.0,0.0,0.0
2008-05-27 00:00:00-04:00,99.16129236812199,100.02481374395828,98.96699648997108,99.7801513671875,168322900,0.0,0.0,0.0
2008-05-28 00:00:00-04:00,100.14713262013754,100.7444043348981,99.30519855868528,100.24068450927734,181288100,0.0,0.0,0.0
2008-05-29 00:00:00-04:00,100.11834147025033,101.41361773111525,100.08235913405578,100.74439239501953,173927200,0.0,0.0,0.0
2008-05-30 00:00:00-04:00,101.08263333035835,101.27692921299251,100.70124462239478,100.99628448486328,117362000,0.0,0.0,0.0
2008-06-02 00:00:00-04:00,100.62207146741882,100.64365867527707,99.30519688672354,99.95283508300781,181069900,0.0,0.0,0.0
2008-06-03 00:00:00-04:00,100.2406889642336,100.47095618892162,98.75110564912342,99.36996459960938,271965700,0.0,0.0,0.0
2008-06-04 00:00:00-04:00,99.08930952666937,100.13993451132917,98.91661187129978,99.31958770751953,246637700,0.0,0.0,0.0
2008-06-05 00:00:00-04:00,99.72257040868836,101.38485133766105,99.53547760906906,101.30569458007812,237867100,0.0,0.0,0.0
2008-06-06 00:00:00-04:00,100.4205656097096,100.60046629658466,98.02428714290187,98.07465362548828,384276300,0.0,0.0,0.0
2008-06-09 00:00:00-04:00,98.48485770441394,98.94540314164428,97.44143564915592,98.31214904785156,228263900,0.0,0.0,0.0
2008-06-10 00:00:00-04:00,97.6285343224263,98.65757228664658,97.39826708011528,97.82283020019531,260234900,0.0,0.0,0.0
2008-06-11 00:00:00-04:00,97.84441433099082,98.0530943558996,96.37641815892265,96.38362121582031,283890100,0.0,0.0,0.0
2008-06-12 00:00:00-04:00,96.85853446395174,97.7724220499224,96.08136217694685,96.7505874633789,252791800,0.0,0.0,0.0
2008-06-13 00:00:00-04:00,97.26874531540312,98.2402138486273,96.72904301478333,97.97395324707031,244726900,0.0,0.0,0.0
2008-06-16 00:00:00-04:00,97.5421770596762,98.53522161309914,97.47741543276649,98.03150177001953,185832500,0.0,0.0,0.0
2008-06-17 00:00:00-04:00,98.63596861364515,98.67193997218362,97.41263497582808,97.55656433105469,191707700,0.0,0.0,0.0
2008-06-18 00:00:00-04:00,96.9232858687889,97.52055740553809,96.21807832310056,96.60665893554688,265893000,0.0,0.0,0.0
2008-06-19 00:00:00-04:00,96.53471569617635,97.31909112948576,96.06697824663321,96.72901153564453,304204900,0.0,0.0,0.0
2008-06-20 00:00:00-04:00,96.07015083354052,96.25095133316786,94.89856712721509,95.15892028808594,289275700,0.669,0.0,0.0
2008-06-23 00:00:00-04:00,95.52777510998548,95.62902297568804,94.97091736621623,95.06492614746094,165096400,0.0,0.0,0.0
2008-06-24 00:00:00-04:00,94.77565185122057,95.78090248196416,94.15369750905757,94.87689971923828,267300600,0.0,0.0,0.0
2008-06-25 00:00:00-04:00,95.26020131114026,96.47517579499267,94.91306732078108,95.32528686523438,287853900,0.0,0.0,0.0
2008-06-26 00:00:00-04:00,94.42852296313797,95.04323825376683,92.62774539018635,92.73622131347656,297775000,0.0,0.0,0.0
2008-06-27 00:00:00-04:00,92.772374472631,93.19183305992014,91.87560531720865,92.22997283935547,303423400,0.0,0.0,0.0
2008-06-30 00:00:00-04:00,92.49030598268205,93.22797513362264,92.06361943892885,92.5553970336914,258842600,0.0,0.0,0.0
2008-07-01 00:00:00-04:00,91.49951904200888,92.90976632083897,91.07283248979661,92.84468078613281,388622000,0.0,0.0,0.0
2008-07-02 00:00:00-04:00,93.14122273392505,93.40881509854401,91.08733077600472,91.25366973876953,288064600,0.0,0.0,0.0
2008-07-03 00:00:00-04:00,91.92624317502985,91.92624317502985,90.39305233970418,91.3476791381836,239352500,0.0,0.0,0.0
2008-07-07 00:00:00-04:00,91.69481256933744,92.09257049033623,89.6192201565205,90.41474151611328,372427300,0.0,0.0,0.0
2008-07-08 00:00:00-04:00,90.39303593270594,92.12872221060935,89.8217055673597,92.0202407836914,375973700,0.0,0.0,0.0
2008-07-09 00:00:00-04:00,92.20823603496474,92.38180293434003,89.95907783615547,90.24835968017578,336729400,0.0,0.0,0.0
2008-07-10 00:00:00-04:00,89.98803025506585,90.9715854730283,89.37330962323774,90.61721801757812,436475700,0.0,0.0,0.0
2008-07-11 00:00:00-04:00,89.65535249355119,91.05113256912885,88.58501110974098,89.56133270263672,481124600,0.0,0.0,0.0
2008-07-14 00:00:00-04:00,90.58829972120769,90.76186668627895,88.51994120232797,88.7513656616211,322720800,0.0,0.0,0.0
2008-07-15 00:00:00-04:00,88.08601871021476,89.30822651728495,86.79871432686704,87.5002212524414,502502500,0.0,0.0,0.0
2008-07-16 00:00:00-04:00,87.83290096963007,90.08929371686332,87.57978131471481,89.64813995361328,371642900,0.0,0.0,0.0
2008-07-17 00:00:00-04:00,90.50152387875058,91.31151233814356,89.74215935321996,90.54491424560547,375490600,0.0,0.0,0.0
2008-07-18 00:00:00-04:00,91.24642108575136,91.42722163740781,90.50875726273485,91.10901641845703,267030100,0.0,0.0,0.0
2008-07-21 00:00:00-04:00,91.49230213628466,91.70203141409036,90.53767555451755,91.15962982177734,222863000,0.0,0.0,0.0
2008-07-22 00:00:00-04:00,90.5087322504971,92.4252186719502,90.29176944142942,92.19379425048828,296904200,0.0,0.0,0.0
2008-07-23 00:00:00-04:00,92.49032197001212,93.40155270090486,92.2444358889252,92.69281768798828,311698400,0.0,0.0,0.0
2008-07-24 00:00:00-04:00,92.81574630600097,92.86637574522227,90.51596913697894,90.76908874511719,248634500,0.0,0.0,0.0
2008-07-25 00:00:00-04:00,91.0439542826241,91.4778746409716,90.52324764556839,90.74744415283203,219131000,0.0,0.0,0.0
2008-07-28 00:00:00-04:00,90.7690843644601,91.16684215302561,89.25758931864972,89.41669464111328,205201300,0.0,0.0,0.0
2008-07-29 00:00:00-04:00,89.66259676990607,91.39827735680839,89.41670519228536,91.32595825195312,261505600,0.0,0.0,0.0
2008-07-30 00:00:00-04:00,91.92619487468579,93.00376968918702,91.32593596742822,92.95314025878906,354710000,0.0,0.0,0.0
2008-07-31 00:00:00-04:00,92.13601065412821,92.98216187398776,91.57914157248402,91.72378540039062,277402100,0.0,0.0,0.0
2008-08-01 00:00:00-04:00,91.93345488716076,92.04916435646464,90.7329367272667,91.23918151855469,248690900,0.0,0.0,0.0
2008-08-04 00:00:00-04:00,91.15240805261976,91.22472717076887,90.22671009808293,90.3930435180664,188239600,0.0,0.0,0.0
2008-08-05 00:00:00-04:00,91.13797222241134,92.97490714584174,90.37861294462905,92.83026885986328,251577600,0.0,0.0,0.0
2008-08-06 00:00:00-04:00,92.58436406337701,93.51006214983296,92.19383414860418,93.24246978759766,209555400,0.0,0.0,0.0
2008-08-07 00:00:00-04:00,92.5409445454294,92.88808399801948,91.51399883780846,91.8539047241211,246312500,0.0,0.0,0.0
2008-08-08 00:00:00-04:00,91.54293211463676,93.96565276598234,91.39828836990327,93.56066131591797,260811700,0.0,0.0,0.0
2008-08-11 00:00:00-04:00,93.63298758778893,95.10831518675943,93.45941509106729,94.5297622680664,249425800,0.0,0.0,0.0
2008-08-12 00:00:00-04:00,94.21879937651917,94.52254303317518,93.09783354957008,93.54622650146484,213200800,0.0,0.0,0.0
2008-08-13 00:00:00-04:00,93.14122632352355,93.76318078942032,92.33124321824116,92.98213195800781,256393200,0.0,0.0,0.0
2008-08-14 00:00:00-04:00,92.45419758141308,94.21881330637491,92.38911201004814,93.68363952636719,239555300,0.0,0.0,0.0
2008-08-15 00:00:00-04:00,93.96565632055463,94.37788687044306,93.51004643959189,94.13922882080078,181000800,0.0,0.0,0.0
2008-08-18 00:00:00-04:00,94.3272563227084,94.36341863923785,92.32399420221431,92.8519287109375,172275100,0.0,0.0,0.0
2008-08-19 00:00:00-04:00,92.15041653698385,92.34568420714227,91.50676706553257,91.83943939208984,194673700,0.0,0.0,0.0
2008-08-20 00:00:00-04:00,92.12871837049757,92.53370979534282,91.36935393131837,92.26612854003906,225498200,0.0,0.0,0.0
2008-08-21 00:00:00-04:00,91.66585237706974,92.8880655077272,91.55737097487999,92.42521667480469,180609800,0.0,0.0,0.0
2008-08-22 00:00:00-04:00,93.05442564025373,93.7631607055664,92.425243258255,93.7631607055664,167715300,0.0,0.0,0.0
2008-08-25 00:00:00-04:00,93.14842641748194,93.76314153999425,91.66586000523162,91.86112213134766,171936900,0.0,0.0,0.0
2008-08-26 00:00:00-04:00,91.86115917947217,92.47588558509464,91.54295390051968,92.12874603271484,159117200,0.0,0.0,0.0
2008-08-27 00:00:00-04:00,92.2444377789595,93.17013566158582,92.0636372388342,93.02549743652344,171032800,0.0,0.0,0.0
2008-08-28 00:00:00-04:00,93.49559266871437,94.26218534278534,93.37264960166443,94.1537094116211,167537100,0.0,0.0,0.0
2008-08-29 00:00:00-04:00,93.8210089705032,94.11752449141244,92.93870149157593,93.14119720458984,189195800,0.0,0.0,0.0
2008-09-02 00:00:00-04:00,94.03796255760743,94.52974569450137,92.22272385021512,92.56262969970703,252364900,0.0,0.0,0.0
2008-09-03 00:00:00-04:00,92.48307800292969,92.93146526916138,91.79603824883336,92.48307800292969,251947000,0.0,0.0,0.0
2008-09-04 00:00:00-04:00,91.82500829507093,92.01304246130361,89.6481675573355,89.69879150390625,340042500,0.0,0.0,0.0
2008-09-05 00:00:00-04:00,89.16358805228315,90.36410067561278,88.23065667613729,89.98080444335938,289503400,0.0,0.0,0.0
2008-09-08 00:00:00-04:00,92.59879833827671,92.74344759628386,89.98081008914505,91.83943939208984,364075300,0.0,0.0,0.0
2008-09-09 00:00:00-04:00,91.91898288800306,92.10701697295923,88.80921726729632,89.11296081542969,377326800,0.0,0.0,0.0
2008-09-10 00:00:00-04:00,89.59752190965949,90.32795769120388,88.6284335907112,89.47457885742188,298916600,0.0,0.0,0.0
2008-09-11 00:00:00-04:00,88.31743429361855,90.93542212292505,87.94136614644718,90.76908874511719,375369400,0.0,0.0,0.0
2008-09-12 00:00:00-04:00,89.88683747111865,91.27538491729759,89.55416499032144,91.1885986328125,297851200,0.0,0.0,0.0
2008-09-15 00:00:00-04:00,87.96310521285598,90.87038192715085,86.70473459198018,86.84937286376953,483607000,0.0,0.0,0.0
2008-09-16 00:00:00-04:00,84.75930163975764,88.46209915250488,84.61466339654525,88.30299377441406,581744300,0.0,0.0,0.0
2008-09-17 00:00:00-04:00,86.52392857702469,88.12220510590895,83.89147246855697,84.33262634277344,624095600,0.0,0.0,0.0
2008-09-18 00:00:00-04:00,85.37400368055843,88.07877778587334,82.30039498710258,86.83486938476562,776114700,0.0,0.0,0.0
2008-09-19 00:00:00-04:00,92.16008948290121,93.10569643210253,89.70879462072521,90.28343200683594,501087800,0.691,0.0,0.0
2008-09-22 00:00:00-04:00,90.52347021575203,90.74168892195037,87.54845478180584,88.23947143554688,249966500,0.0,0.0,0.0
2008-09-23 00:00:00-04:00,87.90489318356376,88.75593633925008,86.0355050866852,86.23190307617188,327470400,0.0,0.0,0.0
2008-09-24 00:00:00-04:00,86.81379491448165,87.28659843256453,85.6790709107087,86.50829315185547,311818400,0.0,0.0,0.0
2008-09-25 00:00:00-04:00,86.85016724298717,88.67591349529876,86.15187511590128,87.86123657226562,328253000,0.0,0.0,0.0
2008-09-26 00:00:00-04:00,86.43557726090502,88.37770323466762,86.2028131616099,87.90489959716797,285917400,0.0,0.0,0.0
2008-09-29 00:00:00-04:00,86.66102866945975,86.80650408791041,80.71826847829325,81.01649475097656,459562300,0.0,0.0,0.0
2008-09-30 00:00:00-04:00,82.56585384947239,84.95896220683149,80.39823410663934,84.3697738647461,328154400,0.0,0.0,0.0
2008-10-01 00:00:00-04:00,83.84601707830812,84.87891231459041,82.88586508577963,84.420654296875,332783000,0.0,0.0,0.0
2008-10-02 00:00:00-04:00,83.61325451671819,83.7296392690343,80.78371543301553,81.35835266113281,365337800,0.0,0.0,0.0
2008-10-03 00:00:00-04:00,82.09303110176653,83.97696383940657,79.77993644870413,80.260009765625,461798000,0.0,0.0,0.0
2008-10-06 00:00:00-04:00,77.93964206500851,78.28151538642766,73.20434361316762,76.17208862304688,610637500,0.0,0.0,0.0
2008-10-07 00:00:00-04:00,77.7141550245159,78.0705792491872,72.48423747866535,72.7606430053711,540012100,0.0,0.0,0.0
2008-10-08 00:00:00-04:00,70.93491271043621,74.32454524100238,70.41846762414387,70.92764282226562,725414800,0.0,0.0,0.0
2008-10-09 00:00:00-04:00,72.49153397331493,73.18982620379033,65.64680614776127,65.97412872314453,534485200,0.0,0.0,0.0
2008-10-10 00:00:00-04:00,63.10820167883573,68.33084916795924,60.79510698477753,64.37385559082031,871026300,0.0,0.0,0.0
2008-10-13 00:00:00-04:00,68.27993392270396,73.72079467773438,65.42856789462523,73.72079467773438,455584000,0.0,0.0,0.0
2008-10-14 00:00:00-04:00,76.15753083510354,76.76126428194392,70.63665789346462,72.62969970703125,546268300,0.0,0.0,0.0
2008-10-15 00:00:00-04:00,70.89127116400309,71.13858610005965,65.25401119394266,65.47949981689453,484627500,0.0,0.0,0.0
2008-10-16 00:00:00-04:00,66.40328663090862,68.93459511434199,62.94819178663673,68.20720672607422,708811200,0.0,0.0,0.0
2008-10-17 00:00:00-04:00,66.91248118831845,71.71324522786728,66.66517170803239,67.79989624023438,476649000,0.0,0.0,0.0
2008-10-20 00:00:00-04:00,69.35645261987261,72.0841579317412,68.43994208121617,71.87321472167969,321294200,0.0,0.0,0.0
2008-10-21 00:00:00-04:00,70.53484130257708,71.74957837939793,69.2619118323735,69.7274398803711,356502000,0.0,0.0,0.0
2008-10-22 00:00:00-04:00,67.79257770575533,69.72743297255633,63.66828796277198,65.93046569824219,516168000,0.0,0.0,0.0
2008-10-23 00:00:00-04:00,65.67590702451044,67.2470632674992,62.41720416753809,66.69425201416016,634666400,0.0,0.0,0.0
2008-10-24 00:00:00-04:00,61.14422915901342,65.40672298006712,61.100587657964354,63.31184768676758,545812600,0.0,0.0,0.0
2008-10-27 00:00:00-04:00,62.53356682979773,65.10852182206735,60.88239244500921,61.064239501953125,397288600,0.0,0.0,0.0
2008-10-28 00:00:00-04:00,63.53007698511672,68.54905622162417,61.486118103611666,68.19991302490234,639939500,0.0,0.0,0.0
2008-10-29 00:00:00-04:00,68.20722423810193,70.68034650308667,66.99248664970195,67.70532989501953,531270100,0.0,0.0,0.0
2008-10-30 00:00:00-04:00,69.66925555907139,70.22207226119403,67.5743791003637,70.04750061035156,414582100,0.0,0.0,0.0
2008-10-31 00:00:00-04:00,69.16004687030268,71.69862923449361,68.72361521492621,70.43297576904297,411394000,0.0,0.0,0.0
2008-11-03 00:00:00-05:00,70.39663352069901,71.05855948796521,69.79289994496801,70.63667297363281,205419400,0.0,0.0,0.0
2008-11-04 00:00:00-05:00,72.05507740390445,73.36437845799499,70.34571614683703,73.03705596923828,346793400,0.0,0.0,0.0
2008-11-05 00:00:00-05:00,72.15690260811331,73.25526027377809,69.10187458319507,69.96746826171875,387844100,0.0,0.0,0.0
2008-11-06 00:00:00-05:00,68.70912038347635,69.42196358991704,65.50860971801744,66.09052276611328,477721900,0.0,0.0,0.0
2008-11-07 00:00:00-05:00,66.66510219003499,68.37446264628629,65.82860499456287,68.27262878417969,380391000,0.0,0.0,0.0
2008-11-10 00:00:00-05:00,69.25463858838349,69.48740261975146,66.13414215097585,67.37797546386719,301773000,0.0,0.0,0.0
2008-11-11 00:00:00-05:00,66.01775627150265,67.02155001530119,64.48296668635228,65.29763793945312,418498200,0.0,0.0,0.0
2008-11-12 00:00:00-05:00,64.17743054817282,64.70114512307094,61.915253957652176,62.42442321777344,454330600,0.0,0.0,0.0
2008-11-13 00:00:00-05:00,62.649934705055344,66.72331248191627,59.711286131534024,66.31597137451172,753141900,0.0,0.0,0.0
2008-11-14 00:00:00-05:00,65.03575287359993,66.96332631179835,62.93359679938986,63.00634002685547,540352300,0.0,0.0,0.0
2008-11-17 00:00:00-05:00,62.83178882554345,64.4174952757599,61.94437990988057,62.16986846923828,415254900,0.0,0.0,0.0
2008-11-18 00:00:00-05:00,61.93711329477118,63.442806815862944,60.307765097681916,63.340972900390625,523811800,0.0,0.0,0.0
2008-11-19 00:00:00-05:00,62.48991945750463,63.18821142480474,58.86024854529329,59.282135009765625,558327600,0.0,0.0,0.0
2008-11-20 00:00:00-05:00,58.28564467402232,60.016833038890645,54.59051492070853,54.881465911865234,814180400,0.0,0.0,0.0
2008-11-21 00:00:00-05:00,56.34350815722279,58.84572617825414,54.074054216087376,57.84192657470703,718536500,0.0,0.0,0.0
2008-11-24 00:00:00-05:00,59.58763771008375,63.275495519630745,58.452913937771235,61.849815368652344,523305300,0.0,0.0,0.0
2008-11-25 00:00:00-05:00,63.50101057616423,63.653761476713186,60.96969646105805,62.3080940246582,454112400,0.0,0.0,0.0
2008-11-26 00:00:00-05:00,61.318841670325234,64.87577034751331,61.275194594542896,64.71574401855469,370134200,0.0,0.0,0.0
2008-11-28 00:00:00-05:00,64.46842449050581,65.55950696520406,64.35932068266195,65.53041076660156,118308100,0.0,0.0,0.0
2008-12-01 00:00:00-05:00,63.65376304093504,63.68285924406887,59.54401730296391,59.72586441040039,369927100,0.0,0.0,0.0
2008-12-02 00:00:00-05:00,60.715088237651074,62.18440982181222,59.67492298739491,62.024383544921875,469508400,0.0,0.0,0.0
2008-12-03 00:00:00-05:00,60.664158638904794,63.88648761212657,60.47503621024578,63.51551818847656,519863500,0.0,0.0,0.0
2008-12-04 00:00:00-05:00,62.59903378553449,64.04654046266589,60.91149319293975,62.04622268676758,444173800,0.0,0.0,0.0
2008-12-05 00:00:00-05:00,60.846026837876664,64.3156662696322,59.82040676493896,63.95924758911133,471905300,0.0,0.0,0.0
2008-12-08 00:00:00-05:00,65.71228837800611,67.19616189900054,64.0683940146451,66.19236755371094,412859300,0.0,0.0,0.0
2008-12-09 00:00:00-05:00,65.73409489010052,67.0142945404517,64.72302540908528,65.10126495361328,370790000,0.0,0.0,0.0
2008-12-10 00:00:00-05:00,65.69771854588883,66.45420313032908,64.73756610208639,65.54496765136719,396187400,0.0,0.0,0.0
2008-12-11 00:00:00-05:00,65.13032672928723,66.19231261742536,63.551895991066694,63.96650695800781,365061000,0.0,0.0,0.0
2008-12-12 00:00:00-05:00,62.228066239685006,64.78847040630653,61.973475915700014,64.73027801513672,415060400,0.0,0.0,0.0
2008-12-15 00:00:00-05:00,64.75210793393875,64.8466719703492,62.76634086277621,63.82832717895508,256694200,0.0,0.0,0.0
2008-12-16 00:00:00-05:00,66.83241271972656,66.93424660380568,64.14107912701193,66.83241271972656,377699500,0.0,0.0,0.0
2008-12-17 00:00:00-05:00,66.07594162411908,67.2324917513743,65.50857971432774,66.18505096435547,281819800,0.0,0.0,0.0
2008-12-18 00:00:00-05:00,66.48330695412199,66.67969939830027,64.16293596992281,64.94851684570312,374673300,0.0,0.0,0.0
2008-12-19 00:00:00-05:00,65.33641460564672,66.45102325939106,64.59578700233078,64.66912078857422,301451300,0.719,0.0,0.0
2008-12-22 00:00:00-05:00,64.95511636200399,65.02111006802116,62.689237347496054,63.84050750732422,243759500,0.0,0.0,0.0
2008-12-23 00:00:00-05:00,64.1851345496369,64.47845286469062,62.91654080930824,63.18052673339844,221625200,0.0,0.0,0.0
2008-12-24 00:00:00-05:00,63.393191318647816,63.701178697120945,63.0632116351343,63.54718780517578,62061600,0.0,0.0,0.0
2008-12-26 00:00:00-05:00,63.97247754546832,64.01647892826507,63.429842310680556,63.913818359375,74767700,0.0,0.0,0.0
2008-12-29 00:00:00-05:00,63.97246639638232,64.03846566178443,62.76986657504575,63.73048400878906,127795900,0.0,0.0,0.0
2008-12-30 00:00:00-05:00,64.17047409414577,65.29974602241023,63.708495908511985,65.24108123779297,168256300,0.0,0.0,0.0
2008-12-31 00:00:00-05:00,65.32173118958644,66.70765428726715,65.16774035590866,66.17234802246094,193987200,0.0,0.0,0.0
2009-01-02 00:00:00-05:00,66.31901259198182,68.51889132268889,65.88636686576068,68.16690826416016,227566300,0.0,0.0,0.0
2009-01-05 00:00:00-05:00,67.92493256995128,68.68022910381143,67.38229728452707,68.08625793457031,240349700,0.0,0.0,0.0
2009-01-06 00:00:00-05:00,68.66557494443256,69.25954064741157,67.96161414230626,68.5409164428711,328260900,0.0,0.0,0.0
2009-01-07 00:00:00-05:00,67.46296735406668,67.65362513263737,66.14303749408889,66.48768615722656,280899200,0.0,0.0,0.0
2009-01-08 00:00:00-05:00,66.11372945603543,66.79568688355643,65.75441169548574,66.75902557373047,263834400,0.0,0.0,0.0
2009-01-09 00:00:00-05:00,66.84701635408314,66.96434036665251,62.593913202709096,65.32909393310547,330953600,0.0,0.0,0.0
2009-01-12 00:00:00-05:00,65.14572275466305,65.19705861601321,63.36382681051847,63.75979995727539,277858500,0.0,0.0,0.0
2009-01-13 00:00:00-05:00,63.598532557305425,64.44181540563264,63.209882395492116,63.87718200683594,356432300,0.0,0.0,0.0
2009-01-14 00:00:00-05:00,62.72589055378919,62.879881428795564,60.980655042468136,61.86793899536133,435491600,0.0,0.0,0.0
2009-01-15 00:00:00-05:00,61.6846095788832,62.51322866027202,59.92470524841669,61.889930725097656,532647300,0.0,0.0,0.0
2009-01-16 00:00:00-05:00,62.96054571160141,63.055871800094565,60.89999390075038,62.37390899658203,399237200,0.0,0.0,0.0
2009-01-20 00:00:00-05:00,61.76525621071416,62.373884994708234,58.70009202312669,59.08140182495117,419855200,0.0,0.0,0.0
2009-01-21 00:00:00-05:00,60.08601436474187,61.77258446322073,59.00807304387705,61.633262634277344,364360700,0.0,0.0,0.0
2009-01-22 00:00:00-05:00,60.438031251732895,61.6259683883623,59.521414644804466,60.68001937866211,427940300,0.0,0.0,0.0
2009-01-23 00:00:00-05:00,59.32341546526257,61.589288556503334,59.08142738913513,60.943992614746094,386800600,0.0,0.0,0.0
2009-01-26 00:00:00-05:00,61.29595065066063,62.59388221292156,60.72398308542597,61.3619499206543,317978800,0.0,0.0,0.0
2009-01-27 00:00:00-05:00,61.69189991063883,62.43986144088276,61.08327134904514,61.9852180480957,273789700,0.0,0.0,0.0
2009-01-28 00:00:00-05:00,63.3565077204945,64.4931083594919,63.11451972063629,64.08246612548828,330007000,0.0,0.0,0.0
2009-01-29 00:00:00-05:00,63.14389393048496,64.15583678934622,61.941293224736356,61.99995803833008,294392500,0.0,0.0,0.0
2009-01-30 00:00:00-05:00,62.315255586554855,62.62323737297328,60.284030387736735,60.73867416381836,383383600,0.0,0.0,0.0
2009-02-02 00:00:00-05:00,59.81469721363459,60.995299143047816,59.6240395072265,60.55532455444336,288233300,0.0,0.0,0.0
2009-02-03 00:00:00-05:00,60.93669460699092,61.86064607256818,60.29139827881805,61.406002044677734,278385800,0.0,0.0,0.0
2009-02-04 00:00:00-05:00,61.81662295081966,62.60124650121064,60.8926718932525,61.10532760620117,322989300,0.0,0.0,0.0
2009-02-05 00:00:00-05:00,60.6433349695886,62.542566940043656,56.99887309200153,62.01459503173828,417679400,0.0,0.0,0.0
2009-02-06 00:00:00-05:00,62.22726893584407,64.04583315912187,62.09527592007522,63.78185272216797,366101700,0.0,0.0,0.0
2009-02-09 00:00:00-05:00,63.767162876506134,64.33913055965415,63.29785577266253,63.86982345581055,240075200,0.0,0.0,0.0
2009-02-10 00:00:00-05:00,63.26119600141546,63.81850034791371,60.460016462491204,60.943992614746094,536212800,0.0,0.0,0.0
2009-02-11 00:00:00-05:00,61.19331529538268,61.633295691000406,60.42336079221792,61.30331039428711,324442500,0.0,0.0,0.0
2009-02-12 00:00:00-05:00,60.25469451751028,61.464629288238235,59.43340980105594,61.34730529785156,469302200,0.0,0.0,0.0
2009-02-13 00:00:00-05:00,61.26663046176101,61.77259881153912,60.6726593461185,60.68732833862305,293998400,0.0,0.0,0.0
2009-02-17 00:00:00-05:00,58.78077755913219,60.83399488160497,58.0548133623079,58.09148025512695,478910100,0.0,0.0,0.0
2009-02-18 00:00:00-05:00,58.509441163905656,58.61943621782475,57.40216731839357,57.9521369934082,362964800,0.0,0.0,0.0
2009-02-19 00:00:00-05:00,58.54609384488608,58.77341841478651,57.21150118684165,57.32883071899414,316867500,0.0,0.0,0.0
2009-02-20 00:00:00-05:00,56.26557702047204,57.446173659456434,55.56161078384886,56.77154541015625,477176600,0.0,0.0,0.0
2009-02-23 00:00:00-05:00,57.394847121271084,57.394847121271084,54.69632835315375,54.74032974243164,379641400,0.0,0.0,0.0
2009-02-24 00:00:00-05:00,55.20963808114101,57.160194814806424,54.776992243657254,56.8155517578125,426260900,0.0,0.0,0.0
2009-02-25 00:00:00-05:00,56.56621171152632,57.504825692769344,55.458937908069025,56.36822509765625,461985800,0.0,0.0,0.0
2009-02-26 00:00:00-05:00,57.064860542798336,58.42145146215208,55.385618915968315,55.45161819458008,363353900,0.0,0.0,0.0
2009-02-27 00:00:00-05:00,54.27104808711146,55.50298126799058,54.124386044992,54.21238327026367,470510900,0.0,0.0,0.0
2009-03-02 00:00:00-05:00,53.17842574042986,54.205037442397696,51.60184967783977,51.770503997802734,426452600,0.0,0.0,0.0
2009-03-03 00:00:00-05:00,52.511115530347176,52.577109219161635,51.06652733297865,51.38184356689453,443761000,0.0,0.0,0.0
2009-03-04 00:00:00-05:00,52.23247451190047,53.4350748528003,51.38185175660979,52.59912109375,462753100,0.0,0.0,0.0
2009-03-05 00:00:00-05:00,51.40383519664525,52.59910629778162,49.988579565029845,50.450557708740234,485549400,0.0,0.0,0.0
2009-03-06 00:00:00-05:00,50.890545949802366,51.66050040389463,49.20396945964883,50.5385627746582,490470000,0.0,0.0,0.0
2009-03-09 00:00:00-04:00,49.8272581397008,51.330511058533396,49.66593837582263,49.94458770751953,379905300,0.0,0.0,0.0
2009-03-10 00:00:00-04:00,50.97120018963987,53.06841870744421,50.868539612789185,52.921756744384766,406227900,0.0,0.0,0.0
2009-03-11 00:00:00-04:00,53.53037762562401,54.080347258763986,52.67242634062496,53.26639175415039,356648300,0.0,0.0,0.0
2009-03-12 00:00:00-04:00,53.25173529122481,55.546940178271164,52.77509376153794,55.363616943359375,409702700,0.0,0.0,0.0
2009-03-13 00:00:00-04:00,55.737613078577276,56.44890831875367,54.7989987555092,55.79627227783203,337474700,0.0,0.0,0.0
2009-03-16 00:00:00-04:00,56.43423046048182,57.17485798126761,55.590942363893866,55.62760925292969,360644900,0.0,0.0,0.0
2009-03-17 00:00:00-04:00,55.78158247985834,57.460823645375676,55.32693893463749,57.32883071899414,356814300,0.0,0.0,0.0
2009-03-18 00:00:00-04:00,57.057519525601826,59.32339752623785,56.514884338791305,58.61210250854492,473273200,0.0,0.0,0.0
2009-03-19 00:00:00-04:00,59.34542530736455,59.3967556131234,57.70284992849742,57.886173248291016,428520400,0.0,0.0,0.0
2009-03-20 00:00:00-04:00,58.16753886261921,58.27832123119916,56.520588590781465,56.653526306152344,371078200,0.561,0.0,0.0
2009-03-23 00:00:00-04:00,58.15275083722854,60.774575177349114,57.83517779576005,60.722877502441406,419933300,0.0,0.0,0.0
2009-03-24 00:00:00-04:00,59.99912881329787,60.826297582751906,59.459996503579944,59.52646255493164,330271000,0.0,0.0,0.0
2009-03-25 00:00:00-04:00,59.99170809250145,61.07735899467029,58.38906930100708,60.15418243408203,441775100,0.0,0.0,0.0
2009-03-26 00:00:00-04:00,60.74503803635488,61.52050886088153,60.058194219798956,61.380184173583984,422025200,0.0,0.0,0.0
2009-03-27 00:00:00-04:00,60.59731409125522,60.951810749174875,60.05078948880969,60.27235412597656,322332300,0.0,0.0,0.0
2009-03-30 00:00:00-04:00,58.93562590964032,58.98732359974283,57.57670634396264,58.189697265625,324108500,0.0,0.0,0.0
2009-03-31 00:00:00-04:00,58.7583745883944,59.88096110370246,58.38172238640533,58.72883224487305,364238300,0.0,0.0,0.0
2009-04-01 00:00:00-04:00,57.99765998259272,60.132044352339065,57.84995394436514,59.86616897583008,377018300,0.0,0.0,0.0
2009-04-02 00:00:00-04:00,61.35802392262469,62.48799141940673,59.9178647400675,61.616512298583984,476230700,0.0,0.0,0.0
2009-04-03 00:00:00-04:00,61.66086136285179,62.24431013725877,61.055257233089584,62.22954177856445,284646300,0.0,0.0,0.0
2009-04-06 00:00:00-04:00,61.55006969066872,62.24430077202586,60.77460419677404,61.74209213256836,264866600,0.0,0.0,0.0
2009-04-07 00:00:00-04:00,60.74503798532035,61.040455710350145,60.19851885652113,60.30191421508789,258947800,0.0,0.0,0.0
2009-04-08 00:00:00-04:00,60.60472398151893,61.254644218077054,60.220684815519036,60.951839447021484,230402800,0.0,0.0,0.0
2009-04-09 00:00:00-04:00,62.53231535372611,63.38163931296415,62.28121391661888,63.37425231933594,269653500,0.0,0.0,0.0
2009-04-13 00:00:00-04:00,62.71693976099687,63.91337896095896,62.46583836789482,63.389015197753906,224847500,0.0,0.0,0.0
2009-04-14 00:00:00-04:00,62.79819471586788,63.33733259203018,62.096582412073296,62.29598617553711,276598800,0.0,0.0,0.0
2009-04-15 00:00:00-04:00,61.91933162914059,63.08622883363761,61.74947019845324,62.96067810058594,250726100,0.0,0.0,0.0
2009-04-16 00:00:00-04:00,63.4628929685343,64.36391480742635,62.60618183167747,63.88386154174805,335202900,0.0,0.0,0.0
2009-04-17 00:00:00-04:00,64.1275898801826,64.73319396889235,63.6179942030465,64.31222534179688,262649000,0.0,0.0,0.0
2009-04-20 00:00:00-04:00,63.17483518102656,64.29003432830693,61.55004063926645,61.616512298583984,293690100,0.0,0.0,0.0
2009-04-21 00:00:00-04:00,61.16601522230063,62.872044519005065,61.114317535570954,62.82034683227539,114090900,0.0,0.0,0.0
2009-04-22 00:00:00-04:00,62.251689621393695,63.765696945775254,62.089209522226724,62.43632507324219,340395200,0.0,0.0,0.0
2009-04-23 00:00:00-04:00,62.56186096575815,63.086224848282804,61.76423465094932,63.04930114746094,324903700,0.0,0.0,0.0
2009-04-24 00:00:00-04:00,63.53674452003092,64.48207703868846,63.28564303491151,64.00202941894531,287703000,0.0,0.0,0.0
2009-04-27 00:00:00-04:00,63.27823293259361,64.26049443313623,63.17483757828641,63.39639663696289,289581600,0.0,0.0,0.0
2009-04-28 00:00:00-04:00,62.753855864671706,63.95028917789951,62.59876286609118,63.19697952270508,247926300,0.0,0.0,0.0
2009-04-29 00:00:00-04:00,63.8986197039607,65.25753924072833,63.73614527754192,64.54115295410156,311505700,0.0,0.0,0.0
2009-04-30 00:00:00-04:00,65.39785664586609,65.7449664420217,64.194030310638,64.56330108642578,301419800,0.0,0.0,0.0
2009-05-01 00:00:00-04:00,64.57810457082618,65.14677934606362,64.04635350925861,64.91044616699219,236110300,0.0,0.0,0.0
2009-05-04 00:00:00-04:00,65.39786229173016,67.16297630160986,65.272305934808,67.11865997314453,287120000,0.0,0.0,0.0
2009-05-05 00:00:00-04:00,66.88971710205078,67.15559254716639,66.3505792176148,66.88971710205078,243036300,0.0,0.0,0.0
2009-05-06 00:00:00-04:00,67.70948119967538,68.09352027919545,66.91924206377664,68.04920959472656,291941000,0.0,0.0,0.0
2009-05-07 00:00:00-04:00,68.69177063409398,68.79516602966184,66.67554915126767,67.1039047241211,317728000,0.0,0.0,0.0
2009-05-08 00:00:00-04:00,67.96798352950677,68.84684984929822,67.53224668382465,68.66960144042969,299081700,0.0,0.0,0.0
2009-05-11 00:00:00-04:00,67.72428055252564,68.0270853940125,67.23684589635698,67.38455200195312,247923600,0.0,0.0,0.0
2009-05-12 00:00:00-04:00,67.67260018629749,67.82031196435643,66.3579963520279,67.18516540527344,282431300,0.0,0.0,0.0
2009-05-13 00:00:00-04:00,66.27671049912567,66.47611985309719,65.3609206462961,65.49385833740234,269619100,0.0,0.0,0.0
2009-05-14 00:00:00-04:00,65.52340968489729,66.55736902075715,65.36092963623894,66.05516052246094,260098700,0.0,0.0,0.0
2009-05-15 00:00:00-04:00,66.00347723964128,66.46875650672287,65.10245541656549,65.51603698730469,271502700,0.0,0.0,0.0
2009-05-18 00:00:00-04:00,66.1363939082977,67.45837824141341,65.41262075545758,67.37714385986328,241447400,0.0,0.0,0.0
2009-05-19 00:00:00-04:00,67.34020148666313,67.92364983770729,67.06693915476953,67.29589080810547,206102200,0.0,0.0,0.0
2009-05-20 00:00:00-04:00,67.90890946206193,68.5366744369573,66.77156016232195,66.84541320800781,285722200,0.0,0.0,0.0
2009-05-21 00:00:00-04:00,66.06995039600092,66.32105754425567,65.18370246779727,65.88531494140625,258988400,0.0,0.0,0.0
2009-05-22 00:00:00-04:00,66.06992467627602,66.46873777910562,65.4938631837304,65.74496459960938,166811900,0.0,0.0,0.0
2009-05-26 00:00:00-04:00,65.25751207494172,67.62084206642234,65.2279697457203,67.42882537841797,236318500,0.0,0.0,0.0
2009-05-27 00:00:00-04:00,67.53225865919805,67.76120479602791,66.1216412280334,66.22503662109375,246015800,0.0,0.0,0.0
2009-05-28 00:00:00-04:00,66.80847252857507,67.45838710877858,65.80405550077174,67.14820098876953,289095000,0.0,0.0,0.0
2009-05-29 00:00:00-04:00,67.5174907857769,69.20136520774174,66.97097142514181,68.33727264404297,258641500,0.0,0.0,0.0
2009-06-01 00:00:00-04:00,69.17919768762744,70.28701020561512,69.00194926244464,69.99159240722656,276246800,0.0,0.0,0.0
2009-06-02 00:00:00-04:00,69.71835572912354,70.4347422658772,69.59280495979883,70.05069732666016,230874500,0.0,0.0,0.0
2009-06-03 00:00:00-04:00,69.45242120641923,69.5188872156213,68.50708928917176,69.16439056396484,235310500,0.0,0.0,0.0
2009-06-04 00:00:00-04:00,69.42292769887514,69.91774934186525,68.9059507039044,69.8143539428711,210102300,0.0,0.0,0.0
2009-06-05 00:00:00-04:00,70.52333445100794,70.65627216183819,69.27520300253934,69.82910919189453,284257900,0.0,0.0,0.0
2009-06-08 00:00:00-04:00,69.30476075985008,70.23532501833454,68.71393069250624,69.54109954833984,238565100,0.0,0.0,0.0
2009-06-09 00:00:00-04:00,69.93251344427559,70.26485494624463,69.43768623662885,69.89558410644531,225125500,0.0,0.0,0.0
2009-06-10 00:00:00-04:00,70.5159489722876,70.52333033078432,68.8246881634442,69.71832275390625,296100400,0.0,0.0,0.0
2009-06-11 00:00:00-04:00,69.85127025934104,70.98123807663957,69.83649627102471,70.02851867675781,275414200,0.0,0.0,0.0
2009-06-12 00:00:00-04:00,69.71831162530205,70.26483070193785,69.4228939284689,70.22052001953125,184361800,0.0,0.0,0.0
2009-06-15 00:00:00-04:00,69.39337174365807,69.43768243893027,68.24124858957659,68.61051940917969,224190500,0.0,0.0,0.0
2009-06-16 00:00:00-04:00,68.8542464123932,68.89855711211226,67.63565145848406,67.67996215820312,227319000,0.0,0.0,0.0
2009-06-17 00:00:00-04:00,67.6504109437017,68.18954880297571,67.08173637823836,67.61348724365234,223445200,0.0,0.0,0.0
2009-06-18 00:00:00-04:00,67.7168731548775,68.44064068249311,67.3919130859585,68.1082992553711,211725100,0.0,0.0,0.0
2009-06-19 00:00:00-04:00,68.76041808702338,68.84954008165533,67.97313791356329,68.3593521118164,215655600,0.518,0.0,0.0
2009-06-22 00:00:00-04:00,67.69088776443054,67.72802569494496,66.28716012106537,66.30944061279297,251913600,0.0,0.0,0.0
2009-06-23 00:00:00-04:00,66.4505854950165,66.75509511894428,65.9901010314334,66.36145782470703,188309800,0.0,0.0,0.0
2009-06-24 00:00:00-04:00,66.96305883243411,67.64635396342919,66.54713537606133,66.933349609375,211577700,0.0,0.0,0.0
2009-06-25 00:00:00-04:00,66.59911870524218,68.45590246974511,66.52484848795294,68.3890609741211,279411000,0.0,0.0,0.0
2009-06-26 00:00:00-04:00,68.15880283274939,68.50787902000972,67.78744615123043,68.2107925415039,167579000,0.0,0.0,0.0
2009-06-29 00:00:00-04:00,68.41131971311842,68.93864545453657,68.03253435903261,68.84951782226562,168481300,0.0,0.0,0.0
2009-06-30 00:00:00-04:00,68.86439591927366,69.11691578678177,67.78745795546314,68.2925033569336,228888200,0.0,0.0,0.0
2009-07-01 00:00:00-04:00,68.58214534340317,69.2431654122507,68.48559465159319,68.57472229003906,173041100,0.0,0.0,0.0
2009-07-02 00:00:00-04:00,67.68347602962305,68.59701608486813,66.66596220904206,66.70309448242188,212309900,0.0,0.0,0.0
2009-07-06 00:00:00-04:00,66.05695216426031,66.79223707245252,65.84899325418215,66.69568634033203,174499600,0.0,0.0,0.0
2009-07-07 00:00:00-04:00,66.6287981833274,66.71049708581269,65.35875933530869,65.4033203125,197088900,0.0,0.0,0.0
2009-07-08 00:00:00-04:00,65.79697809807047,65.95295290023735,64.6160664991899,65.35877990722656,248050500,0.0,0.0,0.0
2009-07-09 00:00:00-04:00,65.81181912985286,66.02720664445296,65.29192214044033,65.48502349853516,163777600,0.0,0.0,0.0
2009-07-10 00:00:00-04:00,65.13597157802167,65.72271592204677,64.87602298673315,65.3290786743164,173520300,0.0,0.0,0.0
2009-07-13 00:00:00-04:00,65.5889847905857,66.97043145705044,65.05423051112184,66.91844177246094,217413500,0.0,0.0,0.0
2009-07-14 00:00:00-04:00,67.12644512763531,67.35669016938309,66.64368587833685,67.29727172851562,181487400,0.0,0.0,0.0
2009-07-15 00:00:00-04:00,68.1885267738527,69.4511431635751,67.34926253228798,69.26546478271484,220877900,0.0,0.0,0.0
2009-07-16 00:00:00-04:00,69.07236141845283,70.19386048615547,68.93867275033956,69.15406036376953,231174500,0.0,0.0,0.0
2009-07-17 00:00:00-04:00,69.85962375066198,70.0527308300037,69.47341525843237,69.91161346435547,138561700,0.0,0.0,0.0
2009-07-20 00:00:00-04:00,70.32011620500715,70.77317190490983,69.95618816730736,70.65433502197266,164179400,0.0,0.0,0.0
2009-07-21 00:00:00-04:00,71.20394118167123,71.22622167875458,70.12700326885908,70.98112487792969,217718300,0.0,0.0,0.0
2009-07-22 00:00:00-04:00,70.52808932372224,71.39706295644693,70.47609959355383,70.96629333496094,196068100,0.0,0.0,0.0
2009-07-23 00:00:00-04:00,71.01083658211513,72.84533979225301,70.95141814351008,72.53340148925781,258795500,0.0,0.0,0.0
2009-07-24 00:00:00-04:00,72.19174843287028,72.88990092162415,71.81296863559055,72.83048248291016,154003100,0.0,0.0,0.0
2009-07-27 00:00:00-04:00,72.69681446464024,73.08302875945719,72.2957483891561,73.04589080810547,159259400,0.0,0.0,0.0
2009-07-28 00:00:00-04:00,72.53341031350358,73.06073627075467,72.0877776362053,72.70423126220703,186685200,0.0,0.0,0.0
2009-07-29 00:00:00-04:00,72.36997847349008,72.85273753668653,72.02833106988774,72.52594757080078,194399300,0.0,0.0,0.0
2009-07-30 00:00:00-04:00,73.40240626391757,74.14512006442317,73.23157959656038,73.2835693359375,225575400,0.0,0.0,0.0
2009-07-31 00:00:00-04:00,73.26868862182478,73.87771347109765,73.06815280165743,73.38751983642578,207358000,0.0,0.0,0.0
2009-08-03 00:00:00-04:00,74.15996338060609,74.66500893394885,73.7588972941466,74.5981674194336,175776900,0.0,0.0,0.0
2009-08-04 00:00:00-04:00,74.26393377188695,74.89523921980121,74.10796459062261,74.791259765625,176714600,0.0,0.0,0.0
2009-08-05 00:00:00-04:00,74.843238351259,74.91008551410988,73.95941312233077,74.57586669921875,184726400,0.0,0.0,0.0
2009-08-06 00:00:00-04:00,74.91751321669257,75.02891570917116,73.84057523561331,74.18965148925781,193203800,0.0,0.0,0.0
2009-08-07 00:00:00-04:00,74.96948102263642,75.77903578578068,74.56098644809859,75.16258239746094,220640900,0.0,0.0,0.0
2009-08-10 00:00:00-04:00,74.82096680183157,75.17747182461768,74.4718905016851,75.00664520263672,130898700,0.0,0.0,0.0
2009-08-11 00:00:00-04:00,74.67240443948408,74.72439414979796,73.8702726233957,74.07080841064453,157301000,0.0,0.0,0.0
2009-08-12 00:00:00-04:00,73.94456299261097,75.42999016830154,73.9074307130917,74.86553192138672,219052400,0.0,0.0,0.0
2009-08-13 00:00:00-04:00,75.20715386795507,75.46710240184272,74.46444053316,75.43739318847656,176449500,0.0,0.0,0.0
2009-08-14 00:00:00-04:00,75.40025556635409,75.45967399333168,74.0485175181062,74.85807800292969,199616100,0.0,0.0,0.0
2009-08-17 00:00:00-04:00,73.41721733808623,73.49148754366391,72.86761101706732,73.01615142822266,237667500,0.0,0.0,0.0
2009-08-18 00:00:00-04:00,73.1795641039109,73.85543614441802,73.0458754402092,73.5954818725586,173461500,0.0,0.0,0.0
2009-08-19 00:00:00-04:00,73.01615231470217,74.49415605597333,72.9418821082228,74.24163055419922,192812800,0.0,0.0,0.0
2009-08-20 00:00:00-04:00,74.33820182644719,75.17747182461768,74.17480959356095,75.00664520263672,174131300,0.0,0.0,0.0
2009-08-21 00:00:00-04:00,75.6230591523624,76.5960116485312,75.47451877628166,76.47718048095703,224605000,0.0,0.0,0.0
2009-08-24 00:00:00-04:00,76.78913933318367,77.2050570312875,76.19496633607508,76.46977233886719,191279000,0.0,0.0,0.0
2009-08-25 00:00:00-04:00,76.77431636327609,77.43533109567873,76.4549492491356,76.61834716796875,215310600,0.0,0.0,0.0
2009-08-26 00:00:00-04:00,76.38064326953429,76.97481625559786,76.12069471305155,76.62574005126953,194620700,0.0,0.0,0.0
2009-08-27 00:00:00-04:00,76.58119746545665,77.0342532012617,75.71222393932102,76.79658508300781,196230100,0.0,0.0,0.0
2009-08-28 00:00:00-04:00,77.41303405884598,77.50215605629926,76.25439709386232,76.78172302246094,147024400,0.0,0.0,0.0
2009-08-31 00:00:00-04:00,76.03159294442852,76.1875621197821,75.60081769833481,76.09843444824219,176051600,0.0,0.0,0.0
2009-09-01 00:00:00-04:00,75.71965552384455,76.67775682716056,74.26393742726957,74.41990661621094,321276800,0.0,0.0,0.0
2009-09-02 00:00:00-04:00,74.1079631999014,74.5981569030662,73.95199402156402,74.1376724243164,171805000,0.0,0.0,0.0
2009-09-03 00:00:00-04:00,74.56843387527091,74.8432342339448,73.9668321085263,74.75411224365234,143572300,0.0,0.0,0.0
2009-09-04 00:00:00-04:00,74.90264046053073,75.82360343095247,74.6798298546699,75.80132293701172,142687900,0.0,0.0,0.0
2009-09-08 00:00:00-04:00,76.49948653153237,76.53662447118754,76.04643086671862,76.45492553710938,132909100,0.0,0.0,0.0
2009-09-09 00:00:00-04:00,76.58862366146381,77.30162799270607,76.35095555104974,77.04167938232422,154612500,0.0,0.0,0.0
2009-09-10 00:00:00-04:00,77.09366419026814,77.8809386933718,76.66288899683414,77.82894897460938,162902400,0.0,0.0,0.0
2009-09-11 00:00:00-04:00,77.9774618460763,78.20770680474186,77.4501361231817,77.8140640258789,152360100,0.0,0.0,0.0
2009-09-14 00:00:00-04:00,77.15307865860659,78.32656738382019,76.61090096052801,78.19287872314453,149593800,0.0,0.0,0.0
2009-09-15 00:00:00-04:00,78.3191175501286,78.80931106261994,77.80664921105934,78.5196533203125,196795900,0.0,0.0,0.0
2009-09-16 00:00:00-04:00,78.8018663195575,79.72282906510492,78.52706607278266,79.70797729492188,206406300,0.0,0.0,0.0
2009-09-17 00:00:00-04:00,79.59660304769929,80.25761759786161,79.15097608875733,79.58917999267578,229170900,0.0,0.0,0.0
2009-09-18 00:00:00-04:00,79.96079599548167,79.9682600996651,79.37125702074383,79.63990783691406,153799100,0.508,0.0,0.0
2009-09-21 00:00:00-04:00,79.0205243845294,79.84886351761756,78.84888982884806,79.43842315673828,151892000,0.0,0.0,0.0
2009-09-22 00:00:00-04:00,79.90857189350612,80.12498540313756,79.55036884811237,79.90110778808594,143126700,0.0,0.0,0.0
2009-09-23 00:00:00-04:00,80.08768737090342,80.61752509800525,79.09517179923805,79.2369613647461,225947400,0.0,0.0,0.0
2009-09-24 00:00:00-04:00,79.40858325791041,79.58021782468707,78.02055573940879,78.36383056640625,228636800,0.0,0.0,0.0
2009-09-25 00:00:00-04:00,78.19220238082768,78.62502945740175,77.67728721409489,77.94593811035156,204059000,0.0,0.0,0.0
2009-09-28 00:00:00-04:00,78.24441787164997,79.51304801463615,78.22949535644837,79.3414077758789,118285800,0.0,0.0,0.0
2009-09-29 00:00:00-04:00,79.48323567003509,79.86381977260056,78.93846966031465,79.10264587402344,133733900,0.0,0.0,0.0
2009-09-30 00:00:00-04:00,79.37131641372173,79.44594043106667,78.07284029288753,78.79669952392578,254383000,0.0,0.0,0.0
2009-10-01 00:00:00-04:00,76.86384016755771,78.90110756255034,76.82652534641012,76.8414535522461,281840600,0.0,0.0,0.0
2009-10-02 00:00:00-04:00,76.13252983234476,76.93848233506273,76.1101432117321,76.48326873779297,224748800,0.0,0.0,0.0
2009-10-05 00:00:00-04:00,76.78924054553235,77.84891575789796,76.56536293460705,77.62503814697266,149875000,0.0,0.0,0.0
2009-10-06 00:00:00-04:00,78.18473898379979,79.18471859414923,78.13996573183245,78.73696899414062,202491100,0.0,0.0,0.0
2009-10-07 00:00:00-04:00,78.5578816374111,79.03548776691031,78.40863363618692,78.95339965820312,159200300,0.0,0.0,0.0
2009-10-08 00:00:00-04:00,79.51304994101939,79.9757219382428,78.99067080121276,79.55782318115234,183305800,0.0,0.0,0.0
2009-10-09 00:00:00-04:00,79.58023749257434,80.04291534423828,79.37128804132145,80.04291534423828,135008300,0.0,0.0,0.0
2009-10-12 00:00:00-04:00,80.41602470000676,80.66228324998353,80.05782164653559,80.3563232421875,118031000,0.0,0.0,0.0
2009-10-13 00:00:00-04:00,80.13990132512126,80.37870143791606,79.66976520433755,80.192138671875,157692700,0.0,0.0,0.0
2009-10-14 00:00:00-04:00,81.13242270180334,81.6547962085831,80.16229396813327,81.57270812988281,191421600,0.0,0.0,0.0
2009-10-15 00:00:00-04:00,81.17722469318838,81.8712387084961,81.13991554003192,81.8712387084961,173873600,0.0,0.0,0.0
2009-10-16 00:00:00-04:00,81.19211748130563,81.54285069647692,80.76675460549339,81.25927734375,192069400,0.0,0.0,0.0
2009-10-19 00:00:00-04:00,81.39359892572539,82.18462318893093,81.13987631052491,81.93090057373047,159530400,0.0,0.0,0.0
2009-10-20 00:00:00-04:00,82.05030926263875,82.08015999097803,81.10257283500461,81.49808502197266,180921100,0.0,0.0,0.0
2009-10-21 00:00:00-04:00,81.37121568275893,82.31895201705512,80.70705269959176,80.76675415039062,225379300,0.0,0.0,0.0
2009-10-22 00:00:00-04:00,80.73689790749846,81.84881030878252,80.22198289307362,81.5876235961914,238444000,0.0,0.0,0.0
2009-10-23 00:00:00-04:00,81.85630356120396,81.9085409223234,80.31902207471937,80.65483856201172,240033200,0.0,0.0,0.0
2009-10-26 00:00:00-04:00,80.74438211449835,81.57272144867065,79.55784537246215,79.78172302246094,242028200,0.0,0.0,0.0
2009-10-27 00:00:00-04:00,79.87127514652855,80.13992606804823,79.22204016406062,79.41606140136719,253266300,0.0,0.0,0.0
2009-10-28 00:00:00-04:00,79.21456743601337,79.46083170284635,77.87131297460164,77.91609191894531,248821400,0.0,0.0,0.0
2009-10-29 00:00:00-04:00,78.49818875801891,79.74442726404459,78.31162590286131,79.58771514892578,198110600,0.0,0.0,0.0
2009-10-30 00:00:00-04:00,79.32650108950259,79.56530123448239,77.19222230286356,77.28176879882812,325608100,0.0,0.0,0.0
2009-11-02 00:00:00-05:00,77.70714079914434,78.6623471839282,76.92358040083307,77.84893035888672,254222900,0.0,0.0,0.0
2009-11-03 00:00:00-05:00,77.41607035470705,78.2071002168574,77.26682244517676,78.09516143798828,228362600,0.0,0.0,0.0
2009-11-04 00:00:00-05:00,78.73694479923995,79.3488703930183,78.09516848217444,78.2966537475586,247996700,0.0,0.0,0.0
2009-11-05 00:00:00-05:00,78.84889588798312,79.75931746976464,78.6847197310153,79.73693084716797,180015300,0.0,0.0,0.0
2009-11-06 00:00:00-05:00,79.29664227189214,80.14736805745379,79.1399302264933,79.94587707519531,170954100,0.0,0.0,0.0
2009-11-09 00:00:00-05:00,80.55779493669947,81.81149687189111,80.49809918240913,81.7667236328125,159495700,0.0,0.0,0.0
2009-11-10 00:00:00-05:00,81.5727354029162,82.03541330178732,81.31901267006327,81.78168487548828,171899800,0.0,0.0,0.0
2009-11-11 00:00:00-05:00,82.31895165098243,82.69954128132807,81.80404229710224,82.19955444335938,169466200,0.0,0.0,0.0
2009-11-12 00:00:00-05:00,82.08759563858655,82.51295840643063,81.15478205178444,81.36373138427734,157144500,0.0,0.0,0.0
2009-11-13 00:00:00-05:00,81.57268970551038,82.15476453686472,81.15479099447506,81.80403137207031,150963000,0.0,0.0,0.0
2009-11-16 00:00:00-05:00,82.37118796646634,83.34878070302973,82.32641472584822,82.9905776977539,210922200,0.0,0.0,0.0
2009-11-17 00:00:00-05:00,82.77418419054095,83.12492317588607,82.46076004367954,83.08760833740234,147134100,0.0,0.0,0.0
2009-11-18 00:00:00-05:00,83.02790383149627,83.15476515948222,82.51298872050761,83.03536224365234,156486800,0.0,0.0,0.0
2009-11-19 00:00:00-05:00,82.46820023311405,83.06519762160111,81.43837020145627,81.95328521728516,208734600,0.0,0.0,0.0
2009-11-20 00:00:00-05:00,81.52795176449008,81.90854150876821,81.34885305271906,81.66227722167969,134196000,0.0,0.0,0.0
2009-11-23 00:00:00-05:00,82.62493046503774,83.38610415342978,82.53537827498502,82.69955444335938,148010200,0.0,0.0,0.0
2009-11-24 00:00:00-05:00,82.83388012151215,82.98312807858748,82.09509305513343,82.826416015625,138420100,0.0,0.0,0.0
2009-11-25 00:00:00-05:00,82.96074246393904,83.20700672021034,82.69955568915647,83.1174545288086,109564800,0.0,0.0,0.0
2009-11-27 00:00:00-05:00,80.89361131011924,82.32641189506872,80.81152324284619,81.7667236328125,126001800,0.0,0.0,0.0
2009-11-30 00:00:00-05:00,81.6995794588762,82.23687551129976,80.6846774263353,82.04285430908203,160874800,0.0,0.0,0.0
2009-12-01 00:00:00-05:00,82.77419824841536,83.32642834584813,82.63241436367643,83.05777740478516,159613700,0.0,0.0,0.0
2009-12-02 00:00:00-05:00,83.04280287679494,83.58756856276037,82.77415208555757,83.02041625976562,132315100,0.0,0.0,0.0
2009-12-03 00:00:00-05:00,83.2443264514518,83.7144626737046,82.30404831350114,82.37120819091797,167324900,0.0,0.0,0.0
2009-12-04 00:00:00-05:00,83.46073090547692,83.86370723393973,82.1174821707123,82.84134674072266,274907800,0.0,0.0,0.0
2009-12-07 00:00:00-05:00,82.7667205870414,83.22939267193215,82.45329076639118,82.7144775390625,127973800,0.0,0.0,0.0
2009-12-08 00:00:00-05:00,82.11745031187786,82.66221028448173,81.54283392640288,81.79656219482422,169863700,0.0,0.0,0.0
2009-12-09 00:00:00-05:00,81.77420766562177,82.22195724585521,81.35630312308506,82.10255432128906,155063400,0.0,0.0,0.0
2009-12-10 00:00:00-05:00,82.60998167220805,82.92341141258372,82.4234189261611,82.5652084350586,138014600,0.0,0.0,0.0
2009-12-11 00:00:00-05:00,82.91597747802734,83.10254029195622,82.54285185016958,82.91597747802734,124854000,0.0,0.0,0.0
2009-12-14 00:00:00-05:00,83.48312377929688,83.58013438564006,82.93089379211148,83.48312377929688,107141500,0.0,0.0,0.0
2009-12-15 00:00:00-05:00,83.17715033570312,83.52042517257506,82.83387549883119,83.09506225585938,120408800,0.0,0.0,0.0
2009-12-16 00:00:00-05:00,83.43087127926017,83.67712980350069,83.03535343262608,83.22191619873047,155358200,0.0,0.0,0.0
2009-12-17 00:00:00-05:00,82.62493066173279,82.78164272461467,82.14733036720384,82.22195434570312,183390100,0.0,0.0,0.0
2009-12-18 00:00:00-05:00,82.67960661129896,82.75463805890675,81.98936079643529,82.6871109008789,174591200,0.59,0.0,0.0
2009-12-21 00:00:00-05:00,83.09977468223053,83.80502346856193,83.09977468223053,83.52742767333984,118039600,0.0,0.0,0.0
2009-12-22 00:00:00-05:00,83.70748415973033,84.00759280437461,83.60244699271928,83.82752990722656,91707500,0.0,0.0,0.0
2009-12-23 00:00:00-05:00,84.0300923228321,84.11262233571969,83.65495798210517,83.9925765991211,111783100,0.0,0.0,0.0
2009-12-24 00:00:00-05:00,84.17264965546468,84.48025685459868,84.03009676673894,84.39022827148438,39677500,0.0,0.0,0.0
2009-12-28 00:00:00-05:00,84.7053534912643,84.77287493954522,84.27019618868617,84.57030487060547,87508500,0.0,0.0,0.0
2009-12-29 00:00:00-05:00,84.78785011073083,84.80285296307117,84.44272726595533,84.45022583007812,80572500,0.0,0.0,0.0
2009-12-30 00:00:00-05:00,84.20265417672408,84.51776563994027,84.15763416476777,84.42022705078125,73138400,0.0,0.0,0.0
2009-12-31 00:00:00-05:00,84.6077848016241,84.63029766714513,83.5724162273607,83.60993194580078,90637900,0.0,0.0,0.0
2010-01-04 00:00:00-05:00,84.30768169881482,85.07295312549117,83.66245026741743,85.02793884277344,118944600,0.0,0.0,0.0
2010-01-05 00:00:00-05:00,84.97545593243044,85.29056749188446,84.66784294051291,85.2530517578125,111579900,0.0,0.0,0.0
2010-01-06 00:00:00-05:00,85.17050405481456,85.52313127519342,85.10298261640813,85.31305694580078,116074400,0.0,0.0,0.0
2010-01-07 00:00:00-05:00,85.15552275549217,85.77824733532898,84.9154369291102,85.67321014404297,131091100,0.0,0.0,0.0
2010-01-08 00:00:00-05:00,85.44809195503672,85.99579056163111,85.27553337938174,85.9582748413086,126402800,0.0,0.0,0.0
2010-01-11 00:00:00-05:00,86.340885632087,86.37839561623466,85.71065722301606,86.07829284667969,106375700,0.0,0.0,0.0
2010-01-12 00:00:00-05:00,85.50812467824355,85.68818756354594,84.94542315308964,85.27554321289062,163333500,0.0,0.0,0.0
2010-01-13 00:00:00-05:00,85.49311184914976,86.2358819467812,85.05796037497366,85.99579620361328,161822000,0.0,0.0,0.0
2010-01-14 00:00:00-05:00,85.89827345043398,86.38594931605485,85.84575486331153,86.2283935546875,115718800,0.0,0.0,0.0
2010-01-15 00:00:00-05:00,86.07833977114228,86.16086407089153,84.93042372785904,85.26054382324219,212283100,0.0,0.0,0.0
2010-01-19 00:00:00-05:00,85.24553700285145,86.37843868824996,85.22302413222486,86.32592010498047,139172700,0.0,0.0,0.0
2010-01-20 00:00:00-05:00,85.74070154847466,85.86824584689101,84.76535572493736,85.4480972290039,216490200,0.0,0.0,0.0
2010-01-21 00:00:00-05:00,85.47061307458299,85.7332059874966,83.69997839879939,83.80501556396484,344859600,0.0,0.0,0.0
2010-01-22 00:00:00-05:00,83.42986144243052,83.83500715104238,81.84679432555811,81.93682861328125,345942400,0.0,0.0,0.0
2010-01-25 00:00:00-05:00,82.6870993764749,82.83715652668069,82.08688794793677,82.35697937011719,186937500,0.0,0.0,0.0
2010-01-26 00:00:00-05:00,82.03437085197854,82.88217808378711,81.80929369305862,82.0118637084961,211168800,0.0,0.0,0.0
2010-01-27 00:00:00-05:00,81.90681282785256,82.58955992756127,81.27659001959331,82.40199279785156,271863600,0.0,0.0,0.0
2010-01-28 00:00:00-05:00,82.67210228196215,82.71711656811183,80.96149071912994,81.4566650390625,316104000,0.0,0.0,0.0
2010-01-29 00:00:00-05:00,81.809317758392,82.37952369876156,80.44382865252344,80.57137298583984,310677600,0.0,0.0,0.0
2010-02-01 00:00:00-05:00,81.14157626364656,81.8318222232828,80.65390037238946,81.8243179321289,187865000,0.0,0.0,0.0
2010-02-02 00:00:00-05:00,81.97437692099864,82.97223015052442,81.68927109190803,82.8146743774414,216327900,0.0,0.0,0.0
2010-02-03 00:00:00-05:00,82.43950278933679,82.88966847991571,82.16190710078692,82.40199279785156,172730700,0.0,0.0,0.0
2010-02-04 00:00:00-05:00,81.76430329077431,81.80181329950382,79.84361110717187,79.8586196899414,356715700,0.0,0.0,0.0
2010-02-05 00:00:00-05:00,79.94864255096331,80.18872834116664,78.4631135128605,80.02367401123047,493585800,0.0,0.0,0.0
2010-02-08 00:00:00-05:00,80.0836729381891,80.52633441180653,79.38592287483263,79.4459457397461,224166900,0.0,0.0,0.0
2010-02-09 00:00:00-05:00,80.37627472794978,81.14155192134939,79.731043260611,80.44380187988281,337820500,0.0,0.0,0.0
2010-02-10 00:00:00-05:00,80.31627394983572,80.72891833801314,79.61101947580272,80.28626251220703,240511500,0.0,0.0,0.0
2010-02-11 00:00:00-05:00,80.18122945057584,81.2165983433778,79.71606072964333,81.1265640258789,223591600,0.0,0.0,0.0
2010-02-12 00:00:00-05:00,80.2712668900074,81.10406581533361,79.91114102851881,81.05905151367188,304622100,0.0,0.0,0.0
2010-02-16 00:00:00-05:00,81.67422322777043,82.416987384184,80.89394335953948,82.33445739746094,159317500,0.0,0.0,0.0
2010-02-17 00:00:00-05:00,82.73215371943714,82.83719663749177,82.33451209601499,82.72465515136719,168845100,0.0,0.0,0.0
2010-02-18 00:00:00-05:00,82.58960149199049,83.38488469048734,82.55959004924189,83.21232604980469,193708600,0.0,0.0,0.0
2010-02-19 00:00:00-05:00,82.99472759262132,83.7074805846259,82.7996561233195,83.3848648071289,222684900,0.0,0.0,0.0
2010-02-22 00:00:00-05:00,83.69246850643871,83.71497564962876,83.15227417349607,83.39986419677734,132346900,0.0,0.0,0.0
2010-02-23 00:00:00-05:00,83.17478543280714,83.42987403371188,82.16942243583414,82.38700103759766,207497000,0.0,0.0,0.0
2010-02-24 00:00:00-05:00,82.634577291021,83.27980869923091,82.42450301376098,83.14476013183594,176350700,0.0,0.0,0.0
2010-02-25 00:00:00-05:00,81.95934974083872,83.09225706061973,81.73427256926293,83.03223419189453,259634700,0.0,0.0,0.0
2010-02-26 00:00:00-05:00,83.10727735210683,83.36987602685026,82.61210289147317,83.08477020263672,173589300,0.0,0.0,0.0
2010-03-01 00:00:00-05:00,83.42987594416057,84.03009318512119,83.40736879934131,83.94756317138672,147709700,0.0,0.0,0.0
2010-03-02 00:00:00-05:00,84.30771057400504,84.58530637796696,84.03010904594623,84.18016052246094,160992400,0.0,0.0,0.0
2010-03-03 00:00:00-05:00,84.39773516697961,84.75786670726824,84.04510791738986,84.25518798828125,150785000,0.0,0.0,0.0
2010-03-04 00:00:00-05:00,84.36773150788822,84.63033018969271,84.05261995863943,84.51028442382812,135770400,0.0,0.0,0.0
2010-03-05 00:00:00-05:00,85.05795870447803,85.78571448496928,84.8553829639768,85.71819305419922,176118800,0.0,0.0,0.0
2010-03-08 00:00:00-05:00,85.72572439392664,85.92079018265628,85.58317147408033,85.73322296142578,114631200,0.0,0.0,0.0
2010-03-09 00:00:00-05:00,85.47811381215907,86.27339680795812,85.4330995215579,85.8757553100586,154556700,0.0,0.0,0.0
2010-03-10 00:00:00-05:00,85.91329221956758,86.49099674641886,85.83826647536704,86.25841522216797,186088800,0.0,0.0,0.0
2010-03-11 00:00:00-05:00,86.05582109618449,86.64103551419807,85.79322818533643,86.61852264404297,160791100,0.0,0.0,0.0
2010-03-12 00:00:00-05:00,86.99366771809837,87.0086763000493,86.38595180331288,86.62603759765625,162074800,0.0,0.0,0.0
2010-03-15 00:00:00-04:00,86.47594761762798,86.7085290174345,85.9807676674788,86.64850616455078,146816800,0.0,0.0,0.0
2010-03-16 00:00:00-04:00,86.8886098688874,87.42129991947478,86.64852413166356,87.33877563476562,168673000,0.0,0.0,0.0
2010-03-17 00:00:00-04:00,87.60138718420762,88.14158163910601,87.34629281424039,87.85647583007812,177468100,0.0,0.0,0.0
2010-03-18 00:00:00-04:00,87.86397335623779,87.98401337914186,87.45882754625609,87.81145477294922,196509100,0.0,0.0,0.0
2010-03-19 00:00:00-04:00,87.36697387695312,88.36140672718497,87.0279591510321,87.36697387695312,226641100,0.48,0.0,0.0
2010-03-22 00:00:00-04:00,86.86976275344396,87.99227100453224,86.81702789080464,87.83406066894531,184477800,0.0,0.0,0.0
2010-03-23 00:00:00-04:00,87.96209069748667,88.52710925534986,87.67581094966309,88.45177459716797,182941600,0.0,0.0,0.0
2010-03-24 00:00:00-04:00,88.1203249051015,88.46686904767441,87.07315728472506,88.02238464355469,196072600,0.0,0.0,0.0
2010-03-25 00:00:00-04:00,88.61753751098023,89.02435169532993,87.773779867293,87.8792495727539,223396300,0.0,0.0,0.0
2010-03-26 00:00:00-04:00,88.04498215407179,88.45932574959475,87.4799634575399,87.82650756835938,205808500,0.0,0.0,0.0
2010-03-29 00:00:00-04:00,88.27097492293998,88.54218432248923,87.90936622198544,88.38397979736328,134513500,0.0,0.0,0.0
2010-03-30 00:00:00-04:00,88.4894821991532,88.76822689277236,88.0751385032893,88.44428253173828,145772500,0.0,0.0,0.0
2010-03-31 00:00:00-04:00,88.1052512335382,88.53466523632568,87.84911216940814,88.1429214477539,161078700,0.0,0.0,0.0
2010-04-01 00:00:00-04:00,88.74561309814453,89.08462204576315,88.21825882136592,88.74561309814453,161215200,0.0,0.0,0.0
2010-04-05 00:00:00-04:00,89.08462717502142,89.52910585405411,88.83601753369727,89.46884155273438,105847600,0.0,0.0,0.0
2010-04-06 00:00:00-04:00,89.21270239425775,89.83799126003642,89.1147678691727,89.6797866821289,110384200,0.0,0.0,0.0
2010-04-07 00:00:00-04:00,89.49897524436805,89.92085408566449,88.75314633150282,89.16749572753906,184576300,0.0,0.0,0.0
2010-04-08 00:00:00-04:00,88.85862570360551,89.62705453114043,88.59495139912539,89.47637939453125,158704000,0.0,0.0,0.0
2010-04-09 00:00:00-04:00,89.66469540636106,90.10164456602716,89.49896142121239,90.06398010253906,133006500,0.0,0.0,0.0
2010-04-12 00:00:00-04:00,90.1770106610272,90.44069073565412,90.07154093024414,90.20714569091797,110279000,0.0,0.0,0.0
2010-04-13 00:00:00-04:00,90.11672068082066,90.43312978304652,89.649636472058,90.2749252319336,125043600,0.0,0.0,0.0
2010-04-14 00:00:00-04:00,90.60640546729114,91.29949951171875,90.46327129040324,91.29949951171875,161609000,0.0,0.0,0.0
2010-04-15 00:00:00-04:00,91.14882235619824,91.58577156521136,91.1186873334041,91.37483215332031,144615300,0.0,0.0,0.0
2010-04-16 00:00:00-04:00,91.05091335623878,91.3748577574633,89.46132638135441,89.9208755493164,366786700,0.0,0.0,0.0
2010-04-19 00:00:00-04:00,89.65720429283634,90.35029279213529,89.25038997863834,90.2598876953125,217947800,0.0,0.0,0.0
2010-04-20 00:00:00-04:00,90.82488928061154,91.14130418525595,90.30507587919949,91.06596374511719,157708000,0.0,0.0,0.0
2010-04-21 00:00:00-04:00,91.1187222364216,91.32966747678311,90.39549865533533,90.90025329589844,192910100,0.0,0.0,0.0
2010-04-22 00:00:00-04:00,90.2598695062789,91.28443740645567,89.74005611039156,91.17143249511719,115360300,0.0,0.0,0.0
2010-04-23 00:00:00-04:00,91.11117573884496,91.80426415589542,90.87763070335154,91.76659393310547,177335500,0.0,0.0,0.0
2010-04-26 00:00:00-04:00,91.79673081955352,92.00014083046534,91.32965223445213,91.42005157470703,143457300,0.0,0.0,0.0
2010-04-27 00:00:00-04:00,90.892690370007,91.41250374764414,89.08462909507644,89.25790405273438,355853300,0.0,0.0,0.0
2010-04-28 00:00:00-04:00,89.68733203648371,90.16194582397607,89.09970757639465,89.9359359741211,300674100,0.0,0.0,0.0
2010-04-29 00:00:00-04:00,90.47829621530207,91.23918941780813,90.45569639453765,91.05084991455078,193775000,0.0,0.0,0.0
2010-04-30 00:00:00-04:00,91.0659672627403,91.1639075396364,89.48391566908253,89.50651550292969,270000900,0.0,0.0,0.0
2010-05-03 00:00:00-04:00,89.93588299862209,90.91525077421814,89.80027831811904,90.66664123535156,182747900,0.0,0.0,0.0
2010-05-04 00:00:00-04:00,89.65718373926876,89.67224837811753,88.08266171299245,88.53467559814453,360353400,0.0,0.0,0.0
2010-05-05 00:00:00-04:00,87.81144943394791,88.74561794751585,87.36697075621927,88.00732421875,328973200,0.0,0.0,0.0
2010-05-06 00:00:00-04:00,87.58544676903885,88.14293036026089,79.10262981049054,85.08429718017578,647356600,0.0,0.0,0.0
2010-05-07 00:00:00-04:00,84.85828171682824,85.70957455941854,82.42493753290728,83.81864929199219,637558800,0.0,0.0,0.0
2010-05-10 00:00:00-04:00,87.24640610713915,87.8792299462407,86.56838836564931,87.51008605957031,396159600,0.0,0.0,0.0
2010-05-11 00:00:00-04:00,86.68894355246289,88.4141348327942,86.5684092074084,87.2614974975586,317849800,0.0,0.0,0.0
2010-05-12 00:00:00-04:00,87.60804847344113,88.61001651856517,87.45737334578992,88.48194122314453,235607100,0.0,0.0,0.0
2010-05-13 00:00:00-04:00,88.24086236973693,88.65521176554621,87.30669961552016,87.38203430175781,234452500,0.0,0.0,0.0
2010-05-14 00:00:00-04:00,86.72659801939787,86.88480255161625,85.03154207005774,85.79996490478516,345601400,0.0,0.0,0.0
2010-05-17 00:00:00-04:00,86.0335162733369,86.27459070142642,84.20285535927134,85.84517669677734,325739800,0.0,0.0,0.0
2010-05-18 00:00:00-04:00,86.54577696769428,86.80192171198672,84.39870751960362,84.67745208740234,360556800,0.0,0.0,0.0
2010-05-19 00:00:00-04:00,84.20287246384923,84.95623092312117,83.14064002506365,84.19534301757812,394742700,0.0,0.0,0.0
2010-05-20 00:00:00-04:00,82.40233568684256,82.78655006137124,80.96342420210684,81.01615905761719,530418300,0.0,0.0,0.0
2010-05-21 00:00:00-04:00,79.78818444713117,82.40233305557604,79.37383506158925,82.19892883300781,500909400,0.0,0.0,0.0
2010-05-24 00:00:00-04:00,81.75445986362104,82.40988381152829,81.06890663440986,81.14424133300781,269823000,0.0,0.0,0.0
2010-05-25 00:00:00-04:00,79.18551844454389,81.26478967274645,78.63556416855322,81.22711944580078,396505200,0.0,0.0,0.0
2010-05-26 00:00:00-04:00,81.7243379956719,82.47016135048398,80.49635988122385,80.73743438720703,349719300,0.0,0.0,0.0
2010-05-27 00:00:00-04:00,82.25918342621014,83.47209058402699,81.95030380634778,83.44195556640625,300870500,0.0,0.0,0.0
2010-05-28 00:00:00-04:00,83.35157621448349,83.41184626830886,82.00306393540143,82.39481353759766,297933500,0.0,0.0,0.0
2010-06-01 00:00:00-04:00,81.62634407315888,82.83171581108587,80.8880563982824,81.00859069824219,277909400,0.0,0.0,0.0
2010-06-02 00:00:00-04:00,81.42296300067508,83.1255485483648,80.99354901773849,83.1180191040039,240243700,0.0,0.0,0.0
2010-06-03 00:00:00-04:00,83.3590895909007,83.66796347749525,82.55299651188498,83.40428924560547,226618300,0.0,0.0,0.0
2010-06-04 00:00:00-04:00,81.82225177544119,82.36467071318108,80.2025301551535,80.47373962402344,398475600,0.0,0.0,0.0
2010-06-07 00:00:00-04:00,80.76001333725024,81.06889302160566,79.41150694007683,79.47177124023438,264609100,0.0,0.0,0.0
2010-06-08 00:00:00-04:00,79.53205327932483,80.48128655885905,78.83896486783526,80.32308197021484,357774300,0.0,0.0,0.0
2010-06-09 00:00:00-04:00,80.7901386664739,81.57363195118516,79.55463157264735,79.89364624023438,268023300,0.0,0.0,0.0
2010-06-10 00:00:00-04:00,81.25724705994499,82.32701473457621,79.88613484026673,82.22908020019531,317890600,0.0,0.0,0.0
2010-06-11 00:00:00-04:00,81.50584690077564,82.68108416214078,81.45311204283408,82.62834930419922,214128200,0.0,0.0,0.0
2010-06-14 00:00:00-04:00,83.2611624546766,83.71318206358006,82.4174047797487,82.50027465820312,207196100,0.0,0.0,0.0
2010-06-15 00:00:00-04:00,83.08038952281224,84.45150201148759,82.93724954260688,84.37616729736328,238268700,0.0,0.0,0.0
2010-06-16 00:00:00-04:00,83.9392092480688,84.69256780692278,83.77346944549379,84.34602355957031,216374000,0.0,0.0,0.0
2010-06-17 00:00:00-04:00,84.58707523974648,84.62474545659045,83.66044768113365,84.48160552978516,263185800,0.0,0.0,0.0
2010-06-18 00:00:00-04:00,84.64888187737627,84.87596116429023,84.30068901743111,84.57318878173828,174006600,0.531,0.0,0.0
2010-06-21 00:00:00-04:00,85.62535730157583,85.68590832644232,83.86167948639462,84.33098602294922,213140700,0.0,0.0,0.0
2010-06-22 00:00:00-04:00,84.33097931570917,84.70187957920447,82.81709408918188,82.93820190429688,239355400,0.0,0.0,0.0
2010-06-23 00:00:00-04:00,82.99116767349112,83.28637475958244,82.1131174565307,82.68082427978516,254639900,0.0,0.0,0.0
2010-06-24 00:00:00-04:00,82.27210384850834,82.37807536442668,81.09884035439379,81.31078338623047,268523600,0.0,0.0,0.0
2010-06-25 00:00:00-04:00,81.55301433484492,82.06773566151341,80.81877890672801,81.65142059326172,238726500,0.0,0.0,0.0
2010-06-28 00:00:00-04:00,81.7724989674424,81.99201298978322,81.09882059112645,81.39402770996094,169218600,0.0,0.0,0.0
2010-06-29 00:00:00-04:00,80.25105335739595,81.37890200973357,78.38140995271003,78.88098907470703,373649500,0.0,0.0,0.0
2010-06-30 00:00:00-04:00,78.66146450435059,79.38812862326915,77.87424359843556,78.13160705566406,284101700,0.0,0.0,0.0
2010-07-01 00:00:00-04:00,78.0786391922855,78.33599693344074,76.54961173301993,77.78343200683594,382924800,0.0,0.0,0.0
2010-07-02 00:00:00-04:00,78.04834809186464,78.28299843826687,76.92050529059185,77.35952758789062,233385200,0.0,0.0,0.0
2010-07-06 00:00:00-04:00,78.4495271956473,79.00209781066022,77.11730666048972,77.86668395996094,256935300,0.0,0.0,0.0
2010-07-07 00:00:00-04:00,78.06347692919564,80.41756853553395,77.98021279327915,80.31916809082031,253769400,0.0,0.0,0.0
2010-07-08 00:00:00-04:00,80.99286954931895,81.20481258301578,80.16780477171137,81.11398315429688,210842100,0.0,0.0,0.0
2010-07-09 00:00:00-04:00,81.09128712190287,81.72712213208705,80.93990085877203,81.71955108642578,144999900,0.0,0.0,0.0
2010-07-12 00:00:00-04:00,81.44701357157226,81.93145631984079,81.10639174935669,81.77249908447266,131283600,0.0,0.0,0.0
2010-07-13 00:00:00-04:00,82.62028244143295,83.33180452825103,82.4537541524925,83.0063247680664,213025900,0.0,0.0,0.0
2010-07-14 00:00:00-04:00,82.74141574148916,83.32426493235354,82.40079379099511,82.998779296875,184426800,0.0,0.0,0.0
2010-07-15 00:00:00-04:00,82.96848336232853,83.30910524085631,81.8784841110171,83.02146911621094,232337900,0.0,0.0,0.0
2010-07-16 00:00:00-04:00,82.5748770110281,82.66571221473737,80.57654872954028,80.73551177978516,282693400,0.0,0.0,0.0
2010-07-19 00:00:00-04:00,81.03070722011707,81.4697295368317,80.40244347936934,81.21237182617188,186709000,0.0,0.0,0.0
2010-07-20 00:00:00-04:00,80.1375305230794,82.17370258090506,80.09968107580887,82.11315155029297,258162400,0.0,0.0,0.0
2010-07-21 00:00:00-04:00,82.5370306673944,82.55973802383261,80.71279603333426,81.04585266113281,264527000,0.0,0.0,0.0
2010-07-22 00:00:00-04:00,82.00715691785781,83.218269674326,81.99959165001476,82.85493469238281,274781300,0.0,0.0,0.0
2010-07-23 00:00:00-04:00,82.68841595775936,83.69515109856356,82.45376557720135,83.57404327392578,222020800,0.0,0.0,0.0
2010-07-26 00:00:00-04:00,83.71785480180645,84.52778319534283,83.48320443148715,84.44451904296875,184445700,0.0,0.0,0.0
2010-07-27 00:00:00-04:00,84.90622839165646,84.99706355948426,84.10387128838715,84.43692779541016,204855600,0.0,0.0,0.0
2010-07-28 00:00:00-04:00,84.26286044701942,84.52022396593178,83.6118892683178,83.89196014404297,163056200,0.0,0.0,0.0
2010-07-29 00:00:00-04:00,84.41423623752715,84.64132132760402,82.81709266403776,83.48320007324219,220149100,0.0,0.0,0.0
2010-07-30 00:00:00-04:00,82.63543514897958,83.91467019057336,82.49161995955053,83.46807098388672,220070600,0.0,0.0,0.0
2010-08-02 00:00:00-04:00,84.77000281340355,85.48910177094594,84.4293809427351,85.35285186767578,188263200,0.0,0.0,0.0
2010-08-03 00:00:00-04:00,85.14093670739601,85.36044505806572,84.66405900245253,84.94412994384766,146657300,0.0,0.0,0.0
2010-08-04 00:00:00-04:00,85.17874609602946,85.61777417066344,84.89868104239432,85.51180267333984,158171700,0.0,0.0,0.0
2010-08-05 00:00:00-04:00,84.96680271913382,85.4663875828519,84.83812386939316,85.42096710205078,140473800,0.0,0.0,0.0
2010-08-06 00:00:00-04:00,84.58078571424996,85.20904961578019,83.96009285762189,85.07279968261719,239728300,0.0,0.0,0.0
2010-08-09 00:00:00-04:00,85.47394601850706,85.67075268621184,85.01978167189165,85.52693176269531,120800400,0.0,0.0,0.0
2010-08-10 00:00:00-04:00,84.80026446528751,85.51936328082472,84.30068543529468,85.06519317626953,242916300,0.0,0.0,0.0
2010-08-11 00:00:00-04:00,83.75569700392813,83.78597539990271,82.59757578921493,82.73382568359375,273406900,0.0,0.0,0.0
2010-08-12 00:00:00-04:00,81.48489150852781,82.52189942221929,81.44704205948157,82.22669219970703,239542600,0.0,0.0,0.0
2010-08-13 00:00:00-04:00,81.9693073549403,82.47645746458306,81.8860432145496,81.98444366455078,158698500,0.0,0.0,0.0
2010-08-16 00:00:00-04:00,81.42430208075673,82.21152295042674,81.12909497650708,81.94659423828125,147895300,0.0,0.0,0.0
2010-08-17 00:00:00-04:00,82.65055859471727,83.55888734154915,82.41590247802526,82.95333099365234,172270300,0.0,0.0,0.0
2010-08-18 00:00:00-04:00,82.91550066086222,83.55132973085831,82.43862885836513,83.104736328125,182922100,0.0,0.0,0.0
2010-08-19 00:00:00-04:00,82.67330305376208,82.8776750922738,81.31837459283975,81.65899658203125,265847600,0.0,0.0,0.0
2010-08-20 00:00:00-04:00,81.41673506140773,81.70437691310202,80.80361347229196,81.39402770996094,209714200,0.0,0.0,0.0
2010-08-23 00:00:00-04:00,81.78008027316845,82.18125893244547,81.04584501750425,81.08369445800781,163490300,0.0,0.0,0.0
2010-08-24 00:00:00-04:00,80.19806434009098,80.53112092453745,79.45626384293206,79.8801498413086,280677800,0.0,0.0,0.0
2010-08-25 00:00:00-04:00,79.4411361599729,80.49328607885091,78.94155696774293,80.19051361083984,272234800,0.0,0.0,0.0
2010-08-26 00:00:00-04:00,80.56896063470205,80.67493212149977,79.38812642107877,79.65306091308594,224439500,0.0,0.0,0.0
2010-08-27 00:00:00-04:00,80.15266647187754,80.97016601907279,78.9566955537602,80.88690185546875,272649000,0.0,0.0,0.0
2010-08-30 00:00:00-04:00,80.67495110053322,80.92474356746922,79.70606540758487,79.71363067626953,167238600,0.0,0.0,0.0
2010-08-31 00:00:00-04:00,79.41842349716852,80.22078665384046,79.0929379182861,79.71363067626953,273933100,0.0,0.0,0.0
2010-09-01 00:00:00-04:00,80.78848450743426,82.21153448592852,80.73549875757048,82.09799194335938,256828100,0.0,0.0,0.0
2010-09-02 00:00:00-04:00,82.29478097693033,82.87762410039099,82.12068167900644,82.86248779296875,156112200,0.0,0.0,0.0
2010-09-03 00:00:00-04:00,83.67245673746518,84.01307868311325,83.2258574881552,83.93738555908203,212197300,0.0,0.0,0.0
2010-09-07 00:00:00-04:00,83.54375102042978,83.64972251504555,82.9230583626746,82.99118041992188,141973700,0.0,0.0,0.0
2010-09-08 00:00:00-04:00,83.15772249388966,83.90709412294038,83.11987305024483,83.57404327392578,149924400,0.0,0.0,0.0
2010-09-09 00:00:00-04:00,84.51263836132912,84.53534571422969,83.73298844500421,83.96006774902344,147017900,0.0,0.0,0.0
2010-09-10 00:00:00-04:00,84.1114647375067,84.48236499867657,83.92222908537724,84.38396453857422,127819000,0.0,0.0,0.0
2010-09-13 00:00:00-04:00,85.21661453861391,85.49667965470665,84.87598684266993,85.32258605957031,178503500,0.0,0.0,0.0
2010-09-14 00:00:00-04:00,85.15603449204183,85.75401978280975,84.83812001594137,85.26957702636719,209823600,0.0,0.0,0.0
2010-09-15 00:00:00-04:00,85.01978431889556,85.69346270526887,84.76242663197236,85.59506225585938,168608400,0.0,0.0,0.0
2010-09-16 00:00:00-04:00,85.33015100949228,85.6253581932173,85.04250909457043,85.57237243652344,199962900,0.0,0.0,0.0
2010-09-17 00:00:00-04:00,86.02287390545037,86.10658381837638,85.36841775308208,85.60432434082031,195836900,0.602,0.0,0.0
2010-09-20 00:00:00-04:00,85.90107607605613,87.10344904551177,85.62711753096679,86.91320037841797,214555200,0.0,0.0,0.0
2010-09-21 00:00:00-04:00,86.98174605464604,87.39267831738927,86.38055920265425,86.73822784423828,268389100,0.0,0.0,0.0
2010-09-22 00:00:00-04:00,86.60122402106478,87.08826030428071,86.06852409472016,86.31204223632812,191322400,0.0,0.0,0.0
2010-09-23 00:00:00-04:00,85.60433452953119,86.50230895203538,85.36842791371514,85.61194610595703,202354300,0.0,0.0,0.0
2010-09-24 00:00:00-04:00,86.56317702819999,87.43832239670421,86.48707869309762,87.37744140625,209671800,0.0,0.0,0.0
2010-09-27 00:00:00-04:00,87.40789054323682,87.50681780805745,86.87519633892354,86.95890045166016,128761800,0.0,0.0,0.0
2010-09-28 00:00:00-04:00,87.07301121480546,87.54483001370664,86.12937942293183,87.26325988769531,209207500,0.0,0.0,0.0
2010-09-29 00:00:00-04:00,87.04258380337026,87.44591592745341,86.76862520878869,87.11107635498047,179665800,0.0,0.0,0.0
2010-09-30 00:00:00-04:00,87.55246806814135,88.11560268456573,86.44141037318742,86.85234832763672,287106700,0.0,0.0,0.0
2010-10-01 00:00:00-04:00,87.50681976862316,87.60575284159175,86.70016686803841,87.21764373779297,174638700,0.0,0.0,0.0
2010-10-04 00:00:00-04:00,87.0349903230934,87.40026463015148,86.12940451838075,86.56317138671875,166153200,0.0,0.0,0.0
2010-10-05 00:00:00-04:00,87.36221513605976,88.51892480685818,87.26328208519666,88.30584716796875,229634100,0.0,0.0,0.0
2010-10-06 00:00:00-04:00,88.29065197288293,88.5265644100007,87.9405949115992,88.29826354980469,148626600,0.0,0.0,0.0
2010-10-07 00:00:00-04:00,88.65591117775759,88.67874009718064,87.65900965674672,88.19170379638672,164860000,0.0,0.0,0.0
2010-10-08 00:00:00-04:00,88.31345448196393,88.9298584512897,87.97861489075984,88.68634033203125,177760100,0.0,0.0,0.0
2010-10-11 00:00:00-04:00,88.8233347238176,89.01358346823771,88.4656661553588,88.77006530761719,103098300,0.0,0.0,0.0
2010-10-12 00:00:00-04:00,88.4808735764577,89.30274945359604,88.00906045900922,89.04401397705078,182210000,0.0,0.0,0.0
2010-10-13 00:00:00-04:00,89.53868720022439,90.21597238191595,89.32560369298707,89.73654174804688,194347200,0.0,0.0,0.0
2010-10-14 00:00:00-04:00,89.65281405382618,89.8050165288314,88.82333233728801,89.38646697998047,217764300,0.0,0.0,0.0
2010-10-15 00:00:00-04:00,90.01047787164028,90.0637472836036,88.85376815218055,89.56909942626953,243705000,0.0,0.0,0.0
2010-10-18 00:00:00-04:00,89.59954481366711,90.30727035751106,89.27231674918161,90.01048278808594,141204800,0.0,0.0,0.0
2010-10-19 00:00:00-04:00,89.18101253467105,89.68326625290786,88.2906439060028,88.8309555053711,280604700,0.0,0.0,0.0
2010-10-20 00:00:00-04:00,88.99075314838012,90.13224559694967,88.93748373301744,89.69847869873047,200051800,0.0,0.0,0.0
2010-10-21 00:00:00-04:00,90.10181132275464,90.62689393731839,89.19622539313143,89.8963394165039,221585500,0.0,0.0,0.0
2010-10-22 00:00:00-04:00,90.03331835279063,90.20073818501366,89.79741175607519,90.06375885009766,108212400,0.0,0.0,0.0
2010-10-25 00:00:00-04:00,90.66495597470247,91.13677502800975,90.26162949964986,90.33011627197266,151145700,0.0,0.0,0.0
2010-10-26 00:00:00-04:00,89.87351028431924,90.43664497084879,89.69848468185184,90.34532928466797,158982900,0.0,0.0,0.0
2010-10-27 00:00:00-04:00,89.71369247642777,90.18551142654547,89.23426775722554,90.08657836914062,190024000,0.0,0.0,0.0
2010-10-28 00:00:00-04:00,90.60407565133649,90.64212772908857,89.66805492032711,90.10182189941406,168576000,0.0,0.0,0.0
2010-10-29 00:00:00-04:00,90.01046461479518,90.34530418692368,89.85065640244191,90.17027282714844,144305500,0.0,0.0,0.0
2010-11-01 00:00:00-04:00,90.61165200640085,91.1291287106484,89.68323740708057,90.20071411132812,174074800,0.0,0.0,0.0
2010-11-02 00:00:00-04:00,90.8780245864942,91.12915433842862,90.63450641047845,90.91607666015625,158345900,0.0,0.0,0.0
2010-11-03 00:00:00-04:00,91.07587547169337,91.3346109667769,90.13984913245376,91.28134155273438,226702800,0.0,0.0,0.0
2010-11-04 00:00:00-04:00,92.29346042045552,93.08489581211587,91.29655896067743,93.03923797607422,215039400,0.0,0.0,0.0
2010-11-05 00:00:00-04:00,93.10012330580652,93.54150178876517,92.97836712777745,93.3893051147461,180654100,0.0,0.0,0.0
2010-11-08 00:00:00-05:00,93.10014399974106,93.36649694737476,92.79575058404353,93.21429443359375,156107100,0.0,0.0,0.0
2010-11-09 00:00:00-05:00,93.46542009463782,93.56434736977258,92.17173071732256,92.54461669921875,186621600,0.0,0.0,0.0
2010-11-10 00:00:00-05:00,92.52178085068181,92.96315937920335,91.82166678843276,92.91749572753906,221387400,0.0,0.0,0.0
2010-11-11 00:00:00-05:00,92.11844433903636,92.70440791703997,91.83687410725591,92.56742858886719,158017600,0.0,0.0,0.0
2010-11-12 00:00:00-05:00,91.94343008707891,92.34675657138287,91.05306719086842,91.47161102294922,239068800,0.0,0.0,0.0
2010-11-15 00:00:00-05:00,91.76078900017984,92.11845762008244,91.3041931090851,91.34223937988281,163940800,0.0,0.0,0.0
2010-11-16 00:00:00-05:00,90.77907336824187,90.9312700108654,89.48537868222277,89.91915130615234,299566200,0.0,0.0,0.0
2010-11-17 00:00:00-05:00,89.95722454441244,90.3377220710224,89.69087743697177,89.96483612060547,172308900,0.0,0.0,0.0
2010-11-18 00:00:00-05:00,90.83234468627327,91.61616844355483,90.8247331122029,91.2889404296875,197723700,0.0,0.0,0.0
2010-11-19 00:00:00-05:00,91.24330487229142,91.57813873604202,90.74865694369717,91.54009246826172,156852900,0.0,0.0,0.0
2010-11-22 00:00:00-05:00,91.08348416702134,91.50202789099933,90.38336442554437,91.46398162841797,181361000,0.0,0.0,0.0
2010-11-23 00:00:00-05:00,90.38334964620569,90.57359834579484,89.78977463243626,90.13983154296875,222309000,0.0,0.0,0.0
2010-11-24 00:00:00-05:00,90.71061590360378,91.49444575351247,90.69539855582694,91.47161102294922,140046100,0.0,0.0,0.0
2010-11-26 00:00:00-05:00,90.6801858332287,91.17482804128706,90.4062271118164,90.4062271118164,76007800,0.0,0.0,0.0
2010-11-29 00:00:00-05:00,90.1779086585558,90.9236863227468,89.59955082546466,90.68016815185547,223642300,0.0,0.0,0.0
2010-11-30 00:00:00-05:00,89.78216965683177,90.68774952683358,89.65279612746329,90.17027282714844,233930700,0.0,0.0,0.0
2010-12-01 00:00:00-05:00,91.47157244301373,92.26300773004142,91.4639666752992,92.08798217773438,221037200,0.0,0.0,0.0
2010-12-02 00:00:00-05:00,92.23259391781002,93.33604017816963,92.17932449875343,93.26754760742188,191213600,0.0,0.0,0.0
2010-12-03 00:00:00-05:00,92.94792291477431,93.625207957157,92.92509399517748,93.51866912841797,151288900,0.0,0.0,0.0
2010-12-06 00:00:00-05:00,93.32079809201106,93.63280877313035,93.22187084981547,93.41973114013672,103050500,0.0,0.0,0.0
2010-12-07 00:00:00-05:00,94.31773512090255,94.37100454598665,93.41976066524794,93.47303009033203,206581000,0.0,0.0,0.0
2010-12-08 00:00:00-05:00,93.58716519463759,93.89155854189163,93.15339828827656,93.81546020507812,138019200,0.0,0.0,0.0
2010-12-09 00:00:00-05:00,94.34054860554374,94.3785948709876,93.71653295414133,94.18074035644531,123705100,0.0,0.0,0.0
2010-12-10 00:00:00-05:00,94.46991926324047,94.81997626811362,94.15791433091202,94.7286605834961,117571700,0.0,0.0,0.0
2010-12-13 00:00:00-05:00,95.16242725344084,95.27657185891314,94.75909502569128,94.78953552246094,133812700,0.0,0.0,0.0
2010-12-14 00:00:00-05:00,94.93409569550865,95.29937573255312,94.584038804886,94.87321472167969,147249600,0.0,0.0,0.0
2010-12-15 00:00:00-05:00,94.698247927085,95.0711339627377,94.2796982297677,94.43950653076172,160823100,0.0,0.0,0.0
2010-12-16 00:00:00-05:00,94.50037508232505,95.05590407952305,94.1731469455497,94.98741149902344,185035200,0.0,0.0,0.0
2010-12-17 00:00:00-05:00,94.9208339340111,95.21153070750228,94.72193306979912,95.0891342163086,141075300,0.653,0.0,0.0
2010-12-20 00:00:00-05:00,95.34921935278061,95.54812019393135,94.84432440089152,95.31861877441406,119085500,0.0,0.0,0.0
2010-12-21 00:00:00-05:00,95.61695845454663,95.9841595252114,95.52516256422771,95.92295837402344,94965500,0.0,0.0,0.0
2010-12-22 00:00:00-05:00,95.99184834290807,96.25194458159802,95.93829877397395,96.22134399414062,78878100,0.0,0.0,0.0
2010-12-23 00:00:00-05:00,96.11423400685476,96.2213331326336,95.84648619240762,96.08363342285156,70053700,0.0,0.0,0.0
2010-12-27 00:00:00-05:00,95.72410823831376,96.21370603414117,95.65526128411902,96.12191009521484,58126000,0.0,0.0,0.0
2010-12-28 00:00:00-05:00,96.31312444722299,96.35137079573377,96.00712447681684,96.25957489013672,55309100,0.0,0.0,0.0
2010-12-29 00:00:00-05:00,96.37432633599569,96.54262077634851,96.31312517415974,96.32842254638672,58033100,0.0,0.0,0.0
2010-12-30 00:00:00-05:00,96.23665436550293,96.4890990169925,96.03010184391562,96.17545318603516,76616900,0.0,0.0,0.0
2010-12-31 00:00:00-05:00,96.03007923092908,96.29018126418592,95.87708215475281,96.19837951660156,91218900,0.0,0.0,0.0
2011-01-03 00:00:00-05:00,96.93278429698621,97.6136312663223,96.16013557219651,97.19288635253906,138725200,0.0,0.0,0.0
2011-01-04 00:00:00-05:00,97.40706815278453,97.437668732765,96.53497205096436,97.13932037353516,137409700,0.0,0.0,0.0
2011-01-05 00:00:00-05:00,96.83333860935193,97.70543487507658,96.74153685215698,97.64423370361328,133975300,0.0,0.0,0.0
2011-01-06 00:00:00-05:00,97.68248150594712,97.78958063296336,97.16228324481189,97.4529800415039,122519000,0.0,0.0,0.0
2011-01-07 00:00:00-05:00,97.58302374595037,97.7436724292283,96.50438091923735,97.26172637939453,156034600,0.0,0.0,0.0
2011-01-10 00:00:00-05:00,96.83332041019422,97.27702006521538,96.54261781861159,97.13932037353516,122401700,0.0,0.0,0.0
2011-01-11 00:00:00-05:00,97.49122551825272,97.7207211304292,97.11637276304187,97.48357391357422,110287000,0.0,0.0,0.0
2011-01-12 00:00:00-05:00,98.08030466132074,98.4704490649296,97.50655087505427,98.36334991455078,107929200,0.0,0.0,0.0
2011-01-13 00:00:00-05:00,98.40154335992959,98.44744130084027,97.95784380958469,98.20263671875,129048400,0.0,0.0,0.0
2011-01-14 00:00:00-05:00,98.06495362841795,98.93704961993959,97.99610670951719,98.91410064697266,117677900,0.0,0.0,0.0
2011-01-18 00:00:00-05:00,98.82232770162034,99.17423153193579,98.7075827965883,99.08243560791016,114401300,0.0,0.0,0.0
2011-01-19 00:00:00-05:00,98.99830822106887,99.097749937323,97.85081221512382,98.11090850830078,151958400,0.0,0.0,0.0
2011-01-20 00:00:00-05:00,97.8890179586403,98.22561267857532,97.25406903141983,97.98081970214844,175745700,0.0,0.0,0.0
2011-01-21 00:00:00-05:00,98.59279256234075,98.81463650105073,98.09553763231675,98.20263671875,151462900,0.0,0.0,0.0
2011-01-24 00:00:00-05:00,98.14148140556475,98.87588382187852,98.11853242439217,98.76113891601562,113715500,0.0,0.0,0.0
2011-01-25 00:00:00-05:00,98.50102276376013,98.89882452567468,98.00377931606401,98.8146743774414,167552200,0.0,0.0,0.0
2011-01-26 00:00:00-05:00,99.05946495755876,99.48786140654003,98.86055826844049,99.19715881347656,141281500,0.0,0.0,0.0
2011-01-27 00:00:00-05:00,99.22012275602013,99.61027875249464,99.04417668927587,99.44197845458984,123302700,0.0,0.0,0.0
2011-01-28 00:00:00-05:00,99.55675172638425,99.71740630123752,97.54481085633971,97.70545959472656,295637300,0.0,0.0,0.0
2011-01-31 00:00:00-05:00,97.97320509959054,98.5163466196127,97.72840037236284,98.4398422241211,149249200,0.0,0.0,0.0
2011-02-01 00:00:00-05:00,99.03654394592051,100.19168553080301,98.97534276836679,100.01573944091797,167194300,0.0,0.0,0.0
2011-02-02 00:00:00-05:00,99.75562716148599,100.09222778686569,99.7020834290468,99.8244857788086,118323600,0.0,0.0,0.0
2011-02-03 00:00:00-05:00,99.64852389979588,100.19932277799906,99.12068567503707,100.04632568359375,145886700,0.0,0.0,0.0
2011-02-04 00:00:00-05:00,100.08456796967967,100.36761314996194,99.6255650589629,100.32936096191406,134634800,0.0,0.0,0.0
2011-02-07 00:00:00-05:00,100.55121752267502,101.28560817868936,100.54356008124155,100.9566650390625,112439100,0.0,0.0,0.0
2011-02-08 00:00:00-05:00,101.04845768379495,101.46920839650858,100.77305827846682,101.41566467285156,99072800,0.0,0.0,0.0
2011-02-09 00:00:00-05:00,101.14025164794869,101.46154896541076,100.6812488099017,101.18614959716797,146436700,0.0,0.0,0.0
2011-02-10 00:00:00-05:00,100.67363498766491,101.33917880838398,100.44413349581777,101.22443389892578,162708500,0.0,0.0,0.0
2011-02-11 00:00:00-05:00,100.82663663044261,101.95882925548062,100.80368764751782,101.82878112792969,137710300,0.0,0.0,0.0
2011-02-14 00:00:00-05:00,101.76754561616748,102.15768986719861,101.6528007402546,102.07353973388672,101690700,0.0,0.0,0.0
2011-02-15 00:00:00-05:00,101.75993863222907,101.91293574940005,101.22444288566473,101.75228118896484,119575400,0.0,0.0,0.0
2011-02-16 00:00:00-05:00,102.09648811133798,102.51722705440278,101.88993568659234,102.39483642578125,130183500,0.0,0.0,0.0
2011-02-17 00:00:00-05:00,102.09650133735997,102.83853766341906,102.00469376284323,102.70084381103516,109810500,0.0,0.0,0.0
2011-02-18 00:00:00-05:00,102.7926519892664,103.03745665331174,102.55550476655304,102.91505432128906,130002400,0.0,0.0,0.0
2011-02-22 00:00:00-05:00,101.8364123718229,102.93801008680467,100.5741717992819,100.84957122802734,233116400,0.0,0.0,0.0
2011-02-23 00:00:00-05:00,100.78835635467053,101.03316100157348,99.61026609200218,100.22991180419922,227584000,0.0,0.0,0.0
2011-02-24 00:00:00-05:00,100.12284651094859,100.55124311481326,99.22014366172063,100.16108703613281,260431400,0.0,0.0,0.0
2011-02-25 00:00:00-05:00,100.58179595645284,101.29324919156457,100.52059479955624,101.23204803466797,141686900,0.0,0.0,0.0
2011-02-28 00:00:00-05:00,101.60692857952371,101.98942716022134,101.27032796084096,101.85936737060547,141585500,0.0,0.0,0.0
2011-03-01 00:00:00-05:00,102.18069103652108,102.27248697365437,100.13049228139904,100.16108703613281,258565500,0.0,0.0,0.0
2011-03-02 00:00:00-05:00,100.02337845865189,100.84193102112884,99.71738426447057,100.37528228759766,200277400,0.0,0.0,0.0
2011-03-03 00:00:00-05:00,101.2856191897341,102.21891665761585,101.27797342039845,102.10417175292969,176480100,0.0,0.0,0.0
2011-03-04 00:00:00-05:00,102.02764207841962,102.22654876114666,100.67360584702459,101.33914947509766,277202300,0.0,0.0,0.0
2011-03-07 00:00:00-05:00,101.63750805974117,101.86700950826521,100.01571805658074,100.5435562133789,216790400,0.0,0.0,0.0
2011-03-08 00:00:00-05:00,100.70424053954129,101.74463729762223,100.2681981639047,101.42333984375,174615000,0.0,0.0,0.0
2011-03-09 00:00:00-05:00,101.22440275520486,101.59159802542685,100.6736040134083,101.27794647216797,153806000,0.0,0.0,0.0
2011-03-10 00:00:00-05:00,100.21464280060896,100.35233670679325,99.30429417772818,99.40374755859375,301291800,0.0,0.0,0.0
2011-03-11 00:00:00-05:00,99.08243395486771,100.45177371476935,99.05948497424417,100.09222412109375,225621800,0.0,0.0,0.0
2011-03-14 00:00:00-04:00,99.4419560553488,99.81679708385258,98.73050283392763,99.48785400390625,234974100,0.0,0.0,0.0
2011-03-15 00:00:00-04:00,96.84099230870503,98.93708882948427,96.77214536251968,98.34803771972656,359585400,0.0,0.0,0.0
2011-03-16 00:00:00-04:00,98.03436778471159,98.35567681951568,95.83882997543196,96.52732849121094,468670300,0.0,0.0,0.0
2011-03-17 00:00:00-04:00,97.91962896735234,98.21797736994506,97.2311304088827,97.80487823486328,254303700,0.0,0.0,0.0
2011-03-18 00:00:00-04:00,98.99041096213662,99.02115034754786,97.96854914638244,98.16062927246094,230435400,0.553,0.0,0.0
2011-03-21 00:00:00-04:00,99.3822479095327,99.8893304609143,99.2669928159523,99.68189239501953,153992600,0.0,0.0,0.0
2011-03-22 00:00:00-04:00,99.66651972093149,99.79713277750156,99.24394117106446,99.33613586425781,129538600,0.0,0.0,0.0
2011-03-23 00:00:00-04:00,99.05954005004794,99.88164847639241,98.59087587727475,99.62042236328125,148603100,0.0,0.0,0.0
2011-03-24 00:00:00-04:00,100.18895237634435,100.71909520592523,99.62808189624751,100.57311248779297,159129800,0.0,0.0,0.0
2011-03-25 00:00:00-04:00,100.83435005020537,101.31838381748592,100.56543328333248,100.88044738769531,155642800,0.0,0.0,0.0
2011-03-28 00:00:00-04:00,101.09561001387522,101.35683616301047,100.60388537635704,100.63461303710938,109762400,0.0,0.0,0.0
2011-03-29 00:00:00-04:00,100.55007340796377,101.341442375126,100.21970130795737,101.31071472167969,129798800,0.0,0.0,0.0
2011-03-30 00:00:00-04:00,101.84088676144465,102.30956274524654,101.69490398759216,102.00991821289062,135835000,0.0,0.0,0.0
2011-03-31 00:00:00-04:00,101.87928036706668,102.15587615459395,101.76402528347492,101.87158966064453,132537100,0.0,0.0,0.0
2011-04-01 00:00:00-04:00,102.50162780258594,102.7782236166781,102.05600056190195,102.3018569946289,153850100,0.0,0.0,0.0
2011-04-04 00:00:00-04:00,102.51695029678358,102.70135135025168,102.09438360015923,102.38633728027344,100768900,0.0,0.0,0.0
2011-04-05 00:00:00-04:00,102.18657825563098,102.82428537639328,102.14048092317694,102.37097930908203,120791500,0.0,0.0,0.0
2011-04-06 00:00:00-04:00,102.86271118992039,102.95490586151651,102.27878034011624,102.69367980957031,120411600,0.0,0.0,0.0
2011-04-07 00:00:00-04:00,102.50928959285912,102.93954707069607,101.92537040488568,102.43246459960938,170731500,0.0,0.0,0.0
2011-04-08 00:00:00-04:00,102.88579460597025,102.94726164900582,101.65647719253799,102.07905578613281,147945400,0.0,0.0,0.0
2011-04-11 00:00:00-04:00,102.18665468864458,102.53239666429096,101.5258984074264,101.77176666259766,121385400,0.0,0.0,0.0
2011-04-12 00:00:00-04:00,101.20317325716908,101.40293235888016,100.642302596628,101.01109313964844,161187400,0.0,0.0,0.0
2011-04-13 00:00:00-04:00,101.47973459973835,101.55655958644779,100.61921971732208,101.00337982177734,162059000,0.0,0.0,0.0
2011-04-14 00:00:00-04:00,100.41944437686008,101.23386188535447,100.0890723294516,101.0802001953125,161220400,0.0,0.0,0.0
2011-04-15 00:00:00-04:00,101.26461576194636,101.70255222747457,100.9649713201732,101.44900512695312,170006700,0.0,0.0,0.0
2011-04-18 00:00:00-04:00,100.33495358026909,101.44133678086382,99.50516617982304,100.31190490722656,210759300,0.0,0.0,0.0
2011-04-19 00:00:00-04:00,100.46556690048537,100.91888482667407,100.21971047950358,100.88814544677734,124258800,0.0,0.0,0.0
2011-04-20 00:00:00-04:00,102.09443442908963,102.48627367370192,102.02527667233626,102.26346588134766,156133800,0.0,0.0,0.0
2011-04-21 00:00:00-04:00,102.79356002439175,102.83197838122115,102.26342890523748,102.78588104248047,135935400,0.0,0.0,0.0
2011-04-25 00:00:00-04:00,102.70905712288267,102.84736087996916,102.340266643382,102.67832946777344,65757100,0.0,0.0,0.0
2011-04-26 00:00:00-04:00,102.99332494592801,103.76932412584591,102.88576058709151,103.56187438964844,146600000,0.0,0.0,0.0
2011-04-27 00:00:00-04:00,103.76166697887606,104.39168357788219,103.33908843608263,104.23802185058594,143031000,0.0,0.0,0.0
2011-04-28 00:00:00-04:00,104.05360881160986,104.71436471448801,104.03825084718818,104.5760726928711,124791100,0.0,0.0,0.0
2011-04-29 00:00:00-04:00,104.61449951183336,104.92951366250885,104.47619575539426,104.82193756103516,115094100,0.0,0.0,0.0
2011-05-02 00:00:00-04:00,105.31366806321407,105.39817204065146,104.45314136400734,104.66059112548828,126278700,0.0,0.0,0.0
2011-05-03 00:00:00-04:00,104.4608484175923,104.63755882980723,103.75398332145438,104.28412628173828,138375000,0.0,0.0,0.0
2011-05-04 00:00:00-04:00,104.23800704677934,104.28410438605768,103.13162400955275,103.59262084960938,182678500,0.0,0.0,0.0
2011-05-05 00:00:00-04:00,103.01640787694703,103.68484292034798,102.20199007150686,102.6552963256836,226900000,0.0,0.0,0.0
2011-05-06 00:00:00-04:00,103.67714278342525,104.207285664293,102.7090517057929,103.10858154296875,222787200,0.0,0.0,0.0
2011-05-09 00:00:00-04:00,103.10090883137508,103.80776214097897,102.93955640074336,103.50811767578125,114104500,0.0,0.0,0.0
2011-05-10 00:00:00-04:00,103.85385597856589,104.57607895327725,103.72324293134072,104.39167785644531,114806900,0.0,0.0,0.0
2011-05-11 00:00:00-04:00,104.23803010272104,104.25339979375892,102.81664435815702,103.29299926757812,193564200,0.0,0.0,0.0
2011-05-12 00:00:00-04:00,103.01640097202672,103.9998501493164,102.48625801852982,103.78472137451172,171550700,0.0,0.0,0.0
2011-05-13 00:00:00-04:00,103.83849281380182,103.9844755591779,102.61686624508378,102.98565673828125,157444900,0.0,0.0,0.0
2011-05-16 00:00:00-04:00,102.61689357304502,103.4236325172138,102.16358724989054,102.3326187133789,141675400,0.0,0.0,0.0
2011-05-17 00:00:00-04:00,101.94843970094249,102.45553399825906,101.51049142863107,102.31723022460938,192686200,0.0,0.0,0.0
2011-05-18 00:00:00-04:00,102.37099900928541,103.33907834802145,102.14817956136514,103.23151397705078,135217900,0.0,0.0,0.0
2011-05-19 00:00:00-04:00,103.56959289524518,103.74630330570207,102.90883687827703,103.47738647460938,119489500,0.0,0.0,0.0
2011-05-20 00:00:00-04:00,103.2084879904429,103.47739311515329,102.46321621218772,102.6552963256836,182594900,0.0,0.0,0.0
2011-05-23 00:00:00-04:00,101.40296469864863,101.97152624834766,101.10332008869837,101.46443176269531,168700000,0.0,0.0,0.0
2011-05-24 00:00:00-04:00,101.75635640239261,101.97916416163504,101.18779508168858,101.37987518310547,147199600,0.0,0.0,0.0
2011-05-25 00:00:00-04:00,100.97263923502173,102.14048922115236,100.94191158543434,101.71791076660156,151050100,0.0,0.0,0.0
2011-05-26 00:00:00-04:00,101.44132810378363,102.3710008236506,101.24924802910046,102.18659973144531,164850000,0.0,0.0,0.0
2011-05-27 00:00:00-04:00,102.47087343340824,102.8550335788119,102.15587102414156,102.57843780517578,120921900,0.0,0.0,0.0
2011-05-31 00:00:00-04:00,103.54654203202699,103.66178540083678,102.83199797449014,103.64641571044922,164731200,0.0,0.0,0.0
2011-06-01 00:00:00-04:00,103.34675492921038,103.66176905246158,101.23387419423358,101.31838989257812,233094300,0.0,0.0,0.0
2011-06-02 00:00:00-04:00,101.38755279998331,101.60268154790349,100.6192324935148,101.21083068847656,200466800,0.0,0.0,0.0
2011-06-03 00:00:00-04:00,99.99690352498374,100.97267379517369,99.94312718889068,100.20435333251953,234690200,0.0,0.0,0.0
2011-06-06 00:00:00-04:00,99.95079698388521,100.1582467723488,99.01344516773274,99.14405822753906,179951200,0.0,0.0,0.0
2011-06-07 00:00:00-04:00,99.6511683910079,99.93545495346305,98.99810298783396,99.0826187133789,161660500,0.0,0.0,0.0
2011-06-08 00:00:00-04:00,98.92893548612227,99.25931937112134,98.48330822475114,98.66770935058594,198696400,0.0,0.0,0.0
2011-06-09 00:00:00-04:00,98.93659764396466,99.82784018588566,98.69842025243248,99.4206314086914,160964400,0.0,0.0,0.0
2011-06-10 00:00:00-04:00,98.9980725303188,99.05952783577095,97.7764402398994,98.03766632080078,238629400,0.0,0.0,0.0
2011-06-13 00:00:00-04:00,98.26049232961084,98.5294091504252,97.61510602802264,98.11450958251953,207599800,0.0,0.0,0.0
2011-06-14 00:00:00-04:00,99.01342315728344,99.70491839056473,98.97501652513131,99.35917663574219,160570400,0.0,0.0,0.0
2011-06-15 00:00:00-04:00,98.52943708595184,99.3438550389072,97.33085297460102,97.59207916259766,300958000,0.0,0.0,0.0
2011-06-16 00:00:00-04:00,97.62278882362047,98.32196320613103,97.05423336499636,97.80718994140625,308032800,0.0,0.0,0.0
2011-06-17 00:00:00-04:00,98.77851656614212,98.78623950975957,97.76702891481345,98.09904479980469,233284900,0.628,0.0,0.0
2011-06-20 00:00:00-04:00,97.7670339241206,98.80940751244742,97.73614803894822,98.6009292602539,159479000,0.0,0.0,0.0
2011-06-21 00:00:00-04:00,99.11056048004035,100.14521136394531,98.63956093113387,99.95217895507812,193157300,0.0,0.0,0.0
2011-06-22 00:00:00-04:00,99.64331226607428,100.23012643247752,99.28812751946117,99.34989929199219,176703000,0.0,0.0,0.0
2011-06-23 00:00:00-04:00,98.18398946030531,99.32673781457649,97.4350229072446,99.06421661376953,334286500,0.0,0.0,0.0
2011-06-24 00:00:00-04:00,99.04102547413301,99.1182313326337,97.76701099129404,97.91371154785156,226129300,0.0,0.0,0.0
2011-06-27 00:00:00-04:00,97.97552407911164,99.16459847435894,97.78249167988714,98.78626251220703,168904700,0.0,0.0,0.0
2011-06-28 00:00:00-04:00,99.1800334207458,100.09115237106066,99.04105576388632,100.0757064819336,165556300,0.0,0.0,0.0
2011-06-29 00:00:00-04:00,100.53125913413913,101.09491037355673,100.09115144306988,100.93276977539062,244295500,0.0,0.0,0.0
2011-06-30 00:00:00-04:00,101.25704988007371,102.06005927872408,100.92503989057934,101.89791870117188,223322700,0.0,0.0,0.0
2011-07-01 00:00:00-04:00,101.99058885893481,103.54257678604401,101.75123058486135,103.4035873413086,202385700,0.0,0.0,0.0
2011-07-05 00:00:00-04:00,103.29548634890936,103.52712756149903,102.99435630707124,103.31864929199219,165936000,0.0,0.0,0.0
2011-07-06 00:00:00-04:00,103.0715428010542,103.57342212508603,102.77812990172352,103.4421615600586,143331600,0.0,0.0,0.0
2011-07-07 00:00:00-04:00,104.36101074413361,104.77795542901796,104.14481545837735,104.51543426513672,170464200,0.0,0.0,0.0
2011-07-08 00:00:00-04:00,103.33408515243725,104.51544226205287,102.99434631117988,103.7741928100586,194100500,0.0,0.0,0.0
2011-07-11 00:00:00-04:00,102.50017869559959,102.83218868509395,101.65856047027877,101.89791870117188,195918600,0.0,0.0,0.0
2011-07-12 00:00:00-04:00,101.68173359630741,102.52335190594074,101.42692945286815,101.45780944824219,214675700,0.0,0.0,0.0
2011-07-13 00:00:00-04:00,101.99057111014761,102.8630811150725,101.55046347222537,101.79753875732422,204062600,0.0,0.0,0.0
2011-07-14 00:00:00-04:00,102.05236989164534,102.52336942848542,100.90189252283587,101.09492492675781,226111800,0.0,0.0,0.0
2011-07-15 00:00:00-04:00,101.6585844913999,101.82072510726466,100.97138962862239,101.68174743652344,220012800,0.0,0.0,0.0
2011-07-18 00:00:00-04:00,101.21074883745243,101.36517240026933,100.09116327982663,100.84784698486328,196872100,0.0,0.0,0.0
2011-07-19 00:00:00-04:00,101.41148171936106,102.60828475370792,101.3883187778117,102.4847412109375,166554900,0.0,0.0,0.0
2011-07-20 00:00:00-04:00,102.74732431261243,102.8090843323681,102.24543284340763,102.42301940917969,137145400,0.0,0.0,0.0
2011-07-21 00:00:00-04:00,103.00205138322721,104.09848543675398,102.43840025220946,103.84368133544922,245246300,0.0,0.0,0.0
2011-07-22 00:00:00-04:00,103.86682873270115,104.02125222445231,103.28000296958666,103.91315460205078,126019400,0.0,0.0,0.0
2011-07-25 00:00:00-04:00,102.92485589968497,103.84369181114744,102.8167582502047,103.3340835571289,136653800,0.0,0.0,0.0
2011-07-26 00:00:00-04:00,103.26461214274721,103.43448158938784,102.71639496826842,102.94803619384766,131278200,0.0,0.0,0.0
2011-07-27 00:00:00-04:00,102.37665633369052,102.40754811411895,100.70885364342006,100.84012603759766,249020100,0.0,0.0,0.0
2011-07-28 00:00:00-04:00,100.84008953478981,101.74347938623033,100.38452430159538,100.54667663574219,207939900,0.0,0.0,0.0
2011-07-29 00:00:00-04:00,99.5352269488268,100.80151898829074,98.80942325881168,99.8595199584961,307038400,0.0,0.0,0.0
2011-08-01 00:00:00-04:00,101.02541449516737,101.11807804084222,98.46966789860402,99.43482971191406,325790900,0.0,0.0,0.0
2011-08-02 00:00:00-04:00,98.68587926075594,99.21865055347916,96.89453887939453,96.89453887939453,346653800,0.0,0.0,0.0
2011-08-03 00:00:00-04:00,97.02578914628025,97.52766857417078,95.38114965386052,97.41957092285156,370830800,0.0,0.0,0.0
2011-08-04 00:00:00-04:00,96.06836407820795,96.22279353379774,92.70187852780865,92.85630798339844,520721800,0.0,0.0,0.0
2011-08-05 00:00:00-04:00,94.01449352402722,94.25385179401368,90.23105763670647,92.71731567382812,655619200,0.0,0.0,0.0
2011-08-08 00:00:00-04:00,90.26966364578928,92.74819866060386,86.4939449304744,86.67926025390625,702263900,0.0,0.0,0.0
2011-08-09 00:00:00-04:00,88.07679113972033,90.8332925715702,85.14269737260025,90.70975494384766,717828700,0.0,0.0,0.0
2011-08-10 00:00:00-04:00,88.99562518173552,89.783194479415,86.43987318104031,86.70240020751953,662607400,0.0,0.0,0.0
2011-08-11 00:00:00-04:00,87.45138915232555,91.82163907570276,86.72558553448103,90.59395599365234,487979700,0.0,0.0,0.0
2011-08-12 00:00:00-04:00,91.42014431651715,92.04556739716199,90.55535705800479,91.20394897460938,313731600,0.0,0.0,0.0
2011-08-15 00:00:00-04:00,92.0301091292428,93.22690621748889,91.88340265169208,93.1342544555664,258810600,0.0,0.0,0.0
2011-08-16 00:00:00-04:00,92.24629173227459,93.18829045470541,91.35061888442912,92.33894348144531,294095200,0.0,0.0,0.0
2011-08-17 00:00:00-04:00,92.84857046233991,93.58209111587732,91.66721329421651,92.4007339477539,238201100,0.0,0.0,0.0
2011-08-18 00:00:00-04:00,89.95310900652973,92.43164460787247,87.55178519611489,88.41657257080078,512956300,0.0,0.0,0.0
2011-08-19 00:00:00-04:00,87.21975272764263,89.47436958604156,86.86457384372069,86.97267150878906,428281300,0.0,0.0,0.0
2011-08-22 00:00:00-04:00,88.92616757378683,88.97249935712604,86.79509404839187,87.04217529296875,275090600,0.0,0.0,0.0
2011-08-23 00:00:00-04:00,87.3664543989285,90.00713588405637,86.92634081807385,89.9067611694336,331136600,0.0,0.0,0.0
2011-08-24 00:00:00-04:00,89.71371818132073,91.29657993991,89.50523994138327,91.17304229736328,246869700,0.0,0.0,0.0
2011-08-25 00:00:00-04:00,91.67495479607463,92.19228024132761,89.46666355327467,89.78323364257812,312365400,0.0,0.0,0.0
2011-08-26 00:00:00-04:00,89.3276726433081,91.50507781469332,87.90695115844788,91.08812713623047,314495900,0.0,0.0,0.0
2011-08-29 00:00:00-04:00,92.31579212076417,93.75967626549345,91.15759798385577,93.70562744140625,190977200,0.0,0.0,0.0
2011-08-30 00:00:00-04:00,93.29640414928276,94.53181010821467,92.0841611316308,93.95271301269531,241315700,0.0,0.0,0.0
2011-08-31 00:00:00-04:00,94.55499176981964,95.36573022041165,93.6593244813468,94.36968231201172,301828400,0.0,0.0,0.0
2011-09-01 00:00:00-04:00,94.42372906274161,95.28079338612577,93.25781172258169,93.38135528564453,254585900,0.0,0.0,0.0
2011-09-02 00:00:00-04:00,91.43555875757676,93.32727925224555,90.67115232925177,90.99544525146484,255517200,0.0,0.0,0.0
2011-09-06 00:00:00-04:00,88.32392284597637,90.4627255817862,88.31619989892306,90.33145904541016,285130500,0.0,0.0,0.0
2011-09-07 00:00:00-04:00,91.69811347294058,92.91807377088857,91.38926045298763,92.87947082519531,209803200,0.0,0.0,0.0
2011-09-08 00:00:00-04:00,92.32354204209916,93.38136178362863,91.70583596556426,91.91431427001953,250568200,0.0,0.0,0.0
2011-09-09 00:00:00-04:00,90.86419857462282,91.92973514958736,89.0110866213484,89.5052490234375,380195100,0.0,0.0,0.0
2011-09-12 00:00:00-04:00,88.38565301023293,90.1538300361305,88.06136007732938,90.08433532714844,305793500,0.0,0.0,0.0
2011-09-13 00:00:00-04:00,90.37775713060431,91.25026131398737,89.73688825448947,90.9105224609375,272514700,0.0,0.0,0.0
2011-09-14 00:00:00-04:00,91.37379958979035,93.2732432894558,90.12295360571848,92.16909790039062,319389500,0.0,0.0,0.0
2011-09-15 00:00:00-04:00,93.15742165808967,93.79056758734075,92.1922598213728,93.75968170166016,326777200,0.0,0.0,0.0
2011-09-16 00:00:00-04:00,94.13608524139362,94.66384982387378,93.383243977422,94.31459045410156,284528300,0.625,0.0,0.0
2011-09-19 00:00:00-04:00,92.77012001251045,93.85669502213037,92.14146133696465,93.37549591064453,241517000,0.0,0.0,0.0
2011-09-20 00:00:00-04:00,93.77132762827003,94.67939154071637,93.14266890755454,93.266845703125,218932200,0.0,0.0,0.0
2011-09-21 00:00:00-04:00,93.31340739826366,93.60056953867371,90.37189621473262,90.51935577392578,316251300,0.0,0.0,0.0
2011-09-22 00:00:00-04:00,87.89605646292726,88.64113490648724,86.38261679965812,87.59336853027344,513911300,0.0,0.0,0.0
2011-09-23 00:00:00-04:00,87.0112892527401,88.60234631753713,86.94143499184716,88.12114715576172,307242500,0.0,0.0,0.0
2011-09-26 00:00:00-04:00,88.9515869756134,90.34084987829222,87.68650677593382,90.21666717529297,260673700,0.0,0.0,0.0
2011-09-27 00:00:00-04:00,91.99400064466876,92.79340762469477,90.68234884946622,91.22563934326172,311753900,0.0,0.0,0.0
2011-09-28 00:00:00-04:00,91.41192090462908,91.96296845790502,89.23101347356598,89.36295318603516,286696800,0.0,0.0,0.0
2011-09-29 00:00:00-04:00,90.84536883126474,91.29551651000092,88.42385842649806,90.06924438476562,298108900,0.0,0.0,0.0
2011-09-30 00:00:00-04:00,88.82740879486245,89.60353296404904,87.75635957307364,87.81845092773438,288392300,0.0,0.0,0.0
2011-10-03 00:00:00-04:00,87.30620424336665,88.43934479528014,85.22619127813108,85.31932830810547,365136800,0.0,0.0,0.0
2011-10-04 00:00:00-04:00,84.09304759427836,87.37605524197606,83.37901482180679,87.18978118896484,459177500,0.0,0.0,0.0
2011-10-05 00:00:00-04:00,87.40709551235842,89.03695488659717,86.59992576329537,88.80411529541016,284108000,0.0,0.0,0.0
2011-10-06 00:00:00-04:00,88.75754818755247,90.54263589836377,88.09784391924626,90.41069030761719,257800800,0.0,0.0,0.0
2011-10-07 00:00:00-04:00,90.93847668971173,91.00056805065901,89.3008540532151,89.80533599853516,312657900,0.0,0.0,0.0
2011-10-10 00:00:00-04:00,91.33428483151319,92.84772446636592,91.32652193249018,92.80892181396484,230666300,0.0,0.0,0.0
2011-10-11 00:00:00-04:00,92.2578753203128,93.1659391101797,92.16473829518912,92.90205383300781,209088000,0.0,0.0,0.0
2011-10-12 00:00:00-04:00,93.60059828711066,94.79583053321213,93.39104731160256,93.7170181274414,281544900,0.0,0.0,0.0
2011-10-13 00:00:00-04:00,93.16595187116977,93.81013639345613,92.45191901149127,93.53073120117188,212538800,0.0,0.0,0.0
2011-10-14 00:00:00-04:00,94.61728543889694,95.1528070049566,94.08952084993277,95.12952423095703,211397600,0.0,0.0,0.0
2011-10-17 00:00:00-04:00,94.67938986117673,95.1140234413579,93.08057589791248,93.31341552734375,202311600,0.0,0.0,0.0
2011-10-18 00:00:00-04:00,93.24357621851004,95.8513544322375,92.5140174559319,95.13732147216797,318857900,0.0,0.0,0.0
2011-10-19 00:00:00-04:00,94.98205689537585,95.52534727053768,93.68593118318552,94.01190185546875,226601300,0.0,0.0,0.0
2011-10-20 00:00:00-04:00,94.2447676262419,94.76476945102627,92.99520711385324,94.42327880859375,262075600,0.0,0.0,0.0
2011-10-21 00:00:00-04:00,95.53311719913447,96.33253003433563,95.24595505805883,96.21611022949219,278999400,0.0,0.0,0.0
2011-10-24 00:00:00-04:00,96.37135204649738,97.63643843383309,96.28597790055355,97.39583587646484,203215600,0.0,0.0,0.0
2011-10-25 00:00:00-04:00,96.93014847525784,96.97671403127566,95.29252597991164,95.50208282470703,268596800,0.0,0.0,0.0
2011-10-26 00:00:00-04:00,96.51103928895964,96.83701001901001,94.85013404000868,96.47223663330078,289053800,0.0,0.0,0.0
2011-10-27 00:00:00-04:00,99.05675541786998,100.44601880972834,98.26511113225067,99.8328857421875,393220200,0.0,0.0,0.0
2011-10-28 00:00:00-04:00,99.34389108594874,100.00360134977724,99.18866862466989,99.8095703125,225906500,0.0,0.0,0.0
2011-10-31 00:00:00-04:00,98.69197181937102,99.82510669976918,97.26389998501209,97.40360260009766,228146700,0.0,0.0,0.0
2011-11-01 00:00:00-04:00,94.71044708815114,95.85911365399008,94.3146220383971,94.68716430664062,416565800,0.0,0.0,0.0
2011-11-02 00:00:00-04:00,96.10746687640955,96.54985746011172,95.30029694939262,96.23164367675781,244717600,0.0,0.0,0.0
2011-11-03 00:00:00-04:00,97.22507530990757,98.17971067523011,95.92894932528137,97.98567962646484,291174800,0.0,0.0,0.0
2011-11-04 00:00:00-04:00,97.19403809898394,97.55881150627776,96.247165608788,97.38806915283203,249401600,0.0,0.0,0.0
2011-11-07 00:00:00-05:00,97.31820098871087,98.0943250932042,96.39461140952956,97.9934310913086,196617200,0.0,0.0,0.0
2011-11-08 00:00:00-05:00,98.50569954442665,99.35944105319747,97.56658980613753,99.25077819824219,224426300,0.0,0.0,0.0
2011-11-09 00:00:00-05:00,96.93015498604105,97.63643088032563,95.35462374046215,95.58746337890625,337982000,0.0,0.0,0.0
2011-11-10 00:00:00-05:00,96.85254178069476,96.96896159755323,95.47879860020889,96.48776245117188,231866500,0.0,0.0,0.0
2011-11-11 00:00:00-05:00,97.65969437685635,98.55999523026809,97.6286487031033,98.30387878417969,189924400,0.0,0.0,0.0
2011-11-14 00:00:00-05:00,97.93912429127943,98.91703661574137,96.95344314471821,97.37255096435547,159258300,0.0,0.0,0.0
2011-11-15 00:00:00-05:00,97.14746861407653,98.37374632069913,96.79821507852256,97.85374450683594,184709400,0.0,0.0,0.0
2011-11-16 00:00:00-05:00,96.86805045137051,98.0555194189417,96.16178057450279,96.30148315429688,235782500,0.0,0.0,0.0
2011-11-17 00:00:00-05:00,96.12297635765519,96.36357887459405,94.08953484122911,94.77252197265625,331219600,0.0,0.0,0.0
2011-11-18 00:00:00-05:00,95.07521283089245,95.26924387748612,94.2758058663438,94.671630859375,215580400,0.0,0.0,0.0
2011-11-21 00:00:00-05:00,93.29008862566117,93.4065083927037,92.08710015650252,92.87098693847656,229611600,0.0,0.0,0.0
2011-11-22 00:00:00-05:00,92.66921856548994,93.21250306601627,91.98622556899173,92.50623321533203,216494900,0.0,0.0,0.0
2011-11-23 00:00:00-05:00,91.63699913648277,92.50626051521297,90.46504974365234,90.46504974365234,224329100,0.0,0.0,0.0
2011-11-25 00:00:00-05:00,90.32534957855697,91.34983348208348,90.1856469589234,90.29430389404297,99557000,0.0,0.0,0.0
2011-11-28 00:00:00-05:00,92.77789611042236,93.27461517039205,92.2190856876169,92.90983581542969,210686000,0.0,0.0,0.0
2011-11-29 00:00:00-05:00,93.1737060546875,93.91102162451891,92.83220953576401,93.1737060546875,199241500,0.0,0.0,0.0
2011-11-30 00:00:00-05:00,95.84356529247607,97.18626261667058,93.13489378941394,97.00775146484375,324439500,0.0,0.0,0.0
2011-12-01 00:00:00-05:00,96.8991038713363,97.51224269158227,96.5731331328838,96.99224090576172,176954800,0.0,0.0,0.0
2011-12-02 00:00:00-05:00,97.8847938362653,98.17971892347691,96.84478424840442,96.90687561035156,221109700,0.0,0.0,0.0
2011-12-05 00:00:00-05:00,98.4435879151438,98.707473214823,97.35701880281046,97.96239471435547,225263900,0.0,0.0,0.0
2011-12-06 00:00:00-05:00,97.95462251754113,98.65313539585652,97.60536903906193,97.9934310913086,178842100,0.0,0.0,0.0
2011-12-07 00:00:00-05:00,97.66749727559272,98.76959848726388,96.992272798396,98.3582534790039,237802500,0.0,0.0,0.0
2011-12-08 00:00:00-05:00,97.71403778099152,97.93135160916668,95.96775833426697,96.20059204101562,240862800,0.0,0.0,0.0
2011-12-09 00:00:00-05:00,96.63521252160801,98.07880380895682,96.54983839763041,97.8304443359375,209111400,0.0,0.0,0.0
2011-12-12 00:00:00-05:00,96.97672747122216,96.99225327295153,95.58747020572159,96.40239715576172,215826100,0.0,0.0,0.0
2011-12-13 00:00:00-05:00,96.90686569724893,97.45791315510435,95.03640357909842,95.50208282470703,245159800,0.0,0.0,0.0
2011-12-14 00:00:00-05:00,95.12177312325367,95.48655241808028,94.27580064917264,94.4853515625,238618800,0.0,0.0,0.0
2011-12-15 00:00:00-05:00,95.4865398833627,95.61847954929908,94.67937016959735,94.82683563232422,199109200,0.0,0.0,0.0
2011-12-16 00:00:00-05:00,95.46732063836154,96.02966913833092,94.74094712212491,94.96744537353516,220481400,0.77,0.0,0.0
2011-12-19 00:00:00-05:00,95.3345371325421,95.53761089795903,93.74901363692683,93.95208740234375,183903000,0.0,0.0,0.0
2011-12-20 00:00:00-05:00,95.42823582775499,96.95908583911579,94.0145439515255,96.7950668334961,225418100,0.0,0.0,0.0
2011-12-21 00:00:00-05:00,96.79511729491065,97.130967612621,95.87348195507155,96.9825668334961,194230900,0.0,0.0,0.0
2011-12-22 00:00:00-05:00,97.3418207922957,97.943229919721,97.0294069669915,97.84169006347656,119465400,0.0,0.0,0.0
2011-12-23 00:00:00-05:00,98.15412953721066,98.74772665040419,97.95106170181027,98.71648406982422,92187200,0.0,0.0,0.0
2011-12-27 00:00:00-05:00,98.54465149935484,99.05233299869208,98.45873589367103,98.79458618164062,86075700,0.0,0.0,0.0
2011-12-28 00:00:00-05:00,98.81018991523072,98.82580822260321,97.4199281615252,97.49803161621094,119107100,0.0,0.0,0.0
2011-12-29 00:00:00-05:00,97.81826757326726,98.6071262517769,97.52147203153963,98.5055923461914,123507200,0.0,0.0,0.0
2011-12-30 00:00:00-05:00,98.42748865078062,98.66961714574339,98.02134704589844,98.02134704589844,95599000,0.0,0.0,0.0
2012-01-03 00:00:00-05:00,99.78650118500113,100.27075215378666,99.52875441328084,99.58342742919922,193697900,0.0,0.0,0.0
2012-01-04 00:00:00-05:00,99.3491008190248,99.82553960512118,98.9663897471955,99.7396240234375,127186500,0.0,0.0,0.0
2012-01-05 00:00:00-05:00,99.20072457869132,100.15359636991735,98.74771614683665,100.00519561767578,173895000,0.0,0.0,0.0
2012-01-06 00:00:00-05:00,100.13017823134452,100.14580250134907,99.41942887787658,99.74746704101562,148050000,0.0,0.0,0.0
2012-01-09 00:00:00-05:00,99.97394635156788,100.11452899306967,99.51313180288116,99.98957061767578,99530200,0.0,0.0,0.0
2012-01-10 00:00:00-05:00,101.05959701705501,101.26266479827018,100.7159346812888,100.85652923583984,115282000,0.0,0.0,0.0
2012-01-11 00:00:00-05:00,100.5441086829555,101.04397794672857,100.38009559833958,100.91120147705078,111540700,0.0,0.0,0.0
2012-01-12 00:00:00-05:00,101.20020074287453,101.30172868377173,100.39571188333896,101.15332794189453,118983700,0.0,0.0,0.0
2012-01-13 00:00:00-05:00,100.47383609032936,100.79406806280033,99.75527463457229,100.63004302978516,179836200,0.0,0.0,0.0
2012-01-17 00:00:00-05:00,101.59852462847734,101.7859800687061,100.67688361129817,101.02054595947266,132209200,0.0,0.0,0.0
2012-01-18 00:00:00-05:00,100.99711807119296,102.19211822801694,100.81748071840741,102.137451171875,163395200,0.0,0.0,0.0
2012-01-19 00:00:00-05:00,102.48891328016121,102.76228429720919,102.16087521039726,102.6763687133789,126328900,0.0,0.0,0.0
2012-01-20 00:00:00-05:00,102.50454569701208,103.05908203125,102.25460509951287,103.05908203125,138230200,0.0,0.0,0.0
2012-01-23 00:00:00-05:00,102.71541628220155,103.29339495649548,102.30146260933672,102.79352569580078,129295800,0.0,0.0,0.0
2012-01-24 00:00:00-05:00,102.16087521039726,102.70760532667052,102.00466830829386,102.6763687133789,103083300,0.0,0.0,0.0
2012-01-25 00:00:00-05:00,102.52012940586296,103.77761438090738,102.12180009742788,103.53549194335938,198613200,0.0,0.0,0.0
2012-01-26 00:00:00-05:00,103.9963379050189,104.19159953226665,102.59826989776758,103.0044174194336,184880500,0.0,0.0,0.0
2012-01-27 00:00:00-05:00,102.50450369288885,103.13714918405677,102.43420048001116,102.95751190185547,135259100,0.0,0.0,0.0
2012-01-30 00:00:00-05:00,101.93438618673692,102.66076571282183,101.58291760474592,102.60608673095703,147311800,0.0,0.0,0.0
2012-01-31 00:00:00-05:00,103.11376969556918,103.23872808702541,102.06715825262253,102.5670394897461,157212000,0.0,0.0,0.0
2012-02-01 00:00:00-05:00,103.3246382790797,103.98853258430354,103.19967989416118,103.4652328491211,166234500,0.0,0.0,0.0
2012-02-02 00:00:00-05:00,103.66831191572658,103.89482210378462,103.2621762644248,103.62925720214844,113090400,0.0,0.0,0.0
2012-02-03 00:00:00-05:00,104.66025602421082,105.14450115628996,104.48061862325028,105.08201599121094,160598500,0.0,0.0,0.0
2012-02-06 00:00:00-05:00,104.64462587442608,105.0585796417199,104.52747364512632,105.01171875,107694500,0.0,0.0,0.0
2012-02-07 00:00:00-05:00,104.79298439941651,105.45687854535635,104.37903079899512,105.27722930908203,135528100,0.0,0.0,0.0
2012-02-08 00:00:00-05:00,105.33192913388986,105.61310634437548,104.90235118483912,105.58967590332031,139361400,0.0,0.0,0.0
2012-02-09 00:00:00-05:00,105.76148969883894,105.90207232206231,105.09759553053775,105.7224349975586,148602900,0.0,0.0,0.0
2012-02-10 00:00:00-05:00,104.78518410041612,105.02730656882136,104.53524354088695,104.94139099121094,167907500,0.0,0.0,0.0
2012-02-13 00:00:00-05:00,105.69119838722726,105.84740527452708,105.23819007158268,105.7224349975586,115841900,0.0,0.0,0.0
2012-02-14 00:00:00-05:00,105.44127516475518,105.65216105207529,104.85549030272877,105.58967590332031,165329500,0.0,0.0,0.0
2012-02-15 00:00:00-05:00,105.93337436244973,106.08958132865747,104.88676266141982,105.09764862060547,195195100,0.0,0.0,0.0
2012-02-16 00:00:00-05:00,105.10543752633151,106.35510482677198,104.91798206824451,106.26138305664062,186567800,0.0,0.0,0.0
2012-02-17 00:00:00-05:00,106.62847999063041,106.71439558917098,106.19109582272381,106.54256439208984,129869400,0.0,0.0,0.0
2012-02-21 00:00:00-05:00,106.79248430290953,107.04242490275088,106.26137840498228,106.58941650390625,134042300,0.0,0.0,0.0
2012-02-22 00:00:00-05:00,106.42536485158581,106.65187495321246,106.05827213611157,106.2457275390625,124455300,0.0,0.0,0.0
2012-02-23 00:00:00-05:00,106.19107867498886,106.79247584983445,105.8317920706119,106.7143783569336,137704300,0.0,0.0,0.0
2012-02-24 00:00:00-05:00,106.9487075805664,107.1595935042172,106.71440312964951,106.9487075805664,105539100,0.0,0.0,0.0
2012-02-27 00:00:00-05:00,106.2379113043333,107.41728681858436,106.06608018069146,107.12830352783203,145728900,0.0,0.0,0.0
2012-02-28 00:00:00-05:00,107.15959574544726,107.56574333190704,106.9487098173858,107.4407730102539,129355900,0.0,0.0,0.0
2012-02-29 00:00:00-05:00,107.59696398807417,107.9328201879541,106.64408628305301,107.01899719238281,185934700,0.0,0.0,0.0
2012-03-01 00:00:00-05:00,107.24550921385077,107.77662711137553,106.94870768529793,107.57354736328125,145023500,0.0,0.0,0.0
2012-03-02 00:00:00-05:00,107.50325309367255,107.64384767834848,107.00338374849478,107.2455062866211,120638300,0.0,0.0,0.0
2012-03-05 00:00:00-05:00,107.0814535553964,107.15955103547577,106.44098986251284,106.8080825805664,140765000,0.0,0.0,0.0
2012-03-06 00:00:00-05:00,105.71465779359043,105.77713103137275,104.94141740050489,105.24602508544922,202129900,0.0,0.0,0.0
2012-03-07 00:00:00-05:00,105.48811582950859,106.15200997969576,105.38657599251445,105.98017883300781,143692200,0.0,0.0,0.0
2012-03-08 00:00:00-05:00,106.62850933734615,107.25334914253703,106.40981719320354,107.0346450805664,116968900,0.0,0.0,0.0
2012-03-09 00:00:00-05:00,107.23767674990944,107.72972789452125,107.10490028753338,107.44856262207031,122836800,0.0,0.0,0.0
2012-03-12 00:00:00-04:00,107.43294468132001,107.59695776657215,107.07365806010974,107.45637512207031,104003500,0.0,0.0,0.0
2012-03-13 00:00:00-04:00,108.03438842920896,109.44808109076797,107.85473910211117,109.39340209960938,184090500,0.0,0.0,0.0
2012-03-14 00:00:00-04:00,109.42463825519279,109.69799742655883,108.94038123770505,109.27623748779297,145163600,0.0,0.0,0.0
2012-03-15 00:00:00-04:00,109.44021901102484,109.95571250122171,109.15904182708313,109.90885162353516,165118500,0.0,0.0,0.0
2012-03-16 00:00:00-04:00,110.10814719069639,110.20227970685478,109.82573767216574,110.06108093261719,152893500,0.614,0.0,0.0
2012-03-19 00:00:00-04:00,109.99046324064275,110.82983930016037,109.91201151019656,110.49252319335938,125291100,0.0,0.0,0.0
2012-03-20 00:00:00-04:00,109.8649482032546,110.30424917739391,109.5433128578834,110.17089080810547,121729700,0.0,0.0,0.0
2012-03-21 00:00:00-04:00,110.2335933393408,110.33556617535886,109.76290712524262,109.99040985107422,122388400,0.0,0.0,0.0
2012-03-22 00:00:00-04:00,109.18238161036618,109.47264325855994,108.83722533069827,109.19807434082031,135216700,0.0,0.0,0.0
2012-03-23 00:00:00-04:00,109.29227547994407,109.67665780023185,108.68823072942455,109.55113983154297,120521000,0.0,0.0,0.0
2012-03-26 00:00:00-04:00,110.33560353725908,111.08869934082031,110.29638964784532,111.08869934082031,120164000,0.0,0.0,0.0
2012-03-27 00:00:00-04:00,111.19070650320143,111.26130588238124,110.6729537824413,110.7435531616211,119868500,0.0,0.0,0.0
2012-03-28 00:00:00-04:00,110.68863175989387,110.86121597712821,109.54330122461623,110.19441223144531,148562100,0.0,0.0,0.0
2012-03-29 00:00:00-04:00,109.54333797416344,110.21014194354541,109.11187728633136,110.00617218017578,164963700,0.0,0.0,0.0
2012-03-30 00:00:00-04:00,110.54742797828288,110.64941283214522,109.86494342102763,110.46113586425781,135486800,0.0,0.0,0.0
2012-04-02 00:00:00-04:00,110.3277736549679,111.55939633311615,110.10812318511582,111.26913452148438,151741100,0.0,0.0,0.0
2012-04-03 00:00:00-04:00,111.11221956491336,111.30049648646197,110.1630065442583,110.81411743164062,155806700,0.0,0.0,0.0
2012-04-04 00:00:00-04:00,109.99828313719108,110.09241562015045,109.30794634201904,109.71587371826172,146896000,0.0,0.0,0.0
2012-04-05 00:00:00-04:00,109.33932641612124,109.98258496799191,109.2451819677604,109.66094970703125,137439400,0.0,0.0,0.0
2012-04-09 00:00:00-04:00,108.28030833756159,109.70019601029959,108.13125723908803,108.42935943603516,127555900,0.0,0.0,0.0
2012-04-10 00:00:00-04:00,108.21753174346173,108.52347427526944,106.49954215329119,106.60936737060547,235360300,0.0,0.0,0.0
2012-04-11 00:00:00-04:00,107.69978850618783,107.89590583769962,107.27618033694525,107.47229766845703,154133000,0.0,0.0,0.0
2012-04-12 00:00:00-04:00,107.57428534304995,108.96278746826694,107.49583362035928,108.87649536132812,154321500,0.0,0.0,0.0
2012-04-13 00:00:00-04:00,108.6254992554272,108.90006838521461,107.48016844866768,107.5821533203125,169246700,0.0,0.0,0.0
2012-04-16 00:00:00-04:00,108.1312458683793,108.28813733499172,107.14281885567463,107.51152038574219,147825300,0.0,0.0,0.0
2012-04-17 00:00:00-04:00,108.13124999465602,109.32364673250501,108.02142476683125,109.10399627685547,147877600,0.0,0.0,0.0
2012-04-18 00:00:00-04:00,108.61760205654237,109.10396909142801,108.55484308912985,108.73526763916016,123884200,0.0,0.0,0.0
2012-04-19 00:00:00-04:00,108.75101000639344,109.15892552566972,107.52723950845551,108.03713989257812,198666700,0.0,0.0,0.0
2012-04-20 00:00:00-04:00,108.51563143858179,108.90786605870099,108.15477032124984,108.217529296875,143199600,0.0,0.0,0.0
2012-04-23 00:00:00-04:00,107.11143120116077,107.40169297704261,106.6407568108993,107.30754852294922,171844900,0.0,0.0,0.0
2012-04-24 00:00:00-04:00,107.40169405974193,107.99004603103837,107.31540195848305,107.7154769897461,137484200,0.0,0.0,0.0
2012-04-25 00:00:00-04:00,108.7666190013309,109.23730517610477,108.67248655439478,109.19023895263672,150252200,0.0,0.0,0.0
2012-04-26 00:00:00-04:00,108.95497611099788,110.07677380006358,108.892217110136,109.95125579833984,136291600,0.0,0.0,0.0
2012-04-27 00:00:00-04:00,110.2806886460106,110.44542048534878,109.66880358836718,110.13163757324219,130725000,0.0,0.0,0.0
2012-04-30 00:00:00-04:00,109.91202424627338,109.99047598581018,109.4256569772988,109.72374725341797,115092200,0.0,0.0,0.0
2012-05-01 00:00:00-04:00,109.66097918740465,111.12794519905935,109.53547317260126,110.40623474121094,138832200,0.0,0.0,0.0
2012-05-02 00:00:00-04:00,109.76295676764991,110.18657694593817,109.40210754768162,110.07675170898438,121081000,0.0,0.0,0.0
2012-05-03 00:00:00-04:00,110.09243450971918,110.17872662392162,109.03340798456563,109.23736572265625,143759700,0.0,0.0,0.0
2012-05-04 00:00:00-04:00,108.66469439566322,109.27657951237583,107.40953868596702,107.47229766845703,193927300,0.0,0.0,0.0
2012-05-07 00:00:00-04:00,107.0878819373495,107.91157695870461,107.04866805494414,107.55072784423828,127765900,0.0,0.0,0.0
2012-05-08 00:00:00-04:00,106.90747552033889,107.29186978754245,105.84059679080303,107.1192855834961,213377700,0.0,0.0,0.0
2012-05-09 00:00:00-04:00,105.98183434643315,107.16637898342518,105.50330747214146,106.48389434814453,220752500,0.0,0.0,0.0
2012-05-10 00:00:00-04:00,107.22126238961127,107.35463270949492,106.46033815117256,106.70352172851562,150600000,0.0,0.0,0.0
2012-05-11 00:00:00-04:00,106.03671330840433,107.3703087176505,105.98964706585058,106.38188171386719,153032400,0.0,0.0,0.0
2012-05-14 00:00:00-04:00,105.36203820854655,106.38185038709103,105.04825537055501,105.20514678955078,163910000,0.0,0.0,0.0
2012-05-15 00:00:00-04:00,105.1345959474287,105.75432152787194,104.43641863627208,104.60115051269531,207629300,0.0,0.0,0.0
2012-05-16 00:00:00-04:00,105.07187267856335,105.55039967047335,104.17757770663978,104.20111083984375,207265500,0.0,0.0,0.0
2012-05-17 00:00:00-04:00,104.22461677319723,104.35013476423327,102.60075918556147,102.65567779541016,247992900,0.0,0.0,0.0
2012-05-18 00:00:00-04:00,103.05573068430654,103.2361672462499,101.62800274707715,101.77705383300781,319615900,0.0,0.0,0.0
2012-05-21 00:00:00-04:00,102.1065405163618,103.56565408687415,101.94179667466791,103.52642822265625,177861100,0.0,0.0,0.0
2012-05-22 00:00:00-04:00,103.79313261814458,104.51484294782321,103.03219642890751,103.70684051513672,197531200,0.0,0.0,0.0
2012-05-23 00:00:00-04:00,102.96161000638291,103.910823258789,101.97318285954081,103.76177215576172,204958400,0.0,0.0,0.0
2012-05-24 00:00:00-04:00,104.04419575819225,104.20892765335428,103.0949823768193,103.96574401855469,167357600,0.0,0.0,0.0
2012-05-25 00:00:00-04:00,103.92649291408289,104.21675470421873,103.37736678011933,103.62840270996094,135465600,0.0,0.0,0.0
2012-05-29 00:00:00-04:00,104.45992156183891,105.06395422750133,102.89882354436642,104.88352966308594,152883500,0.0,0.0,0.0
2012-05-30 00:00:00-04:00,103.9892416108369,104.87569569158833,103.1498657398132,103.36166381835938,162370400,0.0,0.0,0.0
2012-05-31 00:00:00-04:00,103.3224550997965,103.90295471158073,102.24772403653257,103.1341781616211,196186000,0.0,0.0,0.0
2012-06-01 00:00:00-04:00,101.51818437191243,103.15772248768735,100.53759765625,100.53759765625,253240900,0.0,0.0,0.0
2012-06-04 00:00:00-04:00,100.71802277375691,100.99259184356318,99.73743605309566,100.49053192138672,202545800,0.0,0.0,0.0
2012-06-05 00:00:00-04:00,100.29438262139713,101.40048104366953,100.23947001866055,101.2514419555664,164149400,0.0,0.0,0.0
2012-06-06 00:00:00-04:00,101.9574894143657,103.57349447169646,101.92610393497012,103.52642822265625,184202800,0.0,0.0,0.0
2012-06-07 00:00:00-04:00,104.70311732109215,104.75018356338605,103.37736230290726,103.58917236328125,184772700,0.0,0.0,0.0
2012-06-08 00:00:00-04:00,103.32246042765235,104.43640543668212,102.99297277634241,104.41287231445312,143915400,0.0,0.0,0.0
2012-06-11 00:00:00-04:00,105.25226673009811,105.3150257237329,102.98515045402812,103.0871353149414,169756100,0.0,0.0,0.0
2012-06-12 00:00:00-04:00,103.3852132597715,104.34226685112976,102.8910056950917,104.27166748046875,181931800,0.0,0.0,0.0
2012-06-13 00:00:00-04:00,103.96571520201525,104.61682615636066,103.25184526736591,103.60486602783203,172223900,0.0,0.0,0.0
2012-06-14 00:00:00-04:00,103.81666324014637,105.11888513780012,103.53425381619797,104.70311737060547,230615500,0.0,0.0,0.0
2012-06-15 00:00:00-04:00,105.17465958392911,105.86856126151092,104.9538710457795,105.77394104003906,169444500,0.688,0.0,0.0
2012-06-18 00:00:00-04:00,105.33237413002486,106.2391834255131,105.09581152144017,105.97896575927734,131360900,0.0,0.0,0.0
2012-06-19 00:00:00-04:00,106.51517161983092,107.43775493394698,105.95530719909023,107.00405883789062,137382600,0.0,0.0,0.0
2012-06-20 00:00:00-04:00,107.01197607299103,107.31950391389323,105.87648495825167,106.83060455322266,206451800,0.0,0.0,0.0
2012-06-21 00:00:00-04:00,106.95674746573944,107.06714174052095,104.34670194391865,104.43344116210938,205272200,0.0,0.0,0.0
2012-06-22 00:00:00-04:00,104.9775523743201,105.4349036126855,104.57539226826857,105.2377700805664,130029200,0.0,0.0,0.0
2012-06-25 00:00:00-04:00,104.12590408901775,104.16533319050329,103.17966581372741,103.55027770996094,146375700,0.0,0.0,0.0
2012-06-26 00:00:00-04:00,103.84991306789186,104.38612238092895,103.24273859097521,104.0707015991211,141634000,0.0,0.0,0.0
2012-06-27 00:00:00-04:00,104.41765567716601,105.2140705699987,104.0628178350949,105.0090560913086,108088000,0.0,0.0,0.0
2012-06-28 00:00:00-04:00,104.31517507250429,104.86715859079969,103.51875993039314,104.70944213867188,169242100,0.0,0.0,0.0
2012-06-29 00:00:00-04:00,106.60980824334469,107.45354550835073,106.33382852673634,107.31949615478516,212250900,0.0,0.0,0.0
2012-07-02 00:00:00-04:00,107.61913668627491,107.75318604700809,106.86215064541983,107.64279174804688,129524500,0.0,0.0,0.0
2012-07-03 00:00:00-04:00,107.61913502748783,108.43132422134293,107.50874073022818,108.35247802734375,80450000,0.0,0.0,0.0
2012-07-05 00:00:00-04:00,107.95031803232986,108.66000597152173,107.4693117297499,107.86357879638672,126177500,0.0,0.0,0.0
2012-07-06 00:00:00-04:00,106.8227421804291,107.05930487595205,106.33385476653925,106.83851623535156,151192100,0.0,0.0,0.0
2012-07-09 00:00:00-04:00,106.75173974265032,106.90156313195382,106.21553035104168,106.70442962646484,103780500,0.0,0.0,0.0
2012-07-10 00:00:00-04:00,107.24849564098247,107.42197406839615,105.41121013760875,105.77394104003906,167884800,0.0,0.0,0.0
2012-07-11 00:00:00-04:00,105.8291858934106,106.13671376645077,105.17470102882203,105.78975677490234,141733400,0.0,0.0,0.0
2012-07-12 00:00:00-04:00,105.17468228135749,105.84492904821526,104.55962664491129,105.27718353271484,143583200,0.0,0.0,0.0
2012-07-13 00:00:00-04:00,105.55318890389185,107.15391237355261,105.53741485084893,107.04351806640625,129642600,0.0,0.0,0.0
2012-07-16 00:00:00-04:00,106.79903836460466,107.10656611878684,106.37322330061517,106.79114532470703,97525200,0.0,0.0,0.0
2012-07-17 00:00:00-04:00,107.21695498835825,107.7452712557494,106.09723829793744,107.52448272705078,138860300,0.0,0.0,0.0
2012-07-18 00:00:00-04:00,107.2721786355608,108.53383806679376,107.20910649286762,108.32093048095703,113349700,0.0,0.0,0.0
2012-07-19 00:00:00-04:00,108.54169031704339,108.95961233608914,108.19474549585425,108.60477447509766,129847300,0.0,0.0,0.0
2012-07-20 00:00:00-04:00,107.98970655681322,108.15530395667332,107.49293842137587,107.61121368408203,142904500,0.0,0.0,0.0
2012-07-23 00:00:00-04:00,106.0341915797378,107.54029474317649,105.5374111987317,106.52307891845703,145210900,0.0,0.0,0.0
2012-07-24 00:00:00-04:00,106.60190549876239,106.64921561013057,104.89866929706942,105.60834503173828,173301200,0.0,0.0,0.0
2012-07-25 00:00:00-04:00,105.82912961040749,106.10510922903602,105.07213184670636,105.63199615478516,129122300,0.0,0.0,0.0
2012-07-26 00:00:00-04:00,107.15389099518669,107.60336117665794,106.6571106961026,107.37467956542969,156526500,0.0,0.0,0.0
2012-07-27 00:00:00-04:00,107.94244902156291,109.66145987986636,107.35104835586684,109.35391998291016,236768900,0.0,0.0,0.0
2012-07-30 00:00:00-04:00,109.22776365194044,109.87435545642126,109.03063009670842,109.35391998291016,106782000,0.0,0.0,0.0
2012-07-31 00:00:00-04:00,109.20408299037346,109.50371774227897,108.58902740478516,108.58902740478516,120575900,0.0,0.0,0.0
2012-08-01 00:00:00-04:00,109.36964256140125,109.39329761432963,108.3445461502417,108.49436950683594,138293800,0.0,0.0,0.0
2012-08-02 00:00:00-04:00,107.67430461329947,108.47861254654936,106.90942578079097,107.74526977539062,199556600,0.0,0.0,0.0
2012-08-03 00:00:00-04:00,109.25923088028934,110.11084874611991,107.77678362879874,109.8821792602539,157825000,0.0,0.0,0.0
2012-08-06 00:00:00-04:00,110.17398914591111,110.52882709651357,110.04782079793995,110.09513092041016,86326200,0.0,0.0,0.0
2012-08-07 00:00:00-04:00,110.53668841769613,111.12020789907068,110.41841313258753,110.6470947265625,109545100,0.0,0.0,0.0
2012-08-08 00:00:00-04:00,110.2764971118068,110.90731475707383,110.24494901029826,110.78115844726562,89754700,0.0,0.0,0.0
2012-08-09 00:00:00-04:00,110.62340345543305,111.09652855659087,110.51300920277238,110.87574005126953,90291700,0.0,0.0,0.0
2012-08-10 00:00:00-04:00,110.4263068675235,111.09656564591619,110.24494739876405,111.05713653564453,99792700,0.0,0.0,0.0
2012-08-13 00:00:00-04:00,110.86788852605383,111.05712899118183,110.42629936591504,111.00193786621094,79426900,0.0,0.0,0.0
2012-08-14 00:00:00-04:00,111.41194423873357,111.48292143079703,110.6864945284296,111.0176773071289,102379400,0.0,0.0,0.0
2012-08-15 00:00:00-04:00,110.89939342163186,111.33308941910552,110.82842826715553,111.14383697509766,71085900,0.0,0.0,0.0
2012-08-16 00:00:00-04:00,111.30157338209392,112.0980004519228,111.02559369118467,111.96395111083984,112014200,0.0,0.0,0.0
2012-08-17 00:00:00-04:00,112.15319100952131,112.20839416666836,111.86143727052794,112.11376190185547,90813700,0.0,0.0,0.0
2012-08-20 00:00:00-04:00,111.95609135333804,112.14534390811022,111.64856347188201,112.12168884277344,78255700,0.0,0.0,0.0
2012-08-21 00:00:00-04:00,112.39761774037439,112.83131379537151,111.53811866997168,111.78256225585938,105581100,0.0,0.0,0.0
2012-08-22 00:00:00-04:00,111.498753406708,112.01130795864803,111.23854765680179,111.82994842529297,133243500,0.0,0.0,0.0
2012-08-23 00:00:00-04:00,111.5539175907404,111.56179860001667,110.7417284484996,110.91520690917969,111466400,0.0,0.0,0.0
2012-08-24 00:00:00-04:00,110.63920319932419,111.83777824380324,110.56823802728847,111.58544158935547,99481200,0.0,0.0,0.0
2012-08-27 00:00:00-04:00,111.88506146968399,112.03488481824677,111.4513654691262,111.60906982421875,68785900,0.0,0.0,0.0
2012-08-28 00:00:00-04:00,111.32522456002808,111.84565988873291,111.15963915766908,111.49870300292969,75689600,0.0,0.0,0.0
2012-08-29 00:00:00-04:00,111.59333462985316,111.88508835849372,111.27791381179345,111.58544158935547,65421300,0.0,0.0,0.0
2012-08-30 00:00:00-04:00,111.10444827923861,111.13599638074716,110.54459581425283,110.78115844726562,96589900,0.0,0.0,0.0
2012-08-31 00:00:00-04:00,111.41197237666688,111.82990649922637,110.67864147406847,111.3094711303711,151970400,0.0,0.0,0.0
2012-09-04 00:00:00-04:00,111.21483596492608,111.54603085071837,110.49727913124177,111.20695495605469,120226200,0.0,0.0,0.0
2012-09-05 00:00:00-04:00,111.25430375352886,111.55395064386542,110.89158470614346,111.11237335205078,100660300,0.0,0.0,0.0
2012-09-06 00:00:00-04:00,111.78259243047346,113.37543472058393,111.77471142082703,113.3675537109375,158272500,0.0,0.0,0.0
2012-09-07 00:00:00-04:00,113.55674544599003,113.85639213296858,113.45424423628998,113.80908203125,107272100,0.0,0.0,0.0
2012-09-10 00:00:00-04:00,113.69876145496492,113.89589502790658,113.12313479095722,113.16255187988281,86458500,0.0,0.0,0.0
2012-09-11 00:00:00-04:00,113.23349216545594,113.84065470891886,113.20194406611466,113.47793579101562,88760000,0.0,0.0,0.0
2012-09-12 00:00:00-04:00,113.85645294189453,113.98262130190903,113.47006685137902,113.85645294189453,87640900,0.0,0.0,0.0
2012-09-13 00:00:00-04:00,113.84065525470233,115.94603969303292,113.54102050197062,115.59120178222656,225470200,0.0,0.0,0.0
2012-09-14 00:00:00-04:00,115.81987180018554,116.78976520121047,115.72523954325318,116.10374450683594,169777000,0.0,0.0,0.0
2012-09-17 00:00:00-04:00,115.86717703506741,116.06431051660739,115.41770692176131,115.70947265625,119427800,0.0,0.0,0.0
2012-09-18 00:00:00-04:00,115.51237453348975,115.76469921042059,115.32312200173422,115.61487579345703,98326600,0.0,0.0,0.0
2012-09-19 00:00:00-04:00,115.74893608030645,116.04858294250863,115.44930125018195,115.67797088623047,128318300,0.0,0.0,0.0
2012-09-20 00:00:00-04:00,115.14963497060647,115.74891656187792,114.83422613984796,115.68584442138672,154009800,0.0,0.0,0.0
2012-09-21 00:00:00-04:00,116.24791286438246,116.2716942030094,115.58993427098828,115.63749694824219,108737500,0.779,0.0,0.0
2012-09-24 00:00:00-04:00,115.06670202237059,115.72468050937007,114.97949976273682,115.46307373046875,95682000,0.0,0.0,0.0
2012-09-25 00:00:00-04:00,115.70881698148531,115.9307841369967,114.20259745902626,114.23431396484375,133165200,0.0,0.0,0.0
2012-09-26 00:00:00-04:00,114.21052155576848,114.24222596220804,113.32264092354023,113.59217071533203,146502200,0.0,0.0,0.0
2012-09-27 00:00:00-04:00,114.06781900152882,114.92398311236784,113.76657271355731,114.6623764038086,111830300,0.0,0.0,0.0
2012-09-28 00:00:00-04:00,114.22641197357508,114.59900239920202,113.72699177674178,114.13128662109375,150696100,0.0,0.0,0.0
2012-10-01 00:00:00-04:00,114.56726765903238,115.49477588916935,114.16296082537826,114.43250274658203,135911200,0.0,0.0,0.0
2012-10-02 00:00:00-04:00,114.88437289796498,115.06670049430357,114.02028548889905,114.55142211914062,113422200,0.0,0.0,0.0
2012-10-03 00:00:00-04:00,114.86055778865402,115.28863377946512,114.25807733217522,115.01910400390625,121283100,0.0,0.0,0.0
2012-10-04 00:00:00-04:00,115.45514118595406,116.01005911253834,115.29659493497336,115.84358978271484,124311600,0.0,0.0,0.0
2012-10-05 00:00:00-04:00,116.46194785056323,116.66013372107486,115.50272291491252,115.85153198242188,124842100,0.0,0.0,0.0
2012-10-08 00:00:00-04:00,115.42345000363677,115.83566788417261,115.19354763150625,115.45515441894531,78415400,0.0,0.0,0.0
2012-10-09 00:00:00-04:00,115.36796423146238,115.46308958364926,114.27397429608828,114.31361389160156,148872900,0.0,0.0,0.0
2012-10-10 00:00:00-04:00,114.29774619648958,114.40874189328426,113.43365872865706,113.58428192138672,124247500,0.0,0.0,0.0
2012-10-11 00:00:00-04:00,114.37700458861944,114.54348600724192,113.62390085818149,113.6476821899414,123601500,0.0,0.0,0.0
2012-10-12 00:00:00-04:00,113.72695491967406,114.11539138062439,113.02933697074755,113.27508544921875,124181900,0.0,0.0,0.0
2012-10-15 00:00:00-04:00,113.54463100046515,114.33737438095407,113.17997581937048,114.21846771240234,107689100,0.0,0.0,0.0
2012-10-16 00:00:00-04:00,114.75753086326513,115.45514892993624,114.67826378060984,115.37586975097656,108815500,0.0,0.0,0.0
2012-10-17 00:00:00-04:00,115.45517441767268,115.99424634173366,115.28076986250358,115.89910888671875,128834100,0.0,0.0,0.0
2012-10-18 00:00:00-04:00,115.5978012084961,116.15271894272402,115.20935274638686,115.5978012084961,148108500,0.0,0.0,0.0
2012-10-19 00:00:00-04:00,115.38377598091533,115.39169905830192,113.40191796714593,113.67144775390625,185645200,0.0,0.0,0.0
2012-10-22 00:00:00-04:00,113.481188284161,113.89341814981073,112.79150554640798,113.68730926513672,125578600,0.0,0.0,0.0
2012-10-23 00:00:00-04:00,112.45855015222533,112.61709637200128,111.64202562889301,112.1097412109375,192056300,0.0,0.0,0.0
2012-10-24 00:00:00-04:00,112.5140431055395,112.6488201021136,111.61825146298924,111.79265594482422,120179400,0.0,0.0,0.0
2012-10-25 00:00:00-04:00,112.58541116876432,112.7915200799962,111.43593575896139,112.11768341064453,134457400,0.0,0.0,0.0
2012-10-26 00:00:00-04:00,112.01465117997965,112.4427273178375,111.29325174203098,112.05429077148438,146023500,0.0,0.0,0.0
2012-10-31 00:00:00-04:00,112.45066249392144,112.5933505077724,111.52314201867027,112.05429077148438,103438500,0.0,0.0,0.0
2012-11-01 00:00:00-04:00,112.29209557868867,113.37022706548758,112.1890471641879,113.2275390625,100995600,0.0,0.0,0.0
2012-11-02 00:00:00-04:00,113.90136870931046,113.93308522002154,112.10184985635671,112.22075653076172,137702200,0.0,0.0,0.0
2012-11-05 00:00:00-05:00,112.05426618192682,112.70430937399742,111.72130336339774,112.45063781738281,98378500,0.0,0.0,0.0
2012-11-06 00:00:00-05:00,112.79149477246193,113.77450063625162,112.67258813810454,113.33056640625,107068100,0.0,0.0,0.0
2012-11-07 00:00:00-05:00,112.30001649645256,112.31586265279218,110.23887911986374,110.76209259033203,264304500,0.0,0.0,0.0
2012-11-08 00:00:00-05:00,110.74625484963896,111.30910800781062,109.34309559033322,109.4302978515625,181517300,0.0,0.0,0.0
2012-11-09 00:00:00-05:00,109.09732537178583,110.5401239350342,109.0418396327468,109.5254135131836,201055300,0.0,0.0,0.0
2012-11-12 00:00:00-05:00,109.86628905400386,110.04069354454928,109.3668690095352,109.61261749267578,97677500,0.0,0.0,0.0
2012-11-13 00:00:00-05:00,109.03390798635012,110.38950434956904,108.89121999880221,109.23209381103516,123018300,0.0,0.0,0.0
2012-11-14 00:00:00-05:00,109.56507261966547,109.73946504222226,107.51185798330793,107.75760650634766,191505000,0.0,0.0,0.0
2012-11-15 00:00:00-05:00,107.79724642482986,108.20155330901528,107.16304927215643,107.57527923583984,178128400,0.0,0.0,0.0
2012-11-16 00:00:00-05:00,107.73376360025736,108.3203977462762,106.7824744659736,108.10635375976562,239483900,0.0,0.0,0.0
2012-11-19 00:00:00-05:00,109.319289648969,110.31021871430158,108.1381099447259,110.29437255859375,151495800,0.0,0.0,0.0
2012-11-20 00:00:00-05:00,110.11995944916445,110.52425412148105,109.46198114976998,110.34192657470703,119807400,0.0,0.0,0.0
2012-11-21 00:00:00-05:00,110.43712732333285,110.64324843520467,110.21516004617041,110.54811096191406,81710800,0.0,0.0,0.0
2012-11-23 00:00:00-05:00,111.0871428010335,112.09391826668407,111.01578669780301,112.05429077148438,65409200,0.0,0.0,0.0
2012-11-26 00:00:00-05:00,111.49932460505683,112.06217759116865,111.1346695123374,111.8164291381836,100124400,0.0,0.0,0.0
2012-11-27 00:00:00-05:00,111.7054897039294,112.08600319769891,111.17435300945994,111.24569702148438,128646200,0.0,0.0,0.0
2012-11-28 00:00:00-05:00,110.79378350847885,112.20486541424644,110.19130304076607,112.1414566040039,177086500,0.0,0.0,0.0
2012-11-29 00:00:00-05:00,112.56161682661406,112.97383460143342,112.07010779309579,112.66466522216797,151085900,0.0,0.0,0.0
2012-11-30 00:00:00-05:00,112.6805611115291,112.90252832482017,112.3000476167881,112.68848419189453,136568300,0.0,0.0,0.0
2012-12-03 00:00:00-05:00,113.20377639414187,113.29890174515155,112.04636553953101,112.1335678100586,124656300,0.0,0.0,0.0
2012-12-04 00:00:00-05:00,112.12559872744357,112.46647249291428,111.67372930292534,111.9749755859375,127512200,0.0,0.0,0.0
2012-12-05 00:00:00-05:00,112.07010387941907,112.69637779010026,111.27736066834008,112.17316436767578,147300500,0.0,0.0,0.0
2012-12-06 00:00:00-05:00,112.07014454879906,112.60128124141116,111.90367518799084,112.55371856689453,103220600,0.0,0.0,0.0
2012-12-07 00:00:00-05:00,112.9897558029609,113.11659769494261,112.30799575394492,112.8946304321289,108726400,0.0,0.0,0.0
2012-12-10 00:00:00-05:00,112.73607546182403,113.2117143757831,112.68850068375122,112.94218444824219,98840700,0.0,0.0,0.0
2012-12-11 00:00:00-05:00,113.40988944677936,114.24227258707587,113.35440368878973,113.71113586425781,152570400,0.0,0.0,0.0
2012-12-12 00:00:00-05:00,114.15508080693914,114.59109221539384,113.60808577599667,113.76663208007812,145880100,0.0,0.0,0.0
2012-12-13 00:00:00-05:00,113.69523922178603,114.02026686814273,112.78358929267108,113.06897735595703,135715000,0.0,0.0,0.0
2012-12-14 00:00:00-05:00,112.82325401463423,113.02936295770319,112.47444495997513,112.64884948730469,137701700,0.0,0.0,0.0
2012-12-17 00:00:00-05:00,112.94216360938846,114.03615347336633,112.91044709652523,113.97273254394531,143238200,0.0,0.0,0.0
2012-12-18 00:00:00-05:00,114.15504953937076,115.34416463873922,113.98856810308529,115.24110412597656,177762800,0.0,0.0,0.0
2012-12-19 00:00:00-05:00,115.36793189245752,115.40757147685935,114.34529835418617,114.38492584228516,150895400,0.0,0.0,0.0
2012-12-20 00:00:00-05:00,114.45628539464354,115.05876596834472,114.13918080614039,115.04290771484375,168487000,0.0,0.0,0.0
2012-12-21 00:00:00-05:00,113.50365909285729,115.03651989635755,113.32003837830692,113.99864196777344,245883800,1.022,0.0,0.0
2012-12-24 00:00:00-05:00,113.75113337571787,113.81500408899333,113.51961269942562,113.64735412597656,53874600,0.0,0.0,0.0
2012-12-26 00:00:00-05:00,113.87887225043262,113.93476369158107,112.84898595441449,113.16832733154297,106947700,0.0,0.0,0.0
2012-12-27 00:00:00-05:00,113.20027568196438,113.43180857419772,111.70733560993565,113.01665496826172,167920600,0.0,0.0,0.0
2012-12-28 00:00:00-05:00,112.28213900788498,112.90486320969865,111.6673940766255,111.79513549804688,148806700,0.0,0.0,0.0
2012-12-31 00:00:00-05:00,111.49978340865434,113.81503962278656,111.40397121778147,113.6952896118164,243935200,0.0,0.0,0.0
2013-01-02 00:00:00-05:00,115.85089158396947,116.68118686984265,115.54750860350693,116.60933685302734,192059000,0.0,0.0,0.0
2013-01-03 00:00:00-05:00,116.55341570819763,116.85678639760883,116.03447068156521,116.34583282470703,144761800,0.0,0.0,0.0
2013-01-04 00:00:00-05:00,116.53744721436061,117.04840079704648,116.29793505764349,116.8567886352539,116817700,0.0,0.0,0.0
2013-01-07 00:00:00-05:00,116.44171368837924,116.64928451222997,116.10638916831847,116.53751373291016,110002500,0.0,0.0,0.0
2013-01-08 00:00:00-05:00,116.32989753117397,116.489568270475,115.74708166868524,116.20215606689453,121265100,0.0,0.0,0.0
2013-01-09 00:00:00-05:00,116.45762260605377,116.81689698412214,116.27400187159614,116.49754333496094,90745600,0.0,0.0,0.0
2013-01-10 00:00:00-05:00,117.1442273351404,117.43163955191795,116.53747362509762,117.42366027832031,130735400,0.0,0.0,0.0
2013-01-11 00:00:00-05:00,117.39170249119744,117.47952321694457,117.04841104279211,117.41566467285156,113917300,0.0,0.0,0.0
2013-01-14 00:00:00-05:00,117.27195995822255,117.41567214681814,116.90470630478596,117.33583068847656,89567200,0.0,0.0,0.0
2013-01-15 00:00:00-05:00,116.7929281380385,117.52743539815742,116.72107813936233,117.41566467285156,93172600,0.0,0.0,0.0
2013-01-16 00:00:00-05:00,117.17617773950994,117.58334000182238,117.04843625961261,117.39971923828125,104849500,0.0,0.0,0.0
2013-01-17 00:00:00-05:00,117.91862990594518,118.49345427446343,117.47952626581379,118.15814208984375,133833500,0.0,0.0,0.0
2013-01-18 00:00:00-05:00,118.13418055620332,118.54933415562292,117.70305623085751,118.42159271240234,169906000,0.0,0.0,0.0
2013-01-22 00:00:00-05:00,118.42159244303043,119.06028747558594,118.14215955938286,119.06028747558594,111797300,0.0,0.0,0.0
2013-01-23 00:00:00-05:00,119.0603149515107,119.35570644712207,118.84475273958216,119.25191497802734,104596100,0.0,0.0,0.0
2013-01-24 00:00:00-05:00,119.07629915819273,119.86668598418265,118.96452839127394,119.28388214111328,146426400,0.0,0.0,0.0
2013-01-25 00:00:00-05:00,119.65903825710177,119.95442962646484,119.2518640105828,119.95442962646484,147211600,0.0,0.0,0.0
2013-01-28 00:00:00-05:00,119.98640504627548,120.01834650406215,119.36368062250007,119.81077575683594,113357700,0.0,0.0,0.0
2013-01-29 00:00:00-05:00,119.57123904371163,120.43347549577022,119.49139759770658,120.28178405761719,105694400,0.0,0.0,0.0
2013-01-30 00:00:00-05:00,120.26583798247329,120.50535018748616,119.69899283667938,119.81077575683594,137447700,0.0,0.0,0.0
2013-01-31 00:00:00-05:00,119.66704178343609,120.05824538650066,119.43552107605147,119.51535034179688,108975800,0.0,0.0,0.0
2013-02-01 00:00:00-05:00,120.27379747015895,120.88854251940707,120.06622675707929,120.74484252929688,131173000,0.0,0.0,0.0
2013-02-04 00:00:00-05:00,120.01033255631728,120.76877750130807,119.29977541997678,119.3875961303711,159073600,0.0,0.0,0.0
2013-02-05 00:00:00-05:00,120.03432407326432,120.93646930255063,119.98641188385398,120.59317779541016,113912400,0.0,0.0,0.0
2013-02-06 00:00:00-05:00,120.17003084167783,120.76081377260586,120.08221011112148,120.68098449707031,138762800,0.0,0.0,0.0
2013-02-07 00:00:00-05:00,120.72090799488132,120.83267872887163,119.64310920261335,120.52131652832031,162490000,0.0,0.0,0.0
2013-02-08 00:00:00-05:00,120.72886384499898,121.26376740975257,120.72886384499898,121.1919174194336,103133700,0.0,0.0,0.0
2013-02-11 00:00:00-05:00,121.14399586930512,121.27172510200141,120.86456304721762,121.1679458618164,73775000,0.0,0.0,0.0
2013-02-12 00:00:00-05:00,121.17599488421973,121.59114863020919,121.04027412116717,121.36760711669922,65392700,0.0,0.0,0.0
2013-02-13 00:00:00-05:00,121.61507144067676,121.8386129041979,121.1280677846994,121.47135925292969,82322600,0.0,0.0,0.0
2013-02-14 00:00:00-05:00,121.10412528161751,121.7268497088517,120.9684045405123,121.58313751220703,80834300,0.0,0.0,0.0
2013-02-15 00:00:00-05:00,121.69489332932584,121.8226347813255,120.99233970751844,121.43942260742188,215226500,0.0,0.0,0.0
2013-02-19 00:00:00-05:00,121.6470053546787,122.37352122988273,121.47935534169105,122.34957122802734,95105400,0.0,0.0,0.0
2013-02-20 00:00:00-05:00,122.26173738135348,122.30165810752983,120.76080578820878,120.82467651367188,160574800,0.0,0.0,0.0
2013-02-21 00:00:00-05:00,120.52132675788151,120.88856826555038,119.70699009420667,120.09020233154297,183257000,0.0,0.0,0.0
2013-02-22 00:00:00-05:00,120.6729912118542,121.26378631591795,120.14607901860369,121.26378631591797,106356600,0.0,0.0,0.0
2013-02-25 00:00:00-05:00,121.85454532813482,122.0381660050011,118.95647430419922,118.95647430419922,245824800,0.0,0.0,0.0
2013-02-26 00:00:00-05:00,119.53130086733276,119.91451295159483,118.7409145228305,119.77081298828125,186596200,0.0,0.0,0.0
2013-02-27 00:00:00-05:00,119.66704474335785,121.61505917072884,119.56325329501755,121.27974700927734,150781900,0.0,0.0,0.0
2013-02-28 00:00:00-05:00,121.27177343278859,122.04618931819543,120.8805819444736,121.04025268554688,126866000,0.0,0.0,0.0
2013-03-01 00:00:00-05:00,120.62508607854326,121.62304333086179,120.08220318068774,121.43942260742188,170634800,0.0,0.0,0.0
2013-03-04 00:00:00-05:00,121.15996774310842,122.08607482910156,120.96836778193271,122.08607482910156,99010200,0.0,0.0,0.0
2013-03-05 00:00:00-05:00,122.67688557244428,123.50718060250021,122.66091484626203,123.17984771728516,121431900,0.0,0.0,0.0
2013-03-06 00:00:00-05:00,123.61896802158725,123.68283875284997,123.0760850789987,123.34752655029297,94469900,0.0,0.0,0.0
2013-03-07 00:00:00-05:00,123.50720470435478,123.7307461861504,123.36350468695635,123.57107543945312,86101400,0.0,0.0,0.0
2013-03-08 00:00:00-05:00,124.11393978050927,124.26561903384817,123.47524477020451,124.09796905517578,123477800,0.0,0.0,0.0
2013-03-11 00:00:00-04:00,124.00218260370193,124.57699477542043,123.85049115171,124.56901550292969,83746800,0.0,0.0,0.0
2013-03-12 00:00:00-04:00,124.48122404008673,124.62493625337164,123.91439100760834,124.28961181640625,105755800,0.0,0.0,0.0
2013-03-13 00:00:00-04:00,124.35346973841534,124.64088195325847,123.93033678074309,124.46524047851562,92550900,0.0,0.0,0.0
2013-03-14 00:00:00-04:00,124.79254125968141,125.18374484024717,124.47319985087654,125.12785339355469,126329900,0.0,0.0,0.0
2013-03-15 00:00:00-04:00,124.97877217423712,125.13112612920949,124.54573013211423,124.96273040771484,138601100,0.694,0.0,0.0
2013-03-18 00:00:00-04:00,123.76779890561268,124.81029288063128,123.65553107668917,124.27301025390625,126704300,0.0,0.0,0.0
2013-03-19 00:00:00-04:00,124.53768430352841,124.70607998302006,123.16640116055557,123.98435974121094,167567300,0.0,0.0,0.0
2013-03-20 00:00:00-04:00,124.71407847246606,125.05889675202332,124.50557231619722,124.85040283203125,113759300,0.0,0.0,0.0
2013-03-21 00:00:00-04:00,124.1046057321897,124.81029623942878,123.57535008803634,123.78384399414062,128605000,0.0,0.0,0.0
2013-03-22 00:00:00-04:00,124.17682926850453,124.77826690673828,124.08059092571669,124.77826690673828,111163600,0.0,0.0,0.0
2013-03-25 00:00:00-04:00,125.10701825800895,125.31552442838691,123.77584585371034,124.25698852539062,151322300,0.0,0.0,0.0
2013-03-26 00:00:00-04:00,124.77024116923266,125.28346746959957,124.63391677154084,125.25139617919922,86856600,0.0,0.0,0.0
2013-03-27 00:00:00-04:00,124.50560713737907,125.29149446940981,124.29711315907633,125.25139617919922,99950600,0.0,0.0,0.0
2013-03-28 00:00:00-04:00,125.17116313398736,125.78062760056687,124.89851441803161,125.63627624511719,102932800,0.0,0.0,0.0
2013-04-01 00:00:00-04:00,125.57212108424504,125.82874027706968,124.83435925928912,125.13909149169922,99194100,0.0,0.0,0.0
2013-04-02 00:00:00-04:00,125.58815341711063,126.06930824940646,125.39568903693717,125.75656127929688,101504300,0.0,0.0,0.0
2013-04-03 00:00:00-04:00,125.82876340261164,125.92498949946757,124.15276028888366,124.48153686523438,154167400,0.0,0.0,0.0
2013-04-04 00:00:00-04:00,124.64193999420527,125.23536291526747,124.36929118031766,124.98677062988281,131885000,0.0,0.0,0.0
2013-04-05 00:00:00-04:00,123.45503732679,124.57772771943897,123.31069823651646,124.42536163330078,159666000,0.0,0.0,0.0
2013-04-08 00:00:00-04:00,124.51357630550422,125.27539452054968,124.09657630629872,125.26737976074219,86571200,0.0,0.0,0.0
2013-04-09 00:00:00-04:00,125.49992981443755,126.1575072050879,125.08292981637331,125.70040893554688,101922200,0.0,0.0,0.0
2013-04-10 00:00:00-04:00,126.03724489719004,127.40050082507877,126.00517361350174,127.24011993408203,135711100,0.0,0.0,0.0
2013-04-11 00:00:00-04:00,127.26416856217692,128.07411220133065,127.13585896282706,127.65711212158203,110142500,0.0,0.0,0.0
2013-04-12 00:00:00-04:00,127.24810679025846,127.53679722525347,126.63865464361346,127.34434509277344,116359900,0.0,0.0,0.0
2013-04-15 00:00:00-04:00,126.70283448344787,126.8070875666696,124.37728102351579,124.393310546875,217259000,0.0,0.0,0.0
2013-04-16 00:00:00-04:00,125.33151294500402,126.29382244606306,125.02679302352402,126.22966766357422,147507800,0.0,0.0,0.0
2013-04-17 00:00:00-04:00,125.33156320154447,125.35563196136849,123.71971494260275,124.38530731201172,226834800,0.0,0.0,0.0
2013-04-18 00:00:00-04:00,124.59376046746398,124.62584397920567,123.13427882635433,123.60740661621094,167583200,0.0,0.0,0.0
2013-04-19 00:00:00-04:00,123.89612430378338,124.73813924630726,123.59139205655373,124.68199920654297,149687600,0.0,0.0,0.0
2013-04-22 00:00:00-04:00,124.92260448403142,125.53205687799382,124.09663111688926,125.2353515625,106553500,0.0,0.0,0.0
2013-04-23 00:00:00-04:00,125.8607599361264,126.64663447834062,125.23526620550894,126.52635192871094,166141300,0.0,0.0,0.0
2013-04-24 00:00:00-04:00,126.56652250369721,126.94342435623956,126.33395979317777,126.60662078857422,96781200,0.0,0.0,0.0
2013-04-25 00:00:00-04:00,126.97545305244087,127.72124174491017,126.78300092762903,127.11980438232422,131060600,0.0,0.0,0.0
2013-04-26 00:00:00-04:00,126.96744084952732,127.18396173057539,126.4862860552593,126.89527130126953,95918800,0.0,0.0,0.0
2013-04-29 00:00:00-04:00,127.2400889847507,128.02596372487628,127.03960986069904,127.74530029296875,88572800,0.0,0.0,0.0
2013-04-30 00:00:00-04:00,127.7212418516271,128.0821018222253,127.19197403540336,128.05001831054688,116010700,0.0,0.0,0.0
2013-05-01 00:00:00-04:00,127.76942918567248,127.83358401006333,126.78307476276146,126.92741394042969,138874200,0.0,0.0,0.0
2013-05-02 00:00:00-04:00,127.24812921696869,128.21845375557746,127.12784661296959,128.10618591308594,96407600,0.0,0.0,0.0
2013-05-03 00:00:00-04:00,129.2208360519127,129.81425872084571,128.13022902345054,129.4052734375,144202300,0.0,0.0,0.0
2013-05-06 00:00:00-04:00,129.50148892547057,129.9184766597254,129.4453489018553,129.73403930664062,66882100,0.0,0.0,0.0
2013-05-07 00:00:00-04:00,130.01480640720345,130.43179443477607,129.64591920527755,130.39170837402344,90359200,0.0,0.0,0.0
2013-05-08 00:00:00-04:00,130.2473604930367,131.02522097878915,130.17519089818114,130.98512268066406,97419200,0.0,0.0,0.0
2013-05-09 00:00:00-04:00,130.92897329211206,131.27379167938435,130.28743733660113,130.61622619628906,106738600,0.0,0.0,0.0
2013-05-10 00:00:00-04:00,130.70437999648772,131.15345129674367,130.31945125088956,131.0411834716797,103203000,0.0,0.0,0.0
2013-05-13 00:00:00-04:00,130.87278281928894,131.36195242033673,130.56806284092906,131.1454315185547,81843200,0.0,0.0,0.0
2013-05-14 00:00:00-04:00,131.24968349577819,132.59690969575126,131.24968349577819,132.50067138671875,119000900,0.0,0.0,0.0
2013-05-15 00:00:00-04:00,132.28418715204197,133.47903523034415,132.24408886889643,133.2144012451172,120718500,0.0,0.0,0.0
2013-05-16 00:00:00-04:00,132.94174299348842,133.40685612491313,132.38841853996112,132.58889770507812,109913600,0.0,0.0,0.0
2013-05-17 00:00:00-04:00,133.078091972784,133.95217835766684,132.90166929594608,133.8719940185547,129801000,0.0,0.0,0.0
2013-05-20 00:00:00-04:00,133.74365477775578,134.38519052999567,133.60733041879976,133.8639373779297,85071200,0.0,0.0,0.0
2013-05-21 00:00:00-04:00,133.98419642596966,134.5615772251342,133.5190834357386,134.05636596679688,95804200,0.0,0.0,0.0
2013-05-22 00:00:00-04:00,134.19273241722783,135.58005706433988,132.45257471432475,133.06202697753906,244031800,0.0,0.0,0.0
2013-05-23 00:00:00-04:00,131.64265679847173,133.04601111290938,131.46623413432584,132.6771240234375,211064400,0.0,0.0,0.0
2013-05-24 00:00:00-04:00,131.891273113885,132.62102042733488,131.49832942903953,132.56488037109375,151573900,0.0,0.0,0.0
2013-05-28 00:00:00-04:00,133.95219056861302,134.54561346628003,132.96583623003457,133.35877990722656,143679800,0.0,0.0,0.0
2013-05-29 00:00:00-04:00,132.65307194838326,132.95780423963245,131.78700035978991,132.49269104003906,160363400,0.0,0.0,0.0
2013-05-30 00:00:00-04:00,132.5969406825502,133.59130963014752,132.49268758851682,132.9818572998047,107793800,0.0,0.0,0.0
2013-05-31 00:00:00-04:00,132.61299750365814,133.36680136830302,130.8167114292171,131.0733184814453,176850100,0.0,0.0,0.0
2013-06-03 00:00:00-04:00,131.3779829000739,131.8831942154376,130.4397420545948,131.79498291015625,168390700,0.0,0.0,0.0
2013-06-04 00:00:00-04:00,131.86717432390927,132.39644224335487,130.49589148466868,131.16148376464844,157631500,0.0,0.0,0.0
2013-06-05 00:00:00-04:00,130.78457029360501,131.04920422971213,129.21282067077436,129.32508850097656,211737800,0.0,0.0,0.0
2013-06-06 00:00:00-04:00,129.26897898330478,130.50393764333214,128.5071605102191,130.49591064453125,200225500,0.0,0.0,0.0
2013-06-07 00:00:00-04:00,131.39405014756002,132.27615113523132,130.82468393277924,132.15586853027344,188337800,0.0,0.0,0.0
2013-06-10 00:00:00-04:00,132.56484162340746,132.63701118638218,131.8110380022655,132.15586853027344,105667100,0.0,0.0,0.0
2013-06-11 00:00:00-04:00,130.95301396703303,131.9473829532334,130.50394252342264,130.79263305664062,159505400,0.0,0.0,0.0
2013-06-12 00:00:00-04:00,131.6907571356231,131.8270815018006,129.58973936611062,129.71002197265625,177361500,0.0,0.0,0.0
2013-06-13 00:00:00-04:00,129.6378493409857,131.91528970372343,129.3491588558304,131.6827392578125,163587800,0.0,0.0,0.0
2013-06-14 00:00:00-04:00,131.53838452182518,132.0516106782344,130.6402418071782,130.85675048828125,141197500,0.0,0.0,0.0
2013-06-17 00:00:00-04:00,131.74684691552898,132.49263556969652,130.8888026851693,131.8671417236328,136295600,0.0,0.0,0.0
2013-06-18 00:00:00-04:00,131.9393131581622,133.11011656461176,131.93129839868325,132.90963745117188,114695600,0.0,0.0,0.0
2013-06-19 00:00:00-04:00,132.7974472058797,133.02999772934533,131.01719065975962,131.0733184814453,206149500,0.0,0.0,0.0
2013-06-20 00:00:00-04:00,129.7982749280685,131.08936167630003,127.48875025141056,127.82555389404297,321255900,0.0,0.0,0.0
2013-06-21 00:00:00-04:00,128.69539045409783,128.7921257241935,126.9460246140526,128.2358856201172,271956800,0.839,0.0,0.0
2013-06-24 00:00:00-04:00,126.89763176932327,127.71990600383461,125.5432767519111,126.61547088623047,222329000,0.0,0.0,0.0
2013-06-25 00:00:00-04:00,127.76022281726479,129.0662102742362,126.90569525591553,127.8327865600586,162262200,0.0,0.0,0.0
2013-06-26 00:00:00-04:00,128.8807678502536,129.38865247855276,128.38095269289425,129.0984344482422,134848000,0.0,0.0,0.0
2013-06-27 00:00:00-04:00,129.8723888523033,130.45282507183518,129.75145746430223,129.85626220703125,129483700,0.0,0.0,0.0
2013-06-28 00:00:00-04:00,129.49348724815698,130.1142216034593,128.87274059182906,129.32418823242188,160402900,0.0,0.0,0.0
2013-07-01 00:00:00-04:00,130.00134929931565,130.98486542384023,129.85624641259463,130.08197021484375,131954800,0.0,0.0,0.0
2013-07-02 00:00:00-04:00,129.88846532068308,130.83974029792034,129.38865017223284,129.96102905273438,154863700,0.0,0.0,0.0
2013-07-03 00:00:00-04:00,129.37252573218748,130.41247879871167,129.16292860530965,130.0174560546875,75216400,0.0,0.0,0.0
2013-07-05 00:00:00-04:00,130.9768213144196,131.46857942572268,130.03361555359746,131.4202117919922,122416900,0.0,0.0,0.0
2013-07-08 00:00:00-04:00,132.09733993062724,132.52460362311362,131.46853629636348,132.16989135742188,108092500,0.0,0.0,0.0
2013-07-09 00:00:00-04:00,133.00026918470073,133.28243009626203,132.4279024912249,133.12120056152344,119298000,0.0,0.0,0.0
2013-07-10 00:00:00-04:00,132.9922147406944,133.62101854978786,132.71812329591526,133.16957092285156,121410100,0.0,0.0,0.0
2013-07-11 00:00:00-04:00,134.71736422824975,135.12044412692788,133.16146942282052,134.9833984375,135592200,0.0,0.0,0.0
2013-07-12 00:00:00-04:00,134.94312069422944,135.37844167786284,134.7335235244838,135.03985595703125,104212700,0.0,0.0,0.0
2013-07-15 00:00:00-04:00,135.4106832511633,135.74926894270232,135.1768899849184,135.5557861328125,69450600,0.0,0.0,0.0
2013-07-16 00:00:00-04:00,135.64450904152773,135.7251299808799,134.68518874899522,135.04795837402344,88702100,0.0,0.0,0.0
2013-07-17 00:00:00-04:00,135.56392188178617,135.82188678673387,135.21726654888212,135.39462280273438,92873900,0.0,0.0,0.0
2013-07-18 00:00:00-04:00,135.68476764462605,136.45868654307415,135.59608956564784,136.13621520996094,103620100,0.0,0.0,0.0
2013-07-19 00:00:00-04:00,135.85408320905074,136.42644990600354,135.6847842008805,136.37808227539062,103831700,0.0,0.0,0.0
2013-07-22 00:00:00-04:00,136.57153731395812,136.83757152923062,136.2490660071024,136.6440887451172,79428600,0.0,0.0,0.0
2013-07-23 00:00:00-04:00,136.88593499152967,136.91011880118134,136.2813151481934,136.35386657714844,80829700,0.0,0.0,0.0
2013-07-24 00:00:00-04:00,136.87790986867483,136.93434697682886,135.57999169242026,135.85409545898438,112914000,0.0,0.0,0.0
2013-07-25 00:00:00-04:00,135.6122037380165,136.30550166418166,135.38647997610434,136.1845703125,111088600,0.0,0.0,0.0
2013-07-26 00:00:00-04:00,135.6121845031639,136.36997658253836,135.04787517842357,136.3296661376953,107814600,0.0,0.0,0.0
2013-07-29 00:00:00-04:00,135.98304338070147,136.28938807306636,135.5235386431778,135.91049194335938,79695000,0.0,0.0,0.0
2013-07-30 00:00:00-04:00,136.32164135701194,136.46674423169617,135.58803291004534,135.91049194335938,85209600,0.0,0.0,0.0
2013-07-31 00:00:00-04:00,136.192676544993,136.92628511973777,135.82990699407247,136.00726318359375,142388700,0.0,0.0,0.0
2013-08-01 00:00:00-04:00,137.03914368193847,137.70018848952267,136.9665799327072,137.5792694091797,110438400,0.0,0.0,0.0
2013-08-02 00:00:00-04:00,137.27289319543314,137.829145439518,137.08747988107908,137.81301879882812,91116700,0.0,0.0,0.0
2013-08-05 00:00:00-04:00,137.50665780520114,137.8210595775754,137.32930169760334,137.6114501953125,54072700,0.0,0.0,0.0
2013-08-06 00:00:00-04:00,137.34544006675645,137.6437275550129,136.52316593421534,136.82949829101562,87495000,0.0,0.0,0.0
2013-08-07 00:00:00-04:00,136.39419312874455,136.58766362879786,135.878251293563,136.38612365722656,84854700,0.0,0.0,0.0
2013-08-08 00:00:00-04:00,137.03105869052564,137.19228821306564,136.1845883209106,136.88595581054688,102181300,0.0,0.0,0.0
2013-08-09 00:00:00-04:00,136.7085723392342,137.127778854925,136.01527445987008,136.49090576171875,91757700,0.0,0.0,0.0
2013-08-12 00:00:00-04:00,135.80566725779804,136.49089561604674,135.74117300625332,136.3296661376953,68593300,0.0,0.0,0.0
2013-08-13 00:00:00-04:00,136.57157379873792,136.96658434125627,135.7654137677687,136.73280334472656,80806000,0.0,0.0,0.0
2013-08-14 00:00:00-04:00,136.66827871727125,136.88594532158467,135.99916456402866,136.0314178466797,79829200,0.0,0.0,0.0
2013-08-15 00:00:00-04:00,134.9592193687871,134.97533370856425,133.89508249440289,134.12887573242188,152931800,0.0,0.0,0.0
2013-08-16 00:00:00-04:00,133.8708991561173,134.3304161628655,133.4194516203089,133.68548583984375,130868200,0.0,0.0,0.0
2013-08-19 00:00:00-04:00,133.5323029349495,133.99181990532614,132.82287840567548,132.83094787597656,96437600,0.0,0.0,0.0
2013-08-20 00:00:00-04:00,133.04864496988003,133.98379355011642,132.90354207002906,133.48397827148438,89294400,0.0,0.0,0.0
2013-08-21 00:00:00-04:00,133.11317567415986,133.84678444911486,132.36345255105115,132.66172790527344,159530500,0.0,0.0,0.0
2013-08-22 00:00:00-04:00,132.9357622109491,134.06439344834874,132.92770504034064,133.87091064453125,101471400,0.0,0.0,0.0
2013-08-23 00:00:00-04:00,134.26596288662353,134.49168672343242,133.63715901250927,134.3223876953125,90888900,0.0,0.0,0.0
2013-08-26 00:00:00-04:00,134.45938584551422,134.8705352107133,133.73384695554975,133.82252502441406,89702100,0.0,0.0,0.0
2013-08-27 00:00:00-04:00,132.50044873776605,133.8225505523872,131.5733697236262,131.67010498046875,158619400,0.0,0.0,0.0
2013-08-28 00:00:00-04:00,131.6137143016322,132.6053002381102,131.44442754244832,132.13772583007812,108113000,0.0,0.0,0.0
2013-08-29 00:00:00-04:00,131.84742915560338,133.04859930664966,131.72649781287302,132.3472442626953,119200500,0.0,0.0,0.0
2013-08-30 00:00:00-04:00,132.62130675714187,132.63743339286663,131.5410558829407,131.92800903320312,134928900,0.0,0.0,0.0
2013-09-03 00:00:00-04:00,133.20179906062742,133.48395995075634,131.96837537707924,132.52462768554688,142375100,0.0,0.0,0.0
2013-09-04 00:00:00-04:00,132.55685009728123,133.84671069854423,132.31501199793897,133.62098693847656,97389400,0.0,0.0,0.0
2013-09-05 00:00:00-04:00,133.70165088084488,134.14502907305513,133.60490330894018,133.7903289794922,63090500,0.0,0.0,0.0
2013-09-06 00:00:00-04:00,134.23369353710424,134.61258971092724,132.59718976549644,133.85479736328125,159756500,0.0,0.0,0.0
2013-09-09 00:00:00-04:00,134.18532153986789,135.2172052942665,134.18532153986789,135.1365966796875,87559300,0.0,0.0,0.0
2013-09-10 00:00:00-04:00,135.95080188156058,136.16039902231648,135.64445719035893,136.13621520996094,105847200,0.0,0.0,0.0
2013-09-11 00:00:00-04:00,135.95075392089305,136.5634307861328,135.71697305025478,136.5634307861328,94545900,0.0,0.0,0.0
2013-09-12 00:00:00-04:00,136.5151465716965,136.6925027754271,136.01533125265217,136.20074462890625,83209000,0.0,0.0,0.0
2013-09-13 00:00:00-04:00,136.3458048091769,136.6118390073952,136.03140299328655,136.5070343017578,72727800,0.0,0.0,0.0
2013-09-16 00:00:00-04:00,137.98237545341945,138.04686974211637,137.07946771269044,137.29713439941406,106299200,0.0,0.0,0.0
2013-09-17 00:00:00-04:00,137.41797115469797,137.9419699755343,137.41797115469797,137.90972900390625,82523300,0.0,0.0,0.0
2013-09-18 00:00:00-04:00,137.86137810519065,139.8848470044468,137.51473530791267,139.50595092773438,203460600,0.0,0.0,0.0
2013-09-19 00:00:00-04:00,139.88487570403532,139.94936997511434,139.13514056613812,139.27218627929688,146616900,0.0,0.0,0.0
2013-09-20 00:00:00-04:00,139.60270632889512,139.60270632889512,138.185049893685,138.2984619140625,132867100,0.838,0.0,0.0
2013-09-23 00:00:00-04:00,138.11218413120605,138.24178907640103,137.2210806024406,137.6585235595703,104616500,0.0,0.0,0.0
2013-09-24 00:00:00-04:00,137.6342171093757,138.1445775092343,137.07526567260942,137.33448791503906,106333100,0.0,0.0,0.0
2013-09-25 00:00:00-04:00,137.4235738734298,137.69900131993367,136.8160067856209,136.93751525878906,117306500,0.0,0.0,0.0
2013-09-26 00:00:00-04:00,137.16435166942597,137.85292028564754,136.9456240567513,137.46408081054688,77146900,0.0,0.0,0.0
2013-09-27 00:00:00-04:00,136.77547165477645,137.01850091201436,136.4757425754059,136.83218383789062,99141800,0.0,0.0,0.0
2013-09-30 00:00:00-04:00,135.673772493103,136.53246529986575,135.40644150139664,136.10311889648438,143937000,0.0,0.0,0.0
2013-10-01 00:00:00-04:00,136.2084068408088,137.3101287220444,136.070693150777,137.18051147460938,127160000,0.0,0.0,0.0
2013-10-02 00:00:00-04:00,136.37857043957848,137.18055112278788,135.9573204441547,137.05093383789062,113350000,0.0,0.0,0.0
2013-10-03 00:00:00-04:00,136.73494271842577,136.85646350798336,135.15527134201304,135.78713989257812,176698000,0.0,0.0,0.0
2013-10-04 00:00:00-04:00,135.89250802398726,136.95372324749013,135.7142873524541,136.81600952148438,96878000,0.0,0.0,0.0
2013-10-07 00:00:00-04:00,135.6251890770292,136.4595803129572,135.48747533877741,135.63328552246094,96295000,0.0,0.0,0.0
2013-10-08 00:00:00-04:00,135.60902075681676,135.7872414927345,133.95644308674818,134.05364990234375,178015000,0.0,0.0,0.0
2013-10-09 00:00:00-04:00,134.31278745725322,134.63681818230654,133.2839707456902,134.15077209472656,168973000,0.0,0.0,0.0
2013-10-10 00:00:00-04:00,135.5198592921854,137.11573650510684,135.47125590271312,137.04283142089844,195955000,0.0,0.0,0.0
2013-10-11 00:00:00-04:00,136.83221367182512,137.9744427771998,136.71880164185075,137.9258270263672,105040000,0.0,0.0,0.0
2013-10-14 00:00:00-04:00,137.07520315502978,138.59006604975704,136.96988760030135,138.47665405273438,112106000,0.0,0.0,0.0
2013-10-15 00:00:00-04:00,138.1283537330861,138.6468105094059,137.28586610693566,137.47218322753906,155485000,0.0,0.0,0.0
2013-10-16 00:00:00-04:00,138.2984642026684,139.46499492355986,138.23365556695407,139.39208984375,161676000,0.0,0.0,0.0
2013-10-17 00:00:00-04:00,138.82502947693027,140.404713843125,138.8007277815412,140.32369995117188,129389000,0.0,0.0,0.0
2013-10-18 00:00:00-04:00,140.84209236164193,141.36864533576923,140.55855623035566,141.2714385986328,138316000,0.0,0.0,0.0
2013-10-21 00:00:00-04:00,141.3201395237887,141.56316889537737,140.9636980935903,141.27963256835938,104104000,0.0,0.0,0.0
2013-10-22 00:00:00-04:00,141.69273363827133,142.51901588972774,141.30388184360427,142.0977783203125,126663000,0.0,0.0,0.0
2013-10-23 00:00:00-04:00,141.6117414469869,141.67655008935765,140.92317279864415,141.41732788085938,105484000,0.0,0.0,0.0
2013-10-24 00:00:00-04:00,141.70084414372974,142.06538192154537,141.36870450486006,141.8871612548828,70350000,0.0,0.0,0.0
2013-10-25 00:00:00-04:00,142.178821658731,142.57577001383828,141.9033941605683,142.53526306152344,93625000,0.0,0.0,0.0
2013-10-28 00:00:00-04:00,142.48667269637053,142.95652619203008,142.332753680087,142.76210021972656,84979000,0.0,0.0,0.0
2013-10-29 00:00:00-04:00,143.0861014536401,143.58025650548115,142.88357909404925,143.52354431152344,87401000,0.0,0.0,0.0
2013-10-30 00:00:00-04:00,143.6936912257172,143.7989944638658,142.30033618280325,142.81068420410156,140002000,0.0,0.0,0.0
2013-10-31 00:00:00-04:00,142.6972418071355,143.29671240864283,142.19499033837565,142.40560913085938,133795000,0.0,0.0,0.0
2013-11-01 00:00:00-04:00,142.5919458976618,143.06989569797025,141.9438718770656,142.74586486816406,142805000,0.0,0.0,0.0
2013-11-04 00:00:00-05:00,143.1347111370261,143.3048230044127,142.55954217166015,143.2481231689453,85677000,0.0,0.0,0.0
2013-11-05 00:00:00-05:00,142.68914853225562,143.18330356800462,142.22740399513668,142.79446411132812,85825000,0.0,0.0,0.0
2013-11-06 00:00:00-05:00,143.41013228459192,143.79087530950142,143.01318400983968,143.52354431152344,87348000,0.0,0.0,0.0
2013-11-07 00:00:00-05:00,143.79084340903674,143.90425541080745,141.5711943904032,141.7089080810547,157000000,0.0,0.0,0.0
2013-11-08 00:00:00-05:00,141.66032795349864,143.63694804675885,141.64413506557452,143.62074279785156,136713000,0.0,0.0,0.0
2013-11-11 00:00:00-05:00,143.48302228939517,143.81516189085715,143.31291044736614,143.64505004882812,62614000,0.0,0.0,0.0
2013-11-12 00:00:00-05:00,143.33723408043426,143.67747017755653,142.87547714513545,143.3534393310547,83990000,0.0,0.0,0.0
2013-11-13 00:00:00-05:00,142.64865704431972,144.5442635070981,142.64865704431972,144.50376892089844,103844000,0.0,0.0,0.0
2013-11-14 00:00:00-05:00,144.63334208167643,145.34622464040592,144.39842161717624,145.22471618652344,103435000,0.0,0.0,0.0
2013-11-15 00:00:00-05:00,145.45964964727193,145.91329773027434,145.27333254767805,145.85659790039062,102818000,0.0,0.0,0.0
2013-11-18 00:00:00-05:00,146.09965742040967,146.22116591028987,145.02223681985768,145.3462677001953,104796000,0.0,0.0,0.0
2013-11-19 00:00:00-05:00,145.27334853106674,145.7107914132383,144.77919345178864,145.0303192138672,93891000,0.0,0.0,0.0
2013-11-20 00:00:00-05:00,145.32192560384382,145.75936840679248,144.17969667255798,144.57664489746094,124909000,0.0,0.0,0.0
2013-11-21 00:00:00-05:00,144.9817388844298,145.85663714892488,144.89262853264825,145.74322509765625,92841000,0.0,0.0,0.0
2013-11-22 00:00:00-05:00,145.79989903829062,146.48848003071447,145.62978717210498,146.47227478027344,81296000,0.0,0.0,0.0
2013-11-25 00:00:00-05:00,146.73149121730236,146.76388935319787,146.11581538644253,146.32644653320312,79486000,0.0,0.0,0.0
2013-11-26 00:00:00-05:00,146.39936911891863,146.8044138514608,146.14824336249995,146.36695861816406,86994000,0.0,0.0,0.0
2013-11-27 00:00:00-05:00,146.5208663211857,146.82060780567454,146.34264566370044,146.723388671875,58800000,0.0,0.0,0.0
2013-11-29 00:00:00-05:00,146.8854094565851,147.233741949935,146.46415952610712,146.6261749267578,55870900,0.0,0.0,0.0
2013-12-02 00:00:00-05:00,146.6991163181638,146.97454380355012,146.01864405039078,146.24546813964844,99726000,0.0,0.0,0.0
2013-12-03 00:00:00-05:00,145.7675665069439,146.1321044595438,145.14379387454588,145.6136474609375,116563000,0.0,0.0,0.0
2013-12-04 00:00:00-05:00,145.087048820312,146.20496403599597,144.47948163490196,145.59739685058594,123033000,0.0,0.0,0.0
2013-12-05 00:00:00-05:00,145.33810986547707,145.6054407912819,144.81965325933518,144.95736694335938,106934000,0.0,0.0,0.0
2013-12-06 00:00:00-05:00,146.35878714391788,146.71522830358603,145.93753737694843,146.5775146484375,127728000,0.0,0.0,0.0
2013-12-09 00:00:00-05:00,147.00695329128214,147.1689687309188,146.75582750569745,146.9502410888672,70124000,0.0,0.0,0.0
2013-12-10 00:00:00-05:00,146.60999265901313,146.9178306211899,146.33456519863634,146.42367553710938,80976000,0.0,0.0,0.0
2013-12-11 00:00:00-05:00,146.4804137592429,146.50471545941815,144.600999872445,144.7792205810547,130591000,0.0,0.0,0.0
2013-12-12 00:00:00-05:00,144.7143495820731,144.892570213903,144.00146705475353,144.30120849609375,115565000,0.0,0.0,0.0
2013-12-13 00:00:00-05:00,144.60093799016965,144.73055524295887,144.00957627066845,144.28500366210938,107808000,0.0,0.0,0.0
2013-12-16 00:00:00-05:00,144.96547653134567,145.6621538178668,144.92496959449343,145.1842041015625,96195000,0.0,0.0,0.0
2013-12-17 00:00:00-05:00,145.31381669185868,145.33811838099385,144.3984118644968,144.72244262695312,89886000,0.0,0.0,0.0
2013-12-18 00:00:00-05:00,144.9412048512041,147.2175542584232,143.64506913044144,147.19325256347656,234906000,0.0,0.0,0.0
2013-12-19 00:00:00-05:00,146.7719637569856,147.19321362626718,146.3912331832087,147.02310180664062,136531200,0.0,0.0,0.0
2013-12-20 00:00:00-05:00,147.16972637388204,148.22856245129285,147.07199186547496,147.87832641601562,197087000,0.98,0.0,0.0
2013-12-23 00:00:00-05:00,148.6032050033185,148.75795957840043,148.2937082812445,148.66836547851562,85598000,0.0,0.0,0.0
2013-12-24 00:00:00-05:00,148.67655201255798,149.05936215557304,148.66841161116602,148.99420166015625,45368800,0.0,0.0,0.0
2013-12-26 00:00:00-05:00,149.32811103807356,149.8331016572397,149.31183023894212,149.75164794921875,63365000,0.0,0.0,0.0
2013-12-27 00:00:00-05:00,149.94716742583682,150.01231549506932,149.5887909045877,149.74354553222656,61814000,0.0,0.0,0.0
2013-12-30 00:00:00-05:00,149.75980012247976,149.88198069411666,149.52360423559549,149.71908569335938,56857000,0.0,0.0,0.0
2013-12-31 00:00:00-05:00,149.92274077353485,150.42771911621094,149.80870057683285,150.42771911621094,86119900,0.0,0.0,0.0
2014-01-02 00:00:00-05:00,149.8494082367519,149.9227215578201,148.62767697479447,148.98605346679688,119636900,0.0,0.0,0.0
2014-01-03 00:00:00-05:00,149.23850106202124,149.53986980718156,148.7498161501301,148.96157836914062,81390600,0.0,0.0,0.0
2014-01-06 00:00:00-05:00,149.45029722263197,149.50730487791859,148.3018670080223,148.52992248535156,108028200,0.0,0.0,0.0
2014-01-07 00:00:00-05:00,149.12455000117444,149.6946889055205,149.01052222030523,149.44219970703125,86144200,0.0,0.0,0.0
2014-01-08 00:00:00-05:00,149.417787626549,149.7272969741733,148.96167643726972,149.4748077392578,96582300,0.0,0.0,0.0
2014-01-09 00:00:00-05:00,149.9552434615995,149.97153668596107,148.88826718555913,149.5724334716797,90683400,0.0,0.0,0.0
2014-01-10 00:00:00-05:00,149.82493597664842,150.0448510269665,149.05931592805874,149.9796905517578,102026400,0.0,0.0,0.0
2014-01-13 00:00:00-05:00,149.5968886105806,150.01227268087914,147.69913161239018,147.9842071533203,149892000,0.0,0.0,0.0
2014-01-14 00:00:00-05:00,148.47292705459287,149.67837755273501,148.1960042758684,149.596923828125,105016100,0.0,0.0,0.0
2014-01-15 00:00:00-05:00,149.94719391992896,150.63136062060192,149.62954420689536,150.40330505371094,98525800,0.0,0.0,0.0
2014-01-16 00:00:00-05:00,150.0937359338677,150.40324512049813,149.72721909227923,150.207763671875,72290600,0.0,0.0,0.0
2014-01-17 00:00:00-05:00,149.94710306346312,150.2321661353023,149.31180402233846,149.5724334716797,107848700,0.0,0.0,0.0
2014-01-21 00:00:00-05:00,150.43578964920437,150.49280972107275,149.09189068420574,150.0122528076172,88621200,0.0,0.0,0.0
2014-01-22 00:00:00-05:00,150.26473989971214,150.32990036356924,149.79233585781395,150.1099853515625,61270900,0.0,0.0,0.0
2014-01-23 00:00:00-05:00,149.35257699647892,149.37701062855635,148.09013124549864,148.8801727294922,132496900,0.0,0.0,0.0
2014-01-24 00:00:00-05:00,147.9109255097854,147.9597927681646,145.65479179923798,145.7036590576172,208677100,0.0,0.0,0.0
2014-01-27 00:00:00-05:00,145.84215297329442,146.2168227512866,144.26204498331438,144.9869384765625,180843100,0.0,0.0,0.0
2014-01-28 00:00:00-05:00,145.09281611315006,146.03762468289116,145.07652288178375,145.8502960205078,110463200,0.0,0.0,0.0
2014-01-29 00:00:00-05:00,144.63669999371277,145.42675390803726,144.06656119680173,144.44937133789062,216597300,0.0,0.0,0.0
2014-01-30 00:00:00-05:00,145.6547855675391,146.45297975246484,145.19052177661524,145.98057556152344,118938100,0.0,0.0,0.0
2014-01-31 00:00:00-05:00,144.17240223814483,146.02943241334532,144.09910135893472,145.12535095214844,194677900,0.0,0.0,0.0
2014-02-03 00:00:00-05:00,144.95432277711728,145.28011276409362,141.58234545673753,141.85926818847656,254837100,0.0,0.0,0.0
2014-02-04 00:00:00-05:00,142.49462025062908,143.21951380457847,141.81045356719065,142.85299682617188,165012400,0.0,0.0,0.0
2014-02-05 00:00:00-05:00,142.3561174770932,142.9914167025943,141.48462235620005,142.67376708984375,164230500,0.0,0.0,0.0
2014-02-06 00:00:00-05:00,143.0077155505298,144.55523681640625,142.71449955584774,144.55523681640625,132877600,0.0,0.0,0.0
2014-02-07 00:00:00-05:00,145.23123275908503,146.50183099607554,144.75882861977746,146.34707641601562,170787200,0.0,0.0,0.0
2014-02-10 00:00:00-05:00,146.36340136624884,146.66477019256178,145.96431044495057,146.6158905029297,92218800,0.0,0.0,0.0
2014-02-11 00:00:00-05:00,146.73811303099728,148.59514406888775,146.64036605188437,148.22047424316406,117814100,0.0,0.0,0.0
2014-02-12 00:00:00-05:00,148.44033346072038,148.91273765940124,148.0005157188268,148.29373168945312,94717700,0.0,0.0,0.0
2014-02-13 00:00:00-05:00,147.29189010517914,149.2140807576196,147.28374970575234,149.059326171875,100542200,0.0,0.0,0.0
2014-02-14 00:00:00-05:00,148.9208565210617,150.15888070999375,148.78239516997107,149.8819580078125,96498400,0.0,0.0,0.0
2014-02-18 00:00:00-05:00,150.01227754486263,150.26477906866037,149.5806002338624,150.0611572265625,80460900,0.0,0.0,0.0
2014-02-19 00:00:00-05:00,149.67021767540817,150.6394597833955,148.945324301651,149.0675048828125,126524300,0.0,0.0,0.0
2014-02-20 00:00:00-05:00,149.27107191416383,150.2891809093233,148.72536698412895,149.9470977783203,104998100,0.0,0.0,0.0
2014-02-21 00:00:00-05:00,150.23214227912604,150.59051858963937,149.70273063828657,149.77603149414062,118116400,0.0,0.0,0.0
2014-02-24 00:00:00-05:00,150.0937415044707,151.6168290104019,150.02858101917795,150.60687255859375,114063900,0.0,0.0,0.0
2014-02-25 00:00:00-05:00,150.7290692429084,151.16074666513467,150.05304306158754,150.5498809814453,117085000,0.0,0.0,0.0
2014-02-26 00:00:00-05:00,150.76979146451527,151.16889483968257,150.13449216728978,150.5580291748047,98677200,0.0,0.0,0.0
2014-02-27 00:00:00-05:00,150.33808413944655,151.38876740559726,150.16703631895672,151.34805297851562,93880800,0.0,0.0,0.0
2014-02-28 00:00:00-05:00,151.32360652524997,152.43130987134995,150.72089381140304,151.73085021972656,150842000,0.0,0.0,0.0
2014-03-03 00:00:00-05:00,150.3950818231304,151.0466741784235,149.66204819098218,150.6638641357422,167748500,0.0,0.0,0.0
2014-03-04 00:00:00-05:00,152.13807275070778,153.10731459722817,152.10549872804108,152.78152465820312,167545900,0.0,0.0,0.0
2014-03-05 00:00:00-05:00,152.91182725369984,153.18060951377853,152.67561901237855,152.9199676513672,88376900,0.0,0.0,0.0
2014-03-06 00:00:00-05:00,153.29467921017093,153.6204691993335,152.9444431651343,153.27023315429688,82516500,0.0,0.0,0.0
2014-03-07 00:00:00-05:00,153.90556991753755,153.90556991753755,152.65939255647288,153.33541870117188,114513500,0.0,0.0,0.0
2014-03-10 00:00:00-04:00,153.0991974320143,153.31095968170743,152.37430414380194,153.2539520263672,74939200,0.0,0.0,0.0
2014-03-11 00:00:00-04:00,153.48201046016672,153.70192554206673,152.1462515967855,152.49647521972656,99009100,0.0,0.0,0.0
2014-03-12 00:00:00-04:00,151.7553303361538,152.59425154082098,151.41323461929105,152.5372314453125,104824400,0.0,0.0,0.0
2014-03-13 00:00:00-04:00,152.99329090197588,153.11547145339276,150.40322726272413,150.82675170898438,155014300,0.0,0.0,0.0
2014-03-14 00:00:00-04:00,150.55805970869332,151.3318205555089,150.2241167614257,150.40330505371094,153919600,0.0,0.0,0.0
2014-03-17 00:00:00-04:00,151.16073302432258,152.12183474253922,151.0955725325712,151.76345825195312,98359500,0.0,0.0,0.0
2014-03-18 00:00:00-04:00,152.0729041072643,153.05028622004363,151.90999673172786,152.84666442871094,101804600,0.0,0.0,0.0
2014-03-19 00:00:00-04:00,152.86294876579672,153.074723387666,151.06293904843676,152.0321807861328,176267300,0.0,0.0,0.0
2014-03-20 00:00:00-04:00,151.69823688451206,153.03399535915014,151.42945462443336,152.9199676513672,117241000,0.0,0.0,0.0
2014-03-21 00:00:00-04:00,153.56223179984505,154.63391760004137,152.18784706463313,152.32691955566406,163128000,0.825,0.0,0.0
2014-03-24 00:00:00-04:00,152.85044385136797,153.0386117064313,151.03430074183058,151.6969451904297,121411000,0.0,0.0,0.0
2014-03-25 00:00:00-04:00,152.46596830835193,152.9322811318041,151.5660854212697,152.41688537597656,103852000,0.0,0.0,0.0
2014-03-26 00:00:00-04:00,153.0140562326359,153.2594833363538,151.27972633679383,151.3206329345703,119843000,0.0,0.0,0.0
2014-03-27 00:00:00-04:00,151.1406899108719,151.62335542401766,150.4453150317715,151.00161743164062,142383000,0.0,0.0,0.0
2014-03-28 00:00:00-04:00,151.43518801937424,152.50687364379465,151.3451984831206,151.74606323242188,101642000,0.0,0.0,0.0
2014-03-31 00:00:00-04:00,152.71138754634865,153.22678327549093,151.77059810334978,152.98953247070312,99745000,0.0,0.0,0.0
2014-04-01 00:00:00-04:00,153.48857152758842,154.09395682246264,152.98136458073952,154.00396728515625,89193000,0.0,0.0,0.0
2014-04-02 00:00:00-04:00,154.20031185811547,154.72388394468092,153.9139781070333,154.5193634033203,78774000,0.0,0.0,0.0
2014-04-03 00:00:00-04:00,154.75657814543322,154.79748474405758,153.84033025436577,154.3148193359375,77435000,0.0,0.0,0.0
2014-04-04 00:00:00-04:00,155.15748037908972,155.1901981761404,152.24510960675133,152.4905242919922,169381000,0.0,0.0,0.0
2014-04-07 00:00:00-04:00,152.12239554623994,152.37599905256263,150.494419818706,150.80528259277344,140803000,0.0,0.0,0.0
2014-04-08 00:00:00-04:00,150.73978831141224,151.67240131365764,150.19167485669212,151.42698669433594,112660000,0.0,0.0,0.0
2014-04-09 00:00:00-04:00,151.8360582117633,153.10407560950767,151.39428684233843,153.05499267578125,100254000,0.0,0.0,0.0
2014-04-10 00:00:00-04:00,153.04683154040572,153.12045594830388,149.6517826529685,149.83995056152344,172959000,0.0,0.0,0.0
2014-04-11 00:00:00-04:00,149.00550814311228,150.0526524780789,148.32649834290117,148.4901123046875,167251000,0.0,0.0,0.0
2014-04-14 00:00:00-04:00,149.6517538168014,150.0117119410923,148.43281946665726,149.65994262695312,132382000,0.0,0.0,0.0
2014-04-15 00:00:00-04:00,149.97089177778912,150.79715061931844,148.49015194849136,150.6907958984375,157093000,0.0,0.0,0.0
2014-04-16 00:00:00-04:00,151.72973124361576,152.27784490856806,151.05889773899173,152.26966857910156,105197000,0.0,0.0,0.0
2014-04-17 00:00:00-04:00,152.06514335675806,152.90776713509186,151.80335102646833,152.48236083984375,105255000,0.0,0.0,0.0
2014-04-21 00:00:00-04:00,152.52328767870367,153.06322506932102,152.33513221819655,153.01412963867188,68329000,0.0,0.0,0.0
2014-04-22 00:00:00-04:00,153.1695353781427,154.12669010772686,153.0877346433335,153.70947265625,85790000,0.0,0.0,0.0
2014-04-23 00:00:00-04:00,153.65220145930527,153.73400218776277,153.22679522931858,153.34950256347656,73869000,0.0,0.0,0.0
2014-04-24 00:00:00-04:00,154.10212873620637,154.11849387423234,152.92408845719066,153.66036987304688,88170000,0.0,0.0,0.0
2014-04-25 00:00:00-04:00,153.16133555830723,153.25132509085623,152.0569197027461,152.4005126953125,100380000,0.0,0.0,0.0
2014-04-28 00:00:00-04:00,153.02229698059574,153.54586915419833,151.31250796649687,152.8832244873047,135121000,0.0,0.0,0.0
2014-04-29 00:00:00-04:00,153.374008775525,153.83213269500092,153.0467809710252,153.5948944091797,84098000,0.0,0.0,0.0
2014-04-30 00:00:00-04:00,153.3413424889168,154.2085076967307,153.12863310990562,154.05307006835938,101508000,0.0,0.0,0.0
2014-05-01 00:00:00-04:00,153.97942269596402,154.48662963252602,153.57855795010326,154.0694122314453,93019000,0.0,0.0,0.0
2014-05-02 00:00:00-04:00,154.05306181604692,154.73207156085408,153.6194792353661,153.84854125976562,98122000,0.0,0.0,0.0
2014-05-05 00:00:00-04:00,153.0959372096432,154.24943636975703,152.67053087371784,154.14308166503906,75883000,0.0,0.0,0.0
2014-05-06 00:00:00-04:00,153.7994682379783,153.90582292864266,152.76868906173286,152.80140686035156,85454000,0.0,0.0,0.0
2014-05-07 00:00:00-04:00,153.31674863527724,153.77487255208842,152.17142636030871,153.7012481689453,106500000,0.0,0.0,0.0
2014-05-08 00:00:00-04:00,153.5622279025259,154.6584551449093,153.04683207953374,153.5376739501953,93618000,0.0,0.0,0.0
2014-05-09 00:00:00-04:00,153.5622335759893,153.83218974920726,152.84231715955414,153.76675415039062,83679000,0.0,0.0,0.0
2014-05-12 00:00:00-04:00,154.4539006675034,155.3374308202477,153.79943250069925,155.2637939453125,86940000,0.0,0.0,0.0
2014-05-13 00:00:00-04:00,155.46831338919606,155.77918857493427,155.24744021474808,155.4028778076172,66454000,0.0,0.0,0.0
2014-05-14 00:00:00-04:00,155.26380719759425,155.3374440788146,154.44572503999854,154.66661071777344,72367000,0.0,0.0,0.0
2014-05-15 00:00:00-04:00,154.35575329255755,154.3884835730816,152.5559748350145,153.30860900878906,154956000,0.0,0.0,0.0
2014-05-16 00:00:00-04:00,153.3986215935968,153.90584115433902,152.75234201004878,153.84039306640625,97458000,0.0,0.0,0.0
2014-05-19 00:00:00-04:00,153.5458269965734,154.52752299217516,153.40675454146617,154.40481567382812,63839000,0.0,0.0,0.0
2014-05-20 00:00:00-04:00,154.3311724304549,154.3475375665397,153.0386137874054,153.43128967285156,111644000,0.0,0.0,0.0
2014-05-21 00:00:00-04:00,153.8730948988273,154.79753188088128,153.8485534287679,154.72390747070312,89093000,0.0,0.0,0.0
2014-05-22 00:00:00-04:00,154.7647116340674,155.4191795820806,154.5029319446248,155.10012817382812,61549000,0.0,0.0,0.0
2014-05-23 00:00:00-04:00,155.23930677564647,155.82832708348352,155.1002342700386,155.72198486328125,61092800,0.0,0.0,0.0
2014-05-27 00:00:00-04:00,156.30278435857377,156.72819060112894,156.21279481655142,156.67910766601562,72010000,0.0,0.0,0.0
2014-05-28 00:00:00-04:00,156.6791672836277,156.92459453552507,156.30284383299193,156.56463623046875,66723000,0.0,0.0,0.0
2014-05-29 00:00:00-04:00,156.92451551179934,157.39899214813008,156.52365078613533,157.37445068359375,64377000,0.0,0.0,0.0
2014-05-30 00:00:00-04:00,157.227214741132,157.72624536570993,157.09631859761637,157.62806701660156,76316000,0.0,0.0,0.0
2014-06-02 00:00:00-04:00,157.8489663011245,157.8816965812956,157.04724919815376,157.8080596923828,64656000,0.0,0.0,0.0
2014-06-03 00:00:00-04:00,157.4235279500103,157.8080275245052,157.27627916808893,157.72622680664062,65047000,0.0,0.0,0.0
2014-06-04 00:00:00-04:00,157.4563287636446,158.13533868911924,157.2927147716748,158.04534912109375,55529000,0.0,0.0,0.0
2014-06-05 00:00:00-04:00,158.22524997759652,159.23966371571177,157.64440623807792,159.0760498046875,92103000,0.0,0.0,0.0
2014-06-06 00:00:00-04:00,159.4197145636678,159.87783871404653,159.34609014298843,159.83694458007812,78696000,0.0,0.0,0.0
2014-06-09 00:00:00-04:00,159.8123329056271,160.3849878420499,159.665071646009,160.00048828125,65119000,0.0,0.0,0.0
2014-06-10 00:00:00-04:00,159.80418210755278,160.04960927666667,159.46058906397107,160.0168914794922,57129000,0.0,0.0,0.0
2014-06-11 00:00:00-04:00,159.44426717971962,159.62424632036692,159.10067404292414,159.46063232421875,68772000,0.0,0.0,0.0
2014-06-12 00:00:00-04:00,159.2723905583976,159.36238007996457,157.979819468136,158.3315887451172,106350000,0.0,0.0,0.0
2014-06-13 00:00:00-04:00,158.64245205678768,158.96969233028673,158.1352452365392,158.8142547607422,82017000,0.0,0.0,0.0
2014-06-16 00:00:00-04:00,158.61791684986093,159.2805612657775,158.42976148701885,158.9451446533203,87424000,0.0,0.0,0.0
2014-06-17 00:00:00-04:00,158.72424230267038,159.50141755511416,158.55243962354956,159.3868865966797,84834000,0.0,0.0,0.0
2014-06-18 00:00:00-04:00,159.38695691462527,160.64679801321802,159.03517507663227,160.5568084716797,105267000,0.0,0.0,0.0
2014-06-19 00:00:00-04:00,160.6958487725953,160.83493370407828,160.18046557692685,160.73675537109375,85929000,0.0,0.0,0.0
2014-06-20 00:00:00-04:00,161.1370722722522,161.19461844035132,160.8658100714066,161.06309509277344,100587000,0.937,0.0,0.0
2014-06-23 00:00:00-04:00,161.10419942110084,161.15351754127818,160.71785742270256,161.01377868652344,70611000,0.0,0.0,0.0
2014-06-24 00:00:00-04:00,160.72605591460663,161.52339888708804,159.8629512745978,160.04379272460938,96237000,0.0,0.0,0.0
2014-06-25 00:00:00-04:00,159.70677644488995,160.9315640429211,159.67390188094728,160.7671661376953,82782000,0.0,0.0,0.0
2014-06-26 00:00:00-04:00,160.79188428367277,160.80832784306483,159.57532428663652,160.6521453857422,84312000,0.0,0.0,0.0
2014-06-27 00:00:00-04:00,160.27400134883436,161.01381092790436,160.20002415375518,160.96449279785156,71445100,0.0,0.0,0.0
2014-06-30 00:00:00-04:00,160.86580437125093,161.25214635184827,160.72606552293473,160.8822479248047,70201200,0.0,0.0,0.0
2014-07-01 00:00:00-04:00,161.27690383331998,162.45237404602045,161.2193701749052,161.95916748046875,90470000,0.0,0.0,0.0
2014-07-02 00:00:00-04:00,161.97553500533223,162.3289899285973,161.90155781805697,162.1234893798828,52475000,0.0,0.0,0.0
2014-07-03 00:00:00-04:00,162.5838287092985,162.99482985755705,162.4605333819248,162.9208526611328,52938800,0.0,0.0,0.0
2014-07-07 00:00:00-04:00,162.60848417664485,162.73999499853616,162.11527783058753,162.35365295410156,61696000,0.0,0.0,0.0
2014-07-08 00:00:00-04:00,162.05775073030958,162.11529691265181,160.9151680187869,161.3097381591797,108143000,0.0,0.0,0.0
2014-07-09 00:00:00-04:00,161.71247021863493,162.18101743788964,161.36723084048992,162.03305053710938,72992000,0.0,0.0,0.0
2014-07-10 00:00:00-04:00,160.4712227852683,161.81930549082293,160.33969946210337,161.39186096191406,99040000,0.0,0.0,0.0
2014-07-11 00:00:00-04:00,161.29323502618158,161.72889508703625,160.93155213579158,161.6138153076172,64243000,0.0,0.0,0.0
2014-07-14 00:00:00-04:00,162.43588884815043,162.641389440664,162.29614995037247,162.42767333984375,58658000,0.0,0.0,0.0
2014-07-15 00:00:00-04:00,162.52627497075616,162.83863981848484,161.4083514840389,162.1234893798828,111307000,0.0,0.0,0.0
2014-07-16 00:00:00-04:00,162.8468670983831,162.97016241942245,162.27968353608406,162.72357177734375,79986400,0.0,0.0,0.0
2014-07-17 00:00:00-04:00,162.2221062702471,162.8386077951514,160.6438513288672,160.8740234375,145398000,0.0,0.0,0.0
2014-07-18 00:00:00-04:00,161.40012771795253,162.682449069468,161.30970697943505,162.51805114746094,124330000,0.0,0.0,0.0
2014-07-21 00:00:00-04:00,162.00841241155376,162.34543632760978,161.4658879431843,162.2139129638672,67592000,0.0,0.0,0.0
2014-07-22 00:00:00-04:00,162.76467021795304,163.21677398958934,162.64959039815102,162.9208526611328,67678000,0.0,0.0,0.0
2014-07-23 00:00:00-04:00,163.1674366732214,163.45514246027747,162.83864081037865,163.2825164794922,65612000,0.0,0.0,0.0
2014-07-24 00:00:00-04:00,163.43872316576068,163.62778018782168,163.12635826976071,163.29075622558594,56888000,0.0,0.0,0.0
2014-07-25 00:00:00-04:00,162.83042772176606,162.97016660345125,162.20571050786293,162.5262908935547,76837000,0.0,0.0,0.0
2014-07-28 00:00:00-04:00,162.55918441440883,162.83044670203827,161.62210221294382,162.59207153320312,69259000,0.0,0.0,0.0
2014-07-29 00:00:00-04:00,162.89621552218998,163.12637519277447,161.86871251323728,161.89337158203125,80466000,0.0,0.0,0.0
2014-07-30 00:00:00-04:00,162.4687239578104,162.68245254947323,161.24394875131435,161.91798400878906,104222000,0.0,0.0,0.0
2014-07-31 00:00:00-04:00,160.79187787095572,160.93161676331323,158.6217921998999,158.72042846679688,183479000,0.0,0.0,0.0
2014-08-01 00:00:00-04:00,158.28482230068607,159.27122293488884,157.47104773528196,158.23550415039062,189261000,0.0,0.0,0.0
2014-08-04 00:00:00-04:00,158.53959058289993,159.7150604756602,157.86555517238696,159.37803649902344,91340000,0.0,0.0,0.0
2014-08-05 00:00:00-04:00,158.72867958926707,159.13968081809196,157.2572881661273,157.8326873779297,152690000,0.0,0.0,0.0
2014-08-06 00:00:00-04:00,157.09283042981357,158.55599324446646,157.0681713688846,157.8819580078125,94818000,0.0,0.0,0.0
2014-08-07 00:00:00-04:00,158.59711161372007,158.75329404362202,156.63252679377374,157.02708435058594,135733000,0.0,0.0,0.0
2014-08-08 00:00:00-04:00,157.38057159744713,158.9505865150183,156.96134238184234,158.84373474121094,117014000,0.0,0.0,0.0
2014-08-11 00:00:00-04:00,159.44375497096155,160.0109384503892,159.23003893146645,159.30401611328125,74544000,0.0,0.0,0.0
2014-08-12 00:00:00-04:00,159.1478692344937,159.59174496724538,158.59712918675592,159.0821075439453,73632000,0.0,0.0,0.0
2014-08-13 00:00:00-04:00,159.70681652817865,160.33976179204885,159.4355668149936,160.15892028808594,69047000,0.0,0.0,0.0
2014-08-14 00:00:00-04:00,160.42195208054446,160.91514587402344,160.27398516257006,160.91514587402344,57371000,0.0,0.0,0.0
2014-08-15 00:00:00-04:00,161.49874948412943,161.64670383784434,159.72322198301265,160.8822479248047,139951000,0.0,0.0,0.0
2014-08-18 00:00:00-04:00,161.77005790825442,162.3043543952653,161.6796371520015,162.23037719726562,75424000,0.0,0.0,0.0
2014-08-19 00:00:00-04:00,162.62493783626002,163.20033695828099,162.29614192160807,163.07704162597656,59135000,0.0,0.0,0.0
2014-08-20 00:00:00-04:00,162.8550757693344,163.70996510185142,162.8222011993569,163.51268005371094,72763000,0.0,0.0,0.0
2014-08-21 00:00:00-04:00,163.6524322289894,164.20317225588045,163.5209088528711,163.9894561767578,67791000,0.0,0.0,0.0
2014-08-22 00:00:00-04:00,163.85794499326374,164.14565083208575,163.36475111026084,163.73464965820312,76107000,0.0,0.0,0.0
2014-08-25 00:00:00-04:00,164.51550121635165,164.88539965600222,163.70171461491506,164.5648193359375,63855000,0.0,0.0,0.0
2014-08-26 00:00:00-04:00,164.6717529296875,165.07453864708867,164.63065029848133,164.6717529296875,47298000,0.0,0.0,0.0
2014-08-27 00:00:00-04:00,164.75388087653153,164.86897321576518,164.35110786024217,164.60592651367188,47874000,0.0,0.0,0.0
2014-08-28 00:00:00-04:00,164.0633992575143,164.6223672184076,163.8990013429305,164.5155029296875,58330000,0.0,0.0,0.0
2014-08-29 00:00:00-04:00,164.7702955042334,165.00045505677997,164.25244278238102,164.98402404785156,65907000,0.0,0.0,0.0
2014-09-02 00:00:00-04:00,165.19777675102029,165.22243581264632,164.28535384258342,164.90185546875,72426000,0.0,0.0,0.0
2014-09-03 00:00:00-04:00,165.5348590970448,165.55951816737743,164.58133323497586,164.81149291992188,57462000,0.0,0.0,0.0
2014-09-04 00:00:00-04:00,165.0908813036416,165.6991673087382,164.12092494868912,164.57302856445312,85236000,0.0,0.0,0.0
2014-09-05 00:00:00-04:00,164.54012137095137,165.37856683393207,163.91540443264924,165.31280517578125,102177000,0.0,0.0,0.0
2014-09-08 00:00:00-04:00,165.1566992736536,165.3950869626689,164.4004586689078,164.88543701171875,64146000,0.0,0.0,0.0
2014-09-09 00:00:00-04:00,164.73744044172636,164.85252023162033,163.50443731739526,163.84146118164062,88591000,0.0,0.0,0.0
2014-09-10 00:00:00-04:00,163.93188387427946,164.56482904607705,163.3893719840676,164.45797729492188,67251000,0.0,0.0,0.0
2014-09-11 00:00:00-04:00,163.80041801853332,164.6717385357893,163.6771101356931,164.64707946777344,66774400,0.0,0.0,0.0
2014-09-12 00:00:00-04:00,164.48267654112257,164.49910755746382,163.21678588825617,163.68533325195312,117409300,0.0,0.0,0.0
2014-09-15 00:00:00-04:00,163.70996338019984,163.84148674424367,163.06880265893406,163.56199645996094,76401000,0.0,0.0,0.0
2014-09-16 00:00:00-04:00,163.2578731792603,165.09093474996698,163.16745242683479,164.79501342773438,116201000,0.0,0.0,0.0
2014-09-17 00:00:00-04:00,165.0334265923225,165.78143924940957,164.19498062608847,165.01698303222656,151266000,0.0,0.0,0.0
2014-09-18 00:00:00-04:00,165.5184035290928,165.92118921991104,165.30468742079236,165.8965301513672,94990000,0.0,0.0,0.0
2014-09-19 00:00:00-04:00,166.4241619369729,166.73797423045292,165.4083642829784,165.74696350097656,121649000,0.939,0.0,0.0
2014-09-22 00:00:00-04:00,165.4580191307446,165.48279346789252,164.12014191779434,164.4669952392578,125553000,0.0,0.0,0.0
2014-09-23 00:00:00-04:00,163.87235068335204,164.55780326686676,163.47594877288927,163.52549743652344,111393000,0.0,0.0,0.0
2014-09-24 00:00:00-04:00,163.55030013276442,164.9129516259751,163.12086990586624,164.8055877685547,107276000,0.0,0.0,0.0
2014-09-25 00:00:00-04:00,164.37606336412662,164.38432987298984,162.08848345562697,162.1462860107422,150300000,0.0,0.0,0.0
2014-09-26 00:00:00-04:00,162.44366590707332,163.8393456032259,162.212430376498,163.43467712402344,103547000,0.0,0.0,0.0
2014-09-29 00:00:00-04:00,162.0306701031417,163.42634916693513,161.90679848266885,163.13729858398438,95112000,0.0,0.0,0.0
2014-09-30 00:00:00-04:00,163.26124597305827,163.7650117602019,162.36933215640772,162.7079315185547,131302000,0.0,0.0,0.0
2014-10-01 00:00:00-04:00,162.44367270203986,162.50148788779774,160.13957121121624,160.50294494628906,177798000,0.0,0.0,0.0
2014-10-02 00:00:00-04:00,160.3624851970377,161.08923241774116,158.8512007924919,160.5276641845703,157285000,0.0,0.0,0.0
2014-10-03 00:00:00-04:00,161.6012942622617,162.64186670977531,161.10579497422782,162.29501342773438,121569000,0.0,0.0,0.0
2014-10-06 00:00:00-04:00,162.97218091042868,163.18690858524508,161.51869885665226,162.10504150390625,104778000,0.0,0.0,0.0
2014-10-07 00:00:00-04:00,161.27093178112946,161.6343054197772,159.5696939287228,159.60272216796875,147913000,0.0,0.0,0.0
2014-10-08 00:00:00-04:00,159.6935882616183,162.62533951563955,158.85948963725102,162.39410400390625,186461000,0.0,0.0,0.0
2014-10-09 00:00:00-04:00,162.138119810767,162.36110144714146,159.04120164431384,159.17333984375,210705000,0.0,0.0,0.0
2014-10-10 00:00:00-04:00,159.1320652906292,159.92486938514568,157.3152089225189,157.3564910888672,221909000,0.0,0.0,0.0
2014-10-13 00:00:00-04:00,157.29035854933247,157.8601807037092,154.68068674680492,154.7715301513672,230939000,0.0,0.0,0.0
2014-10-14 00:00:00-04:00,155.6056412368965,156.76183126163323,154.4659716328901,155.0110321044922,215847000,0.0,0.0,0.0
2014-10-15 00:00:00-04:00,152.91337524713177,155.00276088691277,150.23763445009078,153.96218872070312,380715000,0.0,0.0,0.0
2014-10-16 00:00:00-04:00,151.1791263937712,154.91194790759232,151.03873430914078,153.83009338378906,270391000,0.0,0.0,0.0
2014-10-17 00:00:00-04:00,155.60564738590858,156.7040222821876,154.94496914586392,155.64694213867188,214625000,0.0,0.0,0.0
2014-10-20 00:00:00-04:00,155.36615233007115,157.28210529497238,155.31660366911345,157.15823364257812,130011000,0.0,0.0,0.0
2014-10-21 00:00:00-04:00,158.29788679024654,160.3790187094641,158.1327203906172,160.27166748046875,154949000,0.0,0.0,0.0
2014-10-22 00:00:00-04:00,160.55248834599513,160.9654107402178,159.06596520651522,159.1320343017578,151822000,0.0,0.0,0.0
2014-10-23 00:00:00-04:00,160.72590846712814,162.0307447431905,160.42860383965325,160.98191833496094,154944000,0.0,0.0,0.0
2014-10-24 00:00:00-04:00,161.24615155039496,162.27020334898165,160.61851421658324,162.22064208984375,117927000,0.0,0.0,0.0
2014-10-27 00:00:00-04:00,161.64259138203903,162.2372006174814,161.06450257018983,161.99771118164062,82954000,0.0,0.0,0.0
2014-10-28 00:00:00-04:00,162.54276016890935,163.86410413023967,162.46842456873114,163.85585021972656,106736000,0.0,0.0,0.0
2014-10-29 00:00:00-04:00,163.9715128222912,164.4422378780891,162.52628419963435,163.60813903808594,142557000,0.0,0.0,0.0
2014-10-30 00:00:00-04:00,163.17039839679637,165.12764631604992,163.02173979710903,164.65692138671875,113330000,0.0,0.0,0.0
2014-10-31 00:00:00-04:00,166.63893802710297,166.67197887098305,165.80483943928192,166.5398406982422,146903000,0.0,0.0,0.0
2014-11-03 00:00:00-05:00,166.75453265464134,167.19222926493566,166.25076696713816,166.6306610107422,93600000,0.0,0.0,0.0
2014-11-04 00:00:00-05:00,166.18472261858878,166.49029372132298,165.21848584823326,166.05259704589844,93343000,0.0,0.0,0.0
2014-11-05 00:00:00-05:00,167.26656105434105,167.3078558049434,166.3663934575977,167.1013946533203,91709000,0.0,0.0,0.0
2014-11-06 00:00:00-05:00,167.14271775371884,167.86119865078743,166.5233341937933,167.77035522460938,107089000,0.0,0.0,0.0
2014-11-07 00:00:00-05:00,167.78685401709959,168.14197376506527,167.32438303486543,167.92724609375,89540000,0.0,0.0,0.0
2014-11-10 00:00:00-05:00,167.96031125191413,168.505359216232,167.75385006199934,168.455810546875,66319000,0.0,0.0,0.0
2014-11-11 00:00:00-05:00,168.52187434408762,168.72833552751445,168.1832749789339,168.6209716796875,54499400,0.0,0.0,0.0
2014-11-12 00:00:00-05:00,167.93551952305094,168.67052077896298,167.90247867930788,168.4392852783203,90120300,0.0,0.0,0.0
2014-11-13 00:00:00-05:00,168.60442183926634,169.15773616078914,167.8198720580441,168.6291961669922,85357900,0.0,0.0,0.0
2014-11-14 00:00:00-05:00,168.55489922006453,168.87697813163857,168.2410742185449,168.67051696777344,80417500,0.0,0.0,0.0
2014-11-17 00:00:00-05:00,168.34844763534315,168.9513107397437,168.18326861374072,168.7778778076172,80441000,0.0,0.0,0.0
2014-11-18 00:00:00-05:00,168.8356922513028,170.0579388772274,168.8356922513028,169.75238037109375,76068100,0.0,0.0,0.0
2014-11-19 00:00:00-05:00,169.5541508696757,169.7523581079076,168.72005236971964,169.47982788085938,82373000,0.0,0.0,0.0
2014-11-20 00:00:00-05:00,168.68700923359606,169.8844939547078,168.62094015508455,169.77713012695312,72840300,0.0,0.0,0.0
2014-11-21 00:00:00-05:00,171.47836319378678,171.64352958479589,170.10745820577415,170.685546875,142327300,0.0,0.0,0.0
2014-11-24 00:00:00-05:00,171.09024304221742,171.27192988226358,170.87552795915832,171.16456604003906,65880800,0.0,0.0,0.0
2014-11-25 00:00:00-05:00,171.3957870699464,171.60224822516295,170.78467011539433,171.04067993164062,79108300,0.0,0.0,0.0
2014-11-26 00:00:00-05:00,171.1893428682031,171.57749088656095,170.97462778201393,171.4783935546875,62167800,0.0,0.0,0.0
2014-11-28 00:00:00-05:00,171.3545074935901,171.66831988528793,170.87551609412708,171.11500549316406,57890100,0.0,0.0,0.0
2014-12-01 00:00:00-05:00,170.4543519052148,170.56996966652935,169.6119993305191,169.92581176757812,103968400,0.0,0.0,0.0
2014-12-02 00:00:00-05:00,169.96705942197548,171.2306005352407,169.9422850943732,171.02413940429688,74507200,0.0,0.0,0.0
2014-12-03 00:00:00-05:00,171.19761486365422,171.89957532255877,171.0324484381114,171.6848602294922,68952000,0.0,0.0,0.0
2014-12-04 00:00:00-05:00,171.39579363720722,171.99866930653948,170.7020871534327,171.49490356445312,91316600,0.0,0.0,0.0
2014-12-05 00:00:00-05:00,171.66827096145315,172.1637826407543,171.40400730684183,171.775634765625,91025500,0.0,0.0,0.0
2014-12-08 00:00:00-05:00,171.37929881472255,171.87479808297377,170.06619614058962,170.62777709960938,108588200,0.0,0.0,0.0
2014-12-09 00:00:00-05:00,168.77786718949568,170.61950983310285,168.39798570704536,170.51214599609375,125180100,0.0,0.0,0.0
2014-12-10 00:00:00-05:00,170.04971405745385,170.10751664353967,167.58868736083582,167.7786407470703,159856400,0.0,0.0,0.0
2014-12-11 00:00:00-05:00,168.37318637956687,170.2808852227811,168.23279432199132,168.6291961669922,159012800,0.0,0.0,0.0
2014-12-12 00:00:00-05:00,167.34920497172965,168.32370847698758,165.87094819004136,165.9039764404297,202330200,0.0,0.0,0.0
2014-12-15 00:00:00-05:00,166.8041352234212,167.25835240016806,164.16143428788322,164.76429748535156,189965800,0.0,0.0,0.0
2014-12-16 00:00:00-05:00,163.99623127062128,167.1509512647681,163.4016221175505,163.4429168701172,259543800,0.0,0.0,0.0
2014-12-17 00:00:00-05:00,163.88056924786716,167.10135745566708,163.7566850236374,166.6471405029297,253910100,0.0,0.0,0.0
2014-12-18 00:00:00-05:00,169.08344039549596,175.8801384257644,168.40624172494577,170.76815795898438,257633900,0.0,0.0,0.0
2014-12-19 00:00:00-05:00,171.4200203637086,172.1673903835623,170.73909675017728,171.49476623535156,245084600,1.135,0.0,0.0
2014-12-22 00:00:00-05:00,171.68572427286688,172.2836151123047,171.44491311270252,172.2836151123047,148318900,0.0,0.0,0.0
2014-12-23 00:00:00-05:00,172.8649113776922,172.91473350739588,172.22549781430553,172.51614379882812,122167900,0.0,0.0,0.0
2014-12-24 00:00:00-05:00,172.74036128079035,173.00608353756385,172.4912379537948,172.5327606201172,42963400,0.0,0.0,0.0
2014-12-26 00:00:00-05:00,172.98115494081563,173.42957941814885,172.9313328146536,173.089111328125,57326700,0.0,0.0,0.0
2014-12-29 00:00:00-05:00,172.90646913916754,173.52927122875604,172.8400353957652,173.32167053222656,79643900,0.0,0.0,0.0
2014-12-30 00:00:00-05:00,172.89813240088353,173.03098718810753,172.3168404391583,172.39158630371094,73540800,0.0,0.0,0.0
2014-12-31 00:00:00-05:00,172.71546603598998,172.88154404555357,170.55641389884352,170.68096923828125,130333800,0.0,0.0,0.0
2015-01-02 00:00:00-05:00,171.37849221415277,171.79369351311453,169.5515963619706,170.589599609375,121465900,0.0,0.0,0.0
2015-01-05 00:00:00-05:00,169.5432880457951,169.70936602252135,167.2015594307986,167.50880432128906,169632600,0.0,0.0,0.0
2015-01-06 00:00:00-05:00,167.8160965157347,168.33925432728057,165.13389905628293,165.93109130859375,209151400,0.0,0.0,0.0
2015-01-07 00:00:00-05:00,167.2596909686122,168.33921688794462,166.81127913768793,167.99874877929688,125346700,0.0,0.0,0.0
2015-01-08 00:00:00-05:00,169.41044364002198,171.19581697776195,169.3938447097477,170.9799041748047,147217800,0.0,0.0,0.0
2015-01-09 00:00:00-05:00,171.39508642011177,171.41169801947515,168.99522348508043,169.60972595214844,158567300,0.0,0.0,0.0
2015-01-12 00:00:00-05:00,169.7426142329127,169.90039276888027,167.67490700581124,168.28109741210938,144396100,0.0,0.0,0.0
2015-01-13 00:00:00-05:00,169.50175478802444,170.63110269847795,166.50400124658853,167.8077392578125,214553300,0.0,0.0,0.0
2015-01-14 00:00:00-05:00,165.78986978007964,166.99396365602476,164.8930461454494,166.79466247558594,192991100,0.0,0.0,0.0
2015-01-15 00:00:00-05:00,167.43407485526512,167.74961921677988,165.15046777942544,165.2667236328125,176613900,0.0,0.0,0.0
2015-01-16 00:00:00-05:00,165.05916014845678,167.59189110057423,164.87647052758666,167.43411254882812,211879600,0.0,0.0,0.0
2015-01-20 00:00:00-05:00,168.07350209100636,168.33923703813153,166.2217076103842,167.79116821289062,130991100,0.0,0.0,0.0
2015-01-21 00:00:00-05:00,167.32611551342015,169.11978808054434,166.86109210807777,168.63815307617188,122942700,0.0,0.0,0.0
2015-01-22 00:00:00-05:00,169.39384594565314,171.27885089160938,168.01537446648058,171.14599609375,174356000,0.0,0.0,0.0
2015-01-23 00:00:00-05:00,170.88856522334896,171.14600070268122,170.07477412918576,170.2076416015625,117516800,0.0,0.0,0.0
2015-01-26 00:00:00-05:00,169.99171139496443,170.69754595911,169.27756469592828,170.606201171875,92009700,0.0,0.0,0.0
2015-01-27 00:00:00-05:00,168.54679346712993,169.50175125691902,167.5254019579997,168.35580444335938,134044600,0.0,0.0,0.0
2015-01-28 00:00:00-05:00,169.54328327197024,169.64292752101284,166.00577305065028,166.19676208496094,168514300,0.0,0.0,0.0
2015-01-29 00:00:00-05:00,166.39609861915292,167.99047029738128,164.9844038793491,167.73304748535156,173585400,0.0,0.0,0.0
2015-01-30 00:00:00-05:00,166.5538233866408,167.88245968739167,165.35804184631002,165.62376403808594,197729700,0.0,0.0,0.0
2015-02-02 00:00:00-05:00,166.12207762372358,167.76627156987308,164.30349351966183,167.6749267578125,163107000,0.0,0.0,0.0
2015-02-03 00:00:00-05:00,168.571717501736,170.10796728625976,168.19803888875214,170.0996551513672,124212900,0.0,0.0,0.0
2015-02-04 00:00:00-05:00,169.33570946608478,170.54810292890306,168.99524133333466,169.45196533203125,134306700,0.0,0.0,0.0
2015-02-05 00:00:00-05:00,170.1162948329842,171.31207672868194,170.04156163223797,171.16259765625,97953200,0.0,0.0,0.0
2015-02-06 00:00:00-05:00,171.52798748190747,172.09266793246513,170.1661274988381,170.6892852783203,125672000,0.0,0.0,0.0
2015-02-09 00:00:00-05:00,170.04154882924846,170.76399505727906,169.51839112153613,169.92529296875,87219000,0.0,0.0,0.0
2015-02-10 00:00:00-05:00,170.96332720517879,171.99301853577376,169.96683373939678,171.735595703125,96164200,0.0,0.0,0.0
2015-02-11 00:00:00-05:00,171.56948283324658,172.2670179808579,170.92176981461634,171.835205078125,91087800,0.0,0.0,0.0
2015-02-12 00:00:00-05:00,172.63241815951415,173.5458662051039,171.8684491899935,173.48773193359375,97545900,0.0,0.0,0.0
2015-02-13 00:00:00-05:00,173.61231017739755,174.25171117606632,173.35487467959817,174.20188903808594,93670400,0.0,0.0,0.0
2015-02-17 00:00:00-05:00,173.88637572711735,174.65035760501604,173.63726497448047,174.47596740722656,76968200,0.0,0.0,0.0
2015-02-18 00:00:00-05:00,174.10221768649967,174.56724112991867,173.83648276400965,174.4925079345703,80652900,0.0,0.0,0.0
2015-02-19 00:00:00-05:00,173.8946275028021,174.7333296444128,173.7534605683294,174.36795043945312,91462500,0.0,0.0,0.0
2015-02-20 00:00:00-05:00,173.95269869158415,175.48894826608296,173.32989686477688,175.41421508789062,140896400,0.0,0.0,0.0
2015-02-23 00:00:00-05:00,175.16514624533434,175.3893585205078,174.78315543099953,175.3893585205078,74411100,0.0,0.0,0.0
2015-02-24 00:00:00-05:00,175.3146542553268,176.08693553267997,175.0157087077937,175.88763427734375,72472300,0.0,0.0,0.0
2015-02-25 00:00:00-05:00,175.7630397296052,176.2446748194243,175.3976605117466,175.73812866210938,73061700,0.0,0.0,0.0
2015-02-26 00:00:00-05:00,175.6468039809827,175.8045825404924,174.9243449280142,175.53054809570312,72697900,0.0,0.0,0.0
2015-02-27 00:00:00-05:00,175.43085115185949,175.69658606960184,174.88279505815788,174.9326171875,108076000,0.0,0.0,0.0
2015-03-02 00:00:00-05:00,175.03230115309572,176.09521572331582,174.98247901245122,176.03709411621094,87491400,0.0,0.0,0.0
2015-03-03 00:00:00-05:00,175.60529756483626,176.08693275442616,174.45103807164506,175.3146514892578,110325800,0.0,0.0,0.0
2015-03-04 00:00:00-05:00,174.71674373745978,174.79148961924065,173.6040070284865,174.57557678222656,114497200,0.0,0.0,0.0
2015-03-05 00:00:00-05:00,174.89938004589757,175.04885909294708,174.25997920905664,174.7665252685547,76873000,0.0,0.0,0.0
2015-03-06 00:00:00-05:00,173.90296572346284,174.33477875927844,171.97643767379853,172.30859375,188128000,0.0,0.0,0.0
2015-03-09 00:00:00-04:00,172.50784425139392,173.37975686266645,172.35006572678242,173.02268981933594,89818900,0.0,0.0,0.0
2015-03-10 00:00:00-04:00,171.65254818097966,171.73558084865232,170.17441971350635,170.2159423828125,157121300,0.0,0.0,0.0
2015-03-11 00:00:00-04:00,170.47336485326827,170.64775499563052,169.73430695647514,169.81735229492188,110145700,0.0,0.0,0.0
2015-03-12 00:00:00-04:00,170.44842901734606,172.04280045050913,170.39860688989376,171.97637939453125,93993500,0.0,0.0,0.0
2015-03-13 00:00:00-04:00,171.70234865758871,172.6656060409141,169.88376494145254,170.92176818847656,162410900,0.0,0.0,0.0
2015-03-16 00:00:00-04:00,171.65254954847836,173.29674336439572,170.94670217746943,173.2053985595703,136099200,0.0,0.0,0.0
2015-03-17 00:00:00-04:00,172.46633948005277,173.07252990561386,171.87674798548153,172.6905517578125,94510400,0.0,0.0,0.0
2015-03-18 00:00:00-04:00,172.21718337229515,175.4391493029343,171.57776986451694,174.7665252685547,228808500,0.0,0.0,0.0
2015-03-19 00:00:00-04:00,174.35135115714198,174.7748519597055,173.57907008077407,173.9693603515625,117917300,0.0,0.0,0.0
2015-03-20 00:00:00-04:00,174.9211002892932,176.01378164444742,174.73759519006882,175.50497436523438,177715100,0.931,0.0,0.0
2015-03-23 00:00:00-04:00,175.51333413554156,176.0888717750564,175.1630096435547,175.1630096435547,71784500,0.0,0.0,0.0
2015-03-24 00:00:00-04:00,175.0378578363101,175.49660781161333,174.1119959188361,174.17872619628906,77805300,0.0,0.0,0.0
2015-03-25 00:00:00-04:00,174.3872555336764,174.62080514368165,171.58464748611448,171.6263427734375,159521700,0.0,0.0,0.0
2015-03-26 00:00:00-04:00,170.95907947257433,172.1351641310568,170.25841785757385,171.2176513671875,153067200,0.0,0.0,0.0
2015-03-27 00:00:00-04:00,171.10082726939126,171.7847902070878,170.90897298622934,171.60963439941406,118939000,0.0,0.0,0.0
2015-03-30 00:00:00-04:00,172.64390961925017,174.0035116169121,172.6272365999199,173.70323181152344,96180400,0.0,0.0,0.0
2015-03-31 00:00:00-04:00,172.87750824648245,173.57816980964458,172.1268148836293,172.18519592285156,126768700,0.0,0.0,0.0
2015-04-01 00:00:00-04:00,172.15189268382562,172.17691495549303,170.5837624459841,171.57635498046875,137303600,0.0,0.0,0.0
2015-04-02 00:00:00-04:00,171.50958187770183,172.64397124436766,171.32607677960146,172.1935577392578,86900900,0.0,0.0,0.0
2015-04-06 00:00:00-04:00,171.30100625314947,173.87006417526777,171.16755845099138,173.35292053222656,114368200,0.0,0.0,0.0
2015-04-07 00:00:00-04:00,173.3779652348547,174.12865853822265,172.86082152486782,172.89418029785156,81236300,0.0,0.0,0.0
2015-04-08 00:00:00-04:00,173.11942740696747,173.9201653909475,172.7273949279874,173.47808837890625,89351900,0.0,0.0,0.0
2015-04-09 00:00:00-04:00,173.3112392255609,174.47898722119766,172.81911776507818,174.2454376220703,85548900,0.0,0.0,0.0
2015-04-10 00:00:00-04:00,174.49567079145098,175.23802759243654,174.29549269612804,175.19631958007812,72722900,0.0,0.0,0.0
2015-04-13 00:00:00-04:00,175.0545196594381,175.68845089093062,174.35387088226048,174.40391540527344,74436600,0.0,0.0,0.0
2015-04-14 00:00:00-04:00,174.20370421280037,174.92103860384776,173.57812233900887,174.73753356933594,75099900,0.0,0.0,0.0
2015-04-15 00:00:00-04:00,175.20466881068924,176.0304289088538,175.12125278597637,175.52162170410156,99529300,0.0,0.0,0.0
2015-04-16 00:00:00-04:00,175.18796352877877,175.98036476521352,174.98777272828596,175.4715576171875,68934900,0.0,0.0,0.0
2015-04-17 00:00:00-04:00,174.27877560689956,174.520661671085,172.6689382573339,173.4530029296875,191113200,0.0,0.0,0.0
2015-04-20 00:00:00-04:00,174.37891872478704,175.37151100181563,174.29551541669645,175.03787231445312,92189500,0.0,0.0,0.0
2015-04-21 00:00:00-04:00,175.72185153245826,175.88033437809258,174.52908102479145,174.82936096191406,72559800,0.0,0.0,0.0
2015-04-22 00:00:00-04:00,175.17128962389035,175.87195110923986,174.2454277911943,175.68844604492188,78264600,0.0,0.0,0.0
2015-04-23 00:00:00-04:00,175.28812588224474,176.78118918115263,175.17135104832195,176.13058471679688,102585900,0.0,0.0,0.0
2015-04-24 00:00:00-04:00,176.5475795853773,176.80615143504272,176.08881691943958,176.5392303466797,61327400,0.0,0.0,0.0
2015-04-27 00:00:00-04:00,177.10639929193076,177.23151057480658,175.61333676963517,175.80519104003906,79358100,0.0,0.0,0.0
2015-04-28 00:00:00-04:00,175.7802159432602,176.414134492397,174.6041186587111,176.3640899658203,86863500,0.0,0.0,0.0
2015-04-29 00:00:00-04:00,175.47154993448638,176.23892887819838,174.82929500841547,175.6383819580078,125684900,0.0,0.0,0.0
2015-04-30 00:00:00-04:00,175.062928377249,175.45496091071072,173.17783251996426,173.8784942626953,161304900,0.0,0.0,0.0
2015-05-01 00:00:00-04:00,174.66248886073592,175.80522729916868,174.56239981379227,175.76351928710938,103399700,0.0,0.0,0.0
2015-05-04 00:00:00-04:00,176.1889280481602,176.84788161296643,176.0805024789829,176.26400756835938,70927200,0.0,0.0,0.0
2015-05-05 00:00:00-04:00,176.02209460525205,176.38076824301814,174.1036405602786,174.2454376220703,113326200,0.0,0.0,0.0
2015-05-06 00:00:00-04:00,174.7959718581904,175.10458827756923,172.46046288539105,173.5281219482422,135060200,0.0,0.0,0.0
2015-05-07 00:00:00-04:00,173.4279815043013,174.64578652353265,173.09434291882496,174.2203826904297,88244900,0.0,0.0,0.0
2015-05-08 00:00:00-04:00,175.8970188127246,176.71444257473144,175.81360277012138,176.51425170898438,155877300,0.0,0.0,0.0
2015-05-11 00:00:00-04:00,176.4725494097544,176.7394578259872,175.59673190719238,175.6717987060547,75708100,0.0,0.0,0.0
2015-05-12 00:00:00-04:00,174.837684841387,175.6884800563391,174.0119118920952,175.14630126953125,119727600,0.0,0.0,0.0
2015-05-13 00:00:00-04:00,175.5550342439547,176.18061639304634,174.9461378492059,175.1796875,94667900,0.0,0.0,0.0
2015-05-14 00:00:00-04:00,176.19726058275364,177.09810019223923,175.92200297478595,177.00634765625,95934000,0.0,0.0,0.0
2015-05-15 00:00:00-04:00,177.1981964111328,177.33999347658244,176.7144114497464,177.1981964111328,76510100,0.0,0.0,0.0
2015-05-18 00:00:00-04:00,177.0313988657045,177.99895618003185,176.96466858066458,177.7487335205078,74549700,0.0,0.0,0.0
2015-05-19 00:00:00-04:00,177.8655067223423,178.14076437281975,177.40674397154658,177.69033813476562,72114600,0.0,0.0,0.0
2015-05-20 00:00:00-04:00,177.79040116421515,178.31589412249807,177.24823518289043,177.56520080566406,76857500,0.0,0.0,0.0
2015-05-21 00:00:00-04:00,177.42339567563974,178.29086375180674,177.25656363282098,178.08233642578125,64764600,0.0,0.0,0.0
2015-05-22 00:00:00-04:00,177.6986929761731,178.115747751277,177.59026738934725,177.65699768066406,57433500,0.0,0.0,0.0
2015-05-26 00:00:00-04:00,177.16487095758825,177.5902749920069,175.32983241407317,175.74688720703125,124308600,0.0,0.0,0.0
2015-05-27 00:00:00-04:00,176.20558316732436,177.64858863974092,175.79686504340404,177.4150390625,93214000,0.0,0.0,0.0
2015-05-28 00:00:00-04:00,177.10643598162432,177.3232998260336,176.52256199475443,177.21487426757812,74974600,0.0,0.0,0.0
2015-05-29 00:00:00-04:00,177.14814599037848,177.18984127544758,175.84693745426003,176.1138458251953,124919600,0.0,0.0,0.0
2015-06-01 00:00:00-04:00,176.78108944703683,177.1147280050161,175.68005929621395,176.47247314453125,93338800,0.0,0.0,0.0
2015-06-02 00:00:00-04:00,176.01373867138176,176.989644973084,175.38815672971384,176.29733276367188,91531000,0.0,0.0,0.0
2015-06-03 00:00:00-04:00,176.83122614149127,177.39007801756276,176.2723742654198,176.76449584960938,87820900,0.0,0.0,0.0
2015-06-04 00:00:00-04:00,176.0554729346047,176.71441374466318,174.95444244387514,175.2714080810547,151882800,0.0,0.0,0.0
2015-06-05 00:00:00-04:00,175.12121813650617,175.64671098772672,174.31213122137132,174.97108459472656,121704700,0.0,0.0,0.0
2015-06-08 00:00:00-04:00,174.86269631358357,175.01284262577803,173.82005955042598,173.89512634277344,89063300,0.0,0.0,0.0
2015-06-09 00:00:00-04:00,173.87008666992188,174.41226536897793,173.23616816329297,173.87008666992188,105034700,0.0,0.0,0.0
2015-06-10 00:00:00-04:00,174.63744342868372,176.33903336595446,174.5790624015452,175.95533752441406,134551300,0.0,0.0,0.0
2015-06-11 00:00:00-04:00,176.39745895662537,176.90626621878664,176.16390933407592,176.5225830078125,73876400,0.0,0.0,0.0
2015-06-12 00:00:00-04:00,175.69680341934261,176.39745226039358,174.89605279564194,175.1713104248047,135382400,0.0,0.0,0.0
2015-06-15 00:00:00-04:00,174.02860655267423,174.7042332150856,173.3196083826741,174.42063903808594,124384200,0.0,0.0,0.0
2015-06-16 00:00:00-04:00,174.2704448665799,175.45489123829736,174.09528904607768,175.37147521972656,85308200,0.0,0.0,0.0
2015-06-17 00:00:00-04:00,175.6551055908203,176.26401465162957,174.62915453353233,175.6551055908203,126708600,0.0,0.0,0.0
2015-06-18 00:00:00-04:00,176.25563928094192,177.94888019106634,175.68845104961866,177.48178100585938,165867900,0.0,0.0,0.0
2015-06-19 00:00:00-04:00,177.238755296918,177.31418723866855,176.31676671082127,176.69393920898438,130478700,1.03,0.0,0.0
2015-06-22 00:00:00-04:00,177.61591852731235,178.18586577668012,177.38960992445885,177.59915161132812,70696000,0.0,0.0,0.0
2015-06-23 00:00:00-04:00,177.8086752976508,178.06012785431992,177.33092695044698,177.724853515625,68476800,0.0,0.0,0.0
2015-06-24 00:00:00-04:00,177.4566310329646,177.83380343967985,176.40892279797373,176.43406677246094,92307300,0.0,0.0,0.0
2015-06-25 00:00:00-04:00,176.93702128305694,177.06274119062326,175.82225787479615,175.89768981933594,97107400,0.0,0.0,0.0
2015-06-26 00:00:00-04:00,176.25807760134447,176.50115311728848,175.3109578847689,175.86415100097656,104174800,0.0,0.0,0.0
2015-06-29 00:00:00-04:00,174.3805756389916,175.87251126608828,172.10076130759276,172.1761932373047,202621300,0.0,0.0,0.0
2015-06-30 00:00:00-04:00,173.71839569955134,173.76869643598607,172.05882950059197,172.53659057617188,182925100,0.0,0.0,0.0
2015-07-01 00:00:00-04:00,174.1123456613946,174.36379820133322,173.13169226610069,173.91957092285156,135979900,0.0,0.0,0.0
2015-07-02 00:00:00-04:00,174.39737568366627,174.56500648911836,173.3412773094379,173.76036071777344,104373700,0.0,0.0,0.0
2015-07-06 00:00:00-04:00,172.46953717007793,174.04528161099526,172.26837259086415,173.2657928466797,117975400,0.0,0.0,0.0
2015-07-07 00:00:00-04:00,173.4669835883587,174.48115812001242,171.07820340886838,174.35543823242188,173820200,0.0,0.0,0.0
2015-07-08 00:00:00-04:00,173.01437139267406,173.29934500568518,171.19555115987836,171.43023681640625,164020100,0.0,0.0,0.0
2015-07-09 00:00:00-04:00,173.53401730299444,173.7938597071695,171.6313882190003,171.74034118652344,144113100,0.0,0.0,0.0
2015-07-10 00:00:00-04:00,173.74357830398085,174.32191540220694,171.78227119736073,173.90283203125,129456900,0.0,0.0,0.0
2015-07-13 00:00:00-04:00,175.1684508918611,175.93117281515612,175.12654000193308,175.8222198486328,106069400,0.0,0.0,0.0
2015-07-14 00:00:00-04:00,175.78032803694649,176.89509132510088,175.7216502267971,176.5849609375,81709600,0.0,0.0,0.0
2015-07-15 00:00:00-04:00,176.62683627094404,177.08783043855627,176.0484992960675,176.52626037597656,97914100,0.0,0.0,0.0
2015-07-16 00:00:00-04:00,177.58236123671878,177.94277954101562,177.33929853939924,177.94277954101562,106683300,0.0,0.0,0.0
2015-07-17 00:00:00-04:00,177.93440472651847,178.1523362557131,177.52371122502208,178.09365844726562,89030000,0.0,0.0,0.0
2015-07-20 00:00:00-04:00,178.32002287059896,178.680428528787,177.86741833413282,178.1859130859375,70446800,0.0,0.0,0.0
2015-07-21 00:00:00-04:00,178.05171285825205,178.31155523007413,177.18002527956043,177.4817657470703,77965000,0.0,0.0,0.0
2015-07-22 00:00:00-04:00,176.7945041490174,177.49857392985072,176.76098310679174,177.16329956054688,88667900,0.0,0.0,0.0
2015-07-23 00:00:00-04:00,177.29740850437798,177.39798442000836,175.8054727386166,176.16587829589844,90509100,0.0,0.0,0.0
2015-07-24 00:00:00-04:00,176.2664393107877,176.3251043225531,174.003392038746,174.33865356445312,117755000,0.0,0.0,0.0
2015-07-27 00:00:00-04:00,173.45019555231366,173.96147768193703,172.88023562268748,173.324462890625,132361100,0.0,0.0,0.0
2015-07-28 00:00:00-04:00,174.16269178437958,175.59596278817793,173.33291475165416,175.45347595214844,123544800,0.0,0.0,0.0
2015-07-29 00:00:00-04:00,175.57912784588112,176.8866656364387,175.4366410650544,176.66036987304688,105791300,0.0,0.0,0.0
2015-07-30 00:00:00-04:00,176.14913838354406,176.8699623456825,175.52889034515178,176.70233154296875,91304400,0.0,0.0,0.0
2015-07-31 00:00:00-04:00,177.20517849868534,177.23032247317255,176.14909320200113,176.43406677246094,103266900,0.0,0.0,0.0
2015-08-03 00:00:00-04:00,176.40057221072908,176.45923723020135,174.88347971567288,175.8389892578125,113965700,0.0,0.0,0.0
2015-08-04 00:00:00-04:00,175.76358332450985,176.22457764317085,175.00923828627256,175.49537658691406,81820800,0.0,0.0,0.0
2015-08-05 00:00:00-04:00,176.39216405498556,177.11298786562134,175.78868306052732,176.07366943359375,85786800,0.0,0.0,0.0
2015-08-06 00:00:00-04:00,176.2581131335645,176.36707892401705,174.0453530120686,174.632080078125,116030800,0.0,0.0,0.0
2015-08-07 00:00:00-04:00,174.47277355415326,174.6236374127741,173.39153140973815,174.2967529296875,117858000,0.0,0.0,0.0
2015-08-10 00:00:00-04:00,175.41154029927264,176.57659159598262,175.41154029927264,176.49278259277344,80270700,0.0,0.0,0.0
2015-08-11 00:00:00-04:00,175.15164475459216,175.57072798120709,174.1374577188458,174.9001922607422,126081400,0.0,0.0,0.0
2015-08-12 00:00:00-04:00,173.59267703992563,175.2941541363837,172.12588555750273,175.10975646972656,172123700,0.0,0.0,0.0
2015-08-13 00:00:00-04:00,174.95054124240696,175.63784411277194,174.34706016237268,174.89187622070312,89383300,0.0,0.0,0.0
2015-08-14 00:00:00-04:00,174.69907998770253,175.60430156281325,174.5565931827419,175.52886962890625,72786500,0.0,0.0,0.0
2015-08-17 00:00:00-04:00,174.93380703744745,176.50955200195312,174.47281271694936,176.50955200195312,79072600,0.0,0.0,0.0
2015-08-18 00:00:00-04:00,176.232976736386,176.58500531752753,175.763605294864,175.998291015625,71692700,0.0,0.0,0.0
2015-08-19 00:00:00-04:00,175.2523128941111,176.02342490228895,173.79391068296653,174.60693359375,172946000,0.0,0.0,0.0
2015-08-20 00:00:00-04:00,173.0897680789831,174.58170350140728,170.90215289158934,170.96083068847656,194327900,0.0,0.0,0.0
2015-08-21 00:00:00-04:00,169.083343503695,170.93569730461894,165.55466930341385,165.8144989013672,346588500,0.0,0.0,0.0
2015-08-24 00:00:00-04:00,157.14788529688326,165.5211627702032,152.8816069080654,158.8325958251953,507244300,0.0,0.0,0.0
2015-08-25 00:00:00-04:00,163.80290053037342,163.81966744422957,156.67010701883777,156.96347045898438,369833100,0.0,0.0,0.0
2015-08-26 00:00:00-04:00,160.9950729570176,163.2664977168265,157.88546864695817,162.9899139404297,339257000,0.0,0.0,0.0
2015-08-27 00:00:00-04:00,165.1356394449394,167.14723480665614,163.61855946447804,167.02151489257812,274143900,0.0,0.0,0.0
2015-08-28 00:00:00-04:00,166.37606203944344,167.49920215957198,165.8899239002669,167.0298309326172,160414400,0.0,0.0,0.0
2015-08-31 00:00:00-04:00,166.04924592365373,166.9041797470813,165.12725721315223,165.68045043945312,163298800,0.0,0.0,0.0
2015-09-01 00:00:00-04:00,161.8667622146275,163.24974505608074,159.86354414980423,160.73524475097656,256000400,0.0,0.0,0.0
2015-09-02 00:00:00-04:00,163.1239588618215,163.82802843626436,161.27999513412178,163.78611755371094,160269300,0.0,0.0,0.0
2015-09-03 00:00:00-04:00,164.49859462261233,165.99892020216828,163.40898812635584,163.90350341796875,152087800,0.0,0.0,0.0
2015-09-04 00:00:00-04:00,161.64044738851246,162.48699112083295,160.60111611376172,161.42251586914062,207081000,0.0,0.0,0.0
2015-09-08 00:00:00-04:00,164.23038782943848,165.63012470574253,163.58499587924496,165.479248046875,116025700,0.0,0.0,0.0
2015-09-09 00:00:00-04:00,167.06335503393143,167.18907489476072,162.8976664530415,163.26644897460938,149347700,0.0,0.0,0.0
2015-09-10 00:00:00-04:00,163.0737411164558,165.3032680182179,162.8139114379443,164.1549835205078,158611100,0.0,0.0,0.0
2015-09-11 00:00:00-04:00,163.7609719747754,164.9679337597962,163.04852534657667,164.90087890625,119691200,0.0,0.0,0.0
2015-09-14 00:00:00-04:00,165.07689530709484,165.12718325252328,163.80287860214762,164.2890167236328,79452000,0.0,0.0,0.0
2015-09-15 00:00:00-04:00,164.7919615050199,166.78680241755052,164.24715824559553,166.3425750732422,113806200,0.0,0.0,0.0
2015-09-16 00:00:00-04:00,166.64433088297523,167.97701303805673,166.30067942228308,167.7842254638672,99581600,0.0,0.0,0.0
2015-09-17 00:00:00-04:00,167.6501189795926,170.05565348909056,167.02987097277068,167.40704345703125,276046600,0.0,0.0,0.0
2015-09-18 00:00:00-04:00,164.89046656337612,167.39275236454455,164.2585732228208,164.67140197753906,223657500,1.033,0.0,0.0
2015-09-21 00:00:00-04:00,165.50540849441848,166.55012997537312,164.46910762492797,165.5222625732422,105726200,0.0,0.0,0.0
2015-09-22 00:00:00-04:00,163.3485656392024,163.83723112705485,162.2364277311458,163.37384033203125,153890900,0.0,0.0,0.0
2015-09-23 00:00:00-04:00,163.54235356130408,164.01416500034912,162.53132721250788,163.1126708984375,92790600,0.0,0.0,0.0
2015-09-24 00:00:00-04:00,161.8910103296894,162.9862942962043,160.551400016195,162.5229034423828,159378800,0.0,0.0,0.0
2015-09-25 00:00:00-04:00,163.9888863719727,164.2921955549254,161.60454168351922,162.48077392578125,155054800,0.0,0.0,0.0
2015-09-28 00:00:00-04:00,161.57933587116997,161.68886816212085,158.09128520820033,158.40301513671875,178515900,0.0,0.0,0.0
2015-09-29 00:00:00-04:00,158.62205286188984,159.86056460590598,157.49306053437886,158.49566650390625,159045600,0.0,0.0,0.0
2015-09-30 00:00:00-04:00,160.39138332509324,161.62147473922042,159.6078417188704,161.45297241210938,163452000,0.0,0.0,0.0
2015-10-01 00:00:00-04:00,161.83203199007858,162.17746995931026,159.9279321366781,161.87416076660156,131079000,0.0,0.0,0.0
2015-10-02 00:00:00-04:00,159.8858378970279,164.31751102831882,159.33818939572726,164.292236328125,211003300,0.0,0.0,0.0
2015-10-05 00:00:00-04:00,165.5222904632326,167.44324438416083,165.41275821626556,167.21575927734375,126320800,0.0,0.0,0.0
2015-10-06 00:00:00-04:00,167.0809995565731,167.64548932081397,165.97729472978116,166.64288330078125,110274500,0.0,0.0,0.0
2015-10-07 00:00:00-04:00,167.57804068129641,168.36159479027472,166.38165798534357,168.0077362060547,124307300,0.0,0.0,0.0
2015-10-08 00:00:00-04:00,167.62022442386962,169.8107929750624,167.3169151299491,169.5243377685547,153055200,0.0,0.0,0.0
2015-10-09 00:00:00-04:00,169.66752550919867,170.1056288317853,168.9935035859668,169.62539672851562,107069200,0.0,0.0,0.0
2015-10-12 00:00:00-04:00,169.70118862161289,169.98764370646816,169.27150599433,169.7854461669922,56395600,0.0,0.0,0.0
2015-10-13 00:00:00-04:00,169.052489183885,170.32470905598015,168.54698233676845,168.71548461914062,88038700,0.0,0.0,0.0
2015-10-14 00:00:00-04:00,168.65647744574315,169.23782116366917,167.61175573204258,167.90663146972656,99106200,0.0,0.0,0.0
2015-10-15 00:00:00-04:00,168.57225334175197,170.49320760167373,168.20154061511798,170.4847869873047,134142200,0.0,0.0,0.0
2015-10-16 00:00:00-04:00,170.88915978633827,171.27671366178848,170.12245979217326,171.25987243652344,114580100,0.0,0.0,0.0
2015-10-19 00:00:00-04:00,170.6111091895172,171.34410095214844,170.2993794248848,171.34410095214844,76523900,0.0,0.0,0.0
2015-10-20 00:00:00-04:00,170.90607036637763,171.74016124913453,170.653310488975,171.1251220703125,78448500,0.0,0.0,0.0
2015-10-21 00:00:00-04:00,171.5462988001564,171.69794693752124,169.89494623211226,170.06346130371094,102038000,0.0,0.0,0.0
2015-10-22 00:00:00-04:00,171.01553899170682,173.14712394587437,170.06349549641186,172.93649291992188,174911700,0.0,0.0,0.0
2015-10-23 00:00:00-04:00,174.6131321843835,175.20289652528615,173.8127368034514,174.83218383789062,144442300,0.0,0.0,0.0
2015-10-26 00:00:00-04:00,174.65522558833268,174.71419558252975,174.0317532080023,174.4024658203125,69033000,0.0,0.0,0.0
2015-10-27 00:00:00-04:00,173.72845812724773,174.40247994458977,173.38302017817412,174.0654754638672,77905800,0.0,0.0,0.0
2015-10-28 00:00:00-04:00,174.40246048068508,176.07065432911048,173.736872205976,176.04537963867188,135906700,0.0,0.0,0.0
2015-10-29 00:00:00-04:00,175.53992790803008,176.3150486544722,175.4219750304389,175.9443359375,90525500,0.0,0.0,0.0
2015-10-30 00:00:00-04:00,176.13810687318698,176.45827018248963,175.02598161628677,175.18605041503906,131076900,0.0,0.0,0.0
2015-11-02 00:00:00-05:00,175.5146183554222,177.4524134087642,175.38823203288015,177.25863647460938,86270800,0.0,0.0,0.0
2015-11-03 00:00:00-05:00,176.9047690391942,178.32863668616534,176.67728395474592,177.77256774902344,95246100,0.0,0.0,0.0
2015-11-04 00:00:00-05:00,178.06748672696096,178.19386020886319,176.6941682294307,177.23338317871094,96224500,0.0,0.0,0.0
2015-11-05 00:00:00-05:00,177.29239382800557,177.75578479437362,176.16341427787353,177.05648803710938,78408700,0.0,0.0,0.0
2015-11-06 00:00:00-05:00,176.71101342488367,177.1996789568263,175.63258358056132,176.96376037597656,110471500,0.0,0.0,0.0
2015-11-09 00:00:00-05:00,176.34872479335496,176.50038582285393,174.3603673187889,175.3124237060547,131008700,0.0,0.0,0.0
2015-11-10 00:00:00-05:00,174.83218968249022,175.75055081820187,174.56258862730706,175.7168426513672,75874600,0.0,0.0,0.0
2015-11-11 00:00:00-05:00,175.98646281228974,176.03701220843809,174.95858223760922,175.02598571777344,67846000,0.0,0.0,0.0
2015-11-12 00:00:00-05:00,173.98126552304709,174.45307706752146,172.56583088962398,172.58267211914062,121315200,0.0,0.0,0.0
2015-11-13 00:00:00-05:00,172.16981594286116,172.43941698696537,170.56059172395422,170.64483642578125,153577100,0.0,0.0,0.0
2015-11-16 00:00:00-05:00,170.45941272102098,173.29871366879098,170.34144705336087,173.23973083496094,117645200,0.0,0.0,0.0
2015-11-17 00:00:00-05:00,173.5515346872762,174.4361746601543,172.61633247215357,173.11341857910156,121123700,0.0,0.0,0.0
2015-11-18 00:00:00-05:00,173.59366963259475,176.0032892078241,173.5515537099533,175.8600616455078,121342500,0.0,0.0,0.0
2015-11-19 00:00:00-05:00,175.74217615717222,176.12974307006948,175.41359212802368,175.70848083496094,88220500,0.0,0.0,0.0
2015-11-20 00:00:00-05:00,176.4667077677049,177.03119749225422,175.9696215282227,176.3487548828125,94011500,0.0,0.0,0.0
2015-11-23 00:00:00-05:00,176.40771058083453,176.9132173571235,175.6831392978453,176.1465301513672,64931200,0.0,0.0,0.0
2015-11-24 00:00:00-05:00,175.1354860667706,176.7868390113538,174.74793216787214,176.38243103027344,98874400,0.0,0.0,0.0
2015-11-25 00:00:00-05:00,176.50882592471962,176.71103636774527,176.0959844245046,176.357177734375,51980100,0.0,0.0,0.0
2015-11-27 00:00:00-05:00,176.4498549360315,176.7615976636692,175.96962277837937,176.55938720703125,37317800,0.0,0.0,0.0
2015-11-30 00:00:00-05:00,176.71942846187838,176.83738132063255,175.71682273451938,175.82635498046875,112822700,0.0,0.0,0.0
2015-12-01 00:00:00-05:00,176.45823861366594,177.62092591342127,176.1802041352072,177.50296020507812,97858400,0.0,0.0,0.0
2015-12-02 00:00:00-05:00,177.45243121461814,177.77259450344067,175.43879902334115,175.69155883789062,108441300,0.0,0.0,0.0
2015-12-03 00:00:00-05:00,175.944297465848,176.2138984745777,172.50679782724225,173.2313690185547,166224200,0.0,0.0,0.0
2015-12-04 00:00:00-05:00,173.2313918280088,176.90479765389327,173.2313918280088,176.6099090576172,192913900,0.0,0.0,0.0
2015-12-07 00:00:00-05:00,176.28134484736444,176.7026069714552,174.57102165202795,175.53993225097656,102027100,0.0,0.0,0.0
2015-12-08 00:00:00-05:00,173.97281291926055,175.4893460745346,173.37461512800172,174.36036682128906,103372400,0.0,0.0,0.0
2015-12-09 00:00:00-05:00,173.7200262775034,175.81790281770702,172.0265448032906,173.00387573242188,162401500,0.0,0.0,0.0
2015-12-10 00:00:00-05:00,173.0713061637851,174.76477504598236,172.83540043460033,173.450439453125,116128900,0.0,0.0,0.0
2015-12-11 00:00:00-05:00,171.32736398496107,171.99295269023042,169.7771091184802,170.08885192871094,211173300,0.0,0.0,0.0
2015-12-14 00:00:00-05:00,170.24886687996727,171.07453697504988,168.46270687995957,170.94815063476562,182385200,0.0,0.0,0.0
2015-12-15 00:00:00-05:00,172.4646870516679,173.65264916184265,170.92286634916624,172.7427215576172,154069600,0.0,0.0,0.0
2015-12-16 00:00:00-05:00,173.87171618164413,175.57361867646947,172.54895986402724,175.2703094482422,197017000,0.0,0.0,0.0
2015-12-17 00:00:00-05:00,175.5819703889087,175.6493738416088,172.58258745117178,172.5994415283203,173092500,0.0,0.0,0.0
2015-12-18 00:00:00-05:00,171.8554200676883,171.99101642651476,169.36365430390703,169.52468872070312,251393500,1.212,0.0,0.0
2015-12-21 00:00:00-05:00,170.70269462117898,171.1010386626391,169.5839378411441,170.9230499267578,99094300,0.0,0.0,0.0
2015-12-22 00:00:00-05:00,171.81298115782678,172.7707036640907,170.82136280667632,172.47406005859375,111026200,0.0,0.0,0.0
2015-12-23 00:00:00-05:00,173.48262050681188,174.65222752487347,173.38939077446773,174.60984802246094,110987200,0.0,0.0,0.0
2015-12-24 00:00:00-05:00,174.35562509149023,174.87262410516382,174.1013609494126,174.32171630859375,48539600,0.0,0.0,0.0
2015-12-28 00:00:00-05:00,173.62668103368742,173.96569115022263,172.8469474197309,173.92332458496094,65899900,0.0,0.0,0.0
2015-12-29 00:00:00-05:00,175.02515603836744,176.11000419116687,174.9912601915219,175.7794647216797,92640700,0.0,0.0,0.0
2015-12-30 00:00:00-05:00,175.53368667793808,175.61844569483083,174.3895046119371,174.53358459472656,63317700,0.0,0.0,0.0
2015-12-31 00:00:00-05:00,173.8555807622386,174.49970538183072,172.7876739501953,172.7876739501953,114877900,0.0,0.0,0.0
2016-01-04 00:00:00-05:00,169.92296757662837,170.38063259302376,168.31263696043297,170.37216186523438,222353500,0.0,0.0,0.0
2016-01-05 00:00:00-05:00,170.69420467888278,171.1179738195279,169.55003575858572,170.66030883789062,110845800,0.0,0.0,0.0
2016-01-06 00:00:00-05:00,168.10080155824824,169.55856897389745,167.4736312757007,168.50762939453125,152112600,0.0,0.0,0.0
2016-01-07 00:00:00-05:00,165.54969196399927,167.33799866452176,164.07497036102643,164.46484375,213436100,0.0,0.0,0.0
2016-01-08 00:00:00-05:00,165.43099970793693,165.99037807910338,162.37138598568188,162.6595458984375,209817200,0.0,0.0,0.0
2016-01-11 00:00:00-05:00,163.5833971337192,163.92242028467783,160.87976024963513,162.82061767578125,187941300,0.0,0.0,0.0
2016-01-12 00:00:00-05:00,164.26990185275864,164.8886012748218,161.99849217501549,164.13429260253906,172330500,0.0,0.0,0.0
2016-01-13 00:00:00-05:00,164.80384166995327,165.1513355227424,159.659290232623,160.04067993164062,221168900,0.0,0.0,0.0
2016-01-14 00:00:00-05:00,160.65089730027674,163.79525734585224,159.04905033137382,162.66802978515625,240795600,0.0,0.0,0.0
2016-01-15 00:00:00-05:00,158.29475894503636,159.98135217332498,157.2353358891122,159.1761932373047,324846400,0.0,0.0,0.0
2016-01-19 00:00:00-05:00,160.9984075759048,161.12553316880113,157.81165476826087,159.38807678222656,195244400,0.0,0.0,0.0
2016-01-20 00:00:00-05:00,156.82003507116355,158.91345603323416,153.42141061380045,157.3455047607422,286547800,0.0,0.0,0.0
2016-01-21 00:00:00-05:00,157.82015960304662,160.0746023248029,156.48951786762746,158.2269744873047,195772900,0.0,0.0,0.0
2016-01-22 00:00:00-05:00,160.84582417859346,161.67640812580294,160.0830448500717,161.47300720214844,168319600,0.0,0.0,0.0
2016-01-25 00:00:00-05:00,160.96450644933861,161.15943667851778,158.83718952179737,159.03211975097656,130371700,0.0,0.0,0.0
2016-01-26 00:00:00-05:00,159.6931953177003,161.4815019882439,159.3541851061627,161.20181274414062,141036800,0.0,0.0,0.0
2016-01-27 00:00:00-05:00,160.67633104471955,162.35445345168475,158.540530660685,159.44740295410156,185681700,0.0,0.0,0.0
2016-01-28 00:00:00-05:00,160.998397419869,161.20179835567228,158.6252873536919,160.27798461914062,143798800,0.0,0.0,0.0
2016-01-29 00:00:00-05:00,161.04927542427944,164.3207746741323,160.93062054713084,164.18516540527344,210529300,0.0,0.0,0.0
2016-02-01 00:00:00-05:00,163.17658500094745,164.91404149784807,162.5917813716696,164.12582397460938,136061600,0.0,0.0,0.0
2016-02-02 00:00:00-05:00,162.69349484790288,162.70196557716704,160.64244031379968,161.1679229736328,182564900,0.0,0.0,0.0
2016-02-03 00:00:00-05:00,162.22730870956022,162.5408937414218,158.57442071468972,162.1340789794922,205054900,0.0,0.0,0.0
2016-02-04 00:00:00-05:00,161.6340276457129,163.36300001003448,160.9983739491758,162.38833618164062,139531800,0.0,0.0,0.0
2016-02-05 00:00:00-05:00,161.87140066561895,162.447720701774,158.65922215336101,159.2948760986328,180788300,0.0,0.0,0.0
2016-02-08 00:00:00-05:00,157.44720206557002,157.74383272705154,154.93001214482697,157.1505584716797,191526700,0.0,0.0,0.0
2016-02-09 00:00:00-05:00,155.40461438425527,158.43880287791833,155.26900516017471,157.1590118408203,184513100,0.0,0.0,0.0
2016-02-10 00:00:00-05:00,157.98963072492836,159.625373572191,156.8962989849986,157.0234375,148214100,0.0,0.0,0.0
2016-02-11 00:00:00-05:00,154.54017233975122,156.03184842816853,153.480749178051,154.98089599609375,219058900,0.0,0.0,0.0
2016-02-12 00:00:00-05:00,156.76069893292953,158.19302788144972,155.91316058278534,158.17608642578125,127632400,0.0,0.0,0.0
2016-02-16 00:00:00-05:00,159.9898161272353,160.87125031093,159.02362293654295,160.8458251953125,120250700,0.0,0.0,0.0
2016-02-17 00:00:00-05:00,162.01546877530157,163.8461551070072,161.88833023613745,163.47323608398438,136009500,0.0,0.0,0.0
2016-02-18 00:00:00-05:00,163.74440270679062,163.80373659742403,162.49004959994556,162.8036346435547,102343000,0.0,0.0,0.0
2016-02-19 00:00:00-05:00,162.023897605953,162.87990664568497,161.4136689865215,162.72735595703125,114793000,0.0,0.0,0.0
2016-02-22 00:00:00-05:00,164.31226357245492,165.22760658577542,164.24445894934865,165.08352661132812,103640300,0.0,0.0,0.0
2016-02-23 00:00:00-05:00,164.42242375445537,164.6936422073792,162.87989790136822,162.99856567382812,111455300,0.0,0.0,0.0
2016-02-24 00:00:00-05:00,161.5662784451217,164.0241350750713,160.45600501023247,163.74444580078125,150812200,0.0,0.0,0.0
2016-02-25 00:00:00-05:00,164.19363374068834,165.73616005353884,163.43085424620034,165.72767639160156,110728300,0.0,0.0,0.0
2016-02-26 00:00:00-05:00,166.60058775287493,166.69380453840566,165.1851875989906,165.34622192382812,129833700,0.0,0.0,0.0
2016-02-29 00:00:00-05:00,165.3632171309299,166.3124559970551,163.85459981909108,164.04953002929688,125918100,0.0,0.0,0.0
2016-03-01 00:00:00-05:00,165.27853882047972,167.9906733606778,164.80391915566986,167.90591430664062,141799700,0.0,0.0,0.0
2016-03-02 00:00:00-05:00,167.59221694238096,168.7109606990628,167.17691854735713,168.6601104736328,102415000,0.0,0.0,0.0
2016-03-03 00:00:00-05:00,168.48216031846093,169.33818241717043,167.90584038845594,169.32122802734375,95172200,0.0,0.0,0.0
2016-03-04 00:00:00-05:00,169.5161515111126,170.65186280098837,168.6855674963519,169.8721160888672,129293600,0.0,0.0,0.0
2016-03-07 00:00:00-05:00,168.94829796973033,170.41454868197394,168.87202261912603,170.00772094726562,100219000,0.0,0.0,0.0
2016-03-08 00:00:00-05:00,168.9313733566446,169.43988867711715,167.99060514149804,168.15162658691406,123974900,0.0,0.0,0.0
2016-03-09 00:00:00-05:00,168.96522334857073,169.32965858271595,168.1770060637617,168.982177734375,94801200,0.0,0.0,0.0
2016-03-10 00:00:00-05:00,169.47372946884983,170.4144973065813,167.28707955054404,169.1177520751953,156838700,0.0,0.0,0.0
2016-03-11 00:00:00-05:00,170.57557047599764,171.8892575574317,169.1008619648578,171.8468780517578,137964500,0.0,0.0,0.0
2016-03-14 00:00:00-04:00,171.33833546054862,172.0841603253658,171.0077960608527,171.62649536132812,73612000,0.0,0.0,0.0
2016-03-15 00:00:00-04:00,170.66034345626284,171.65196189463276,170.3976086049525,171.3468475341797,93169100,0.0,0.0,0.0
2016-03-16 00:00:00-04:00,170.86377691696472,172.74531353326242,170.82139740296645,172.33848571777344,129303200,0.0,0.0,0.0
2016-03-17 00:00:00-04:00,172.25370015637145,173.94029320833664,171.8553560943957,173.43177795410156,134278500,0.0,0.0,0.0
2016-03-18 00:00:00-04:00,173.93437452154134,174.45403987673944,173.61917214185195,174.11328125,138372400,1.05,0.0,0.0
2016-03-21 00:00:00-04:00,173.8492135571415,174.59037081442185,173.61919430521965,174.3603515625,72926700,0.0,0.0,0.0
2016-03-22 00:00:00-04:00,173.58514737263252,174.8374558993936,173.42329541943957,174.2666778564453,97471900,0.0,0.0,0.0
2016-03-23 00:00:00-04:00,173.8832753581462,174.07069651695397,172.94616956410727,173.11656188964844,81052500,0.0,0.0,0.0
2016-03-24 00:00:00-04:00,172.0857366377417,173.07395487881382,171.86424482471878,173.0398712158203,84360900,0.0,0.0,0.0
2016-03-28 00:00:00-04:00,173.45736862893108,173.67034609579045,172.69065494788242,173.1421661376953,62408200,0.0,0.0,0.0
2016-03-29 00:00:00-04:00,172.7331607186955,174.8544199941619,172.426472787292,174.74366760253906,92922900,0.0,0.0,0.0
2016-03-30 00:00:00-04:00,175.7489401246286,176.23452180129772,175.14407863360756,175.51040649414062,86365300,0.0,0.0,0.0
2016-03-31 00:00:00-04:00,175.4167168955131,175.84267171503555,174.92260774497396,175.08447265625,94584100,0.0,0.0,0.0
2016-04-01 00:00:00-04:00,174.08775938712822,176.46458182598812,173.77254394607206,176.27716064453125,114423500,0.0,0.0,0.0
2016-04-04 00:00:00-04:00,176.20049960824804,176.40496263309862,175.39970234313924,175.70639038085938,63497000,0.0,0.0,0.0
2016-04-05 00:00:00-04:00,174.3603442614002,175.71487746767957,173.69585578288167,173.95143127441406,99662200,0.0,0.0,0.0
2016-04-06 00:00:00-04:00,173.95138094823014,175.9107751509567,173.77247425618444,175.85113525390625,91839800,0.0,0.0,0.0
2016-04-07 00:00:00-04:00,174.76072267557257,175.11852312280703,173.01430551715268,173.7469482421875,113859000,0.0,0.0,0.0
2016-04-08 00:00:00-04:00,174.93116205328425,175.36564438770728,173.678853558381,174.21556091308594,95040600,0.0,0.0,0.0
2016-04-11 00:00:00-04:00,174.8544860367723,175.55305831069512,173.712930027257,173.806640625,83757500,0.0,0.0,0.0
2016-04-12 00:00:00-04:00,173.9769881419096,175.7063636753675,173.5339914882865,175.42523193359375,115350600,0.0,0.0,0.0
2016-04-13 00:00:00-04:00,176.3452493961041,177.28235495485626,176.20894076953903,177.19715881347656,96336400,0.0,0.0,0.0
2016-04-14 00:00:00-04:00,177.25679870206196,177.7083096533149,176.85640023599146,177.20567321777344,65212900,0.0,0.0,0.0
2016-04-15 00:00:00-04:00,177.20580811190996,177.3421168422293,176.68614245179404,177.00987243652344,75761600,0.0,0.0,0.0
2016-04-18 00:00:00-04:00,177.00977681284817,178.2876412212569,176.34528836040437,178.25357055664062,82531000,0.0,0.0,0.0
2016-04-19 00:00:00-04:00,178.67956124864358,179.07143246643165,177.99803082744637,178.81585693359375,88316100,0.0,0.0,0.0
2016-04-20 00:00:00-04:00,178.8584270674755,179.68478046166612,178.3813597469344,178.98622131347656,81100300,0.0,0.0,0.0
2016-04-21 00:00:00-04:00,179.00325046249975,179.11400287607398,177.75094224431734,178.0235595703125,85695000,0.0,0.0,0.0
2016-04-22 00:00:00-04:00,177.66575907927603,178.29616389719808,177.1205374263953,178.0235595703125,99251700,0.0,0.0,0.0
2016-04-25 00:00:00-04:00,177.41871482404557,177.7594865138486,176.8053387815109,177.71688842773438,66166500,0.0,0.0,0.0
2016-04-26 00:00:00-04:00,178.0831667588304,178.4920927025245,177.50387450392594,177.98094177246094,75864200,0.0,0.0,0.0
2016-04-27 00:00:00-04:00,177.5976053889787,178.7391611977084,177.23980489665044,178.3472900390625,77329400,0.0,0.0,0.0
2016-04-28 00:00:00-04:00,177.589105346594,178.69657757953746,176.3112407709417,176.72866821289062,97216200,0.0,0.0,0.0
2016-04-29 00:00:00-04:00,176.10676511988328,176.456051198613,174.6670357214541,175.77452087402344,142424100,0.0,0.0,0.0
2016-05-02 00:00:00-04:00,176.27713841023936,177.35053986028342,175.84266918026876,177.17164611816406,62188000,0.0,0.0,0.0
2016-05-03 00:00:00-04:00,175.93641827735294,176.17495198514104,174.8800454292113,175.62973022460938,106422100,0.0,0.0,0.0
2016-05-04 00:00:00-04:00,174.63298032002473,175.36562320815685,174.1473855341078,174.65000915527344,92243800,0.0,0.0,0.0
2016-05-05 00:00:00-04:00,175.1185292886901,175.47632974852266,174.18995097633118,174.61590576171875,67619200,0.0,0.0,0.0
2016-05-06 00:00:00-04:00,173.8406943074764,175.29746563926946,173.68735679839853,175.25486755371094,89315000,0.0,0.0,0.0
2016-05-09 00:00:00-04:00,175.12711484466703,175.834188583938,174.94820805580088,175.39971923828125,74374900,0.0,0.0,0.0
2016-05-10 00:00:00-04:00,176.1067663310547,177.5976082392371,176.03861199821603,177.58056640625,77472200,0.0,0.0,0.0
2016-05-11 00:00:00-04:00,177.1205377626316,177.65723200065037,175.91934204101562,175.91934204101562,81727000,0.0,0.0,0.0
2016-05-12 00:00:00-04:00,176.59238002784232,176.76277239032126,174.9567147411194,175.97048950195312,89586300,0.0,0.0,0.0
2016-05-13 00:00:00-04:00,175.672337186034,176.2260733929801,174.11334058912212,174.4370574951172,96474600,0.0,0.0,0.0
2016-05-16 00:00:00-04:00,174.6074592049497,176.63499593198063,174.54781927224496,176.15792846679688,77486800,0.0,0.0,0.0
2016-05-17 00:00:00-04:00,175.88526211269397,176.1749082575288,173.9854943412626,174.51368713378906,114924900,0.0,0.0,0.0
2016-05-18 00:00:00-04:00,174.1644511855311,175.74900402077907,173.47440628937858,174.56484985351562,120062100,0.0,0.0,0.0
2016-05-19 00:00:00-04:00,173.84072459420184,174.24963768876148,172.75028100930095,173.95999145507812,115430500,0.0,0.0,0.0
2016-05-20 00:00:00-04:00,174.57338032275825,175.57864079409487,174.52226780710134,175.05897521972656,104990400,0.0,0.0,0.0
2016-05-23 00:00:00-04:00,175.07598185739997,175.35711365697637,174.63299811180585,174.82041931152344,58682600,0.0,0.0,0.0
2016-05-24 00:00:00-04:00,175.63825788327622,177.40171756926543,175.6127016268804,177.0865020751953,93537800,0.0,0.0,0.0
2016-05-25 00:00:00-04:00,177.76800847541446,178.70511441325252,177.0864780659969,178.2876739501953,76621400,0.0,0.0,0.0
2016-05-26 00:00:00-04:00,178.42398707151852,178.65400635273156,178.02358843348952,178.3387908935547,55280700,0.0,0.0,0.0
2016-05-27 00:00:00-04:00,178.50063766346895,179.11401368486318,178.44952516153782,179.10549926757812,64211200,0.0,0.0,0.0
2016-05-31 00:00:00-04:00,179.37808543188805,179.48883784092158,178.2024460101756,178.76470947265625,109879400,0.0,0.0,0.0
2016-06-01 00:00:00-04:00,178.15138412736567,179.3099820462898,177.95544850111673,179.13108825683594,69936200,0.0,0.0,0.0
2016-06-02 00:00:00-04:00,178.73066446705923,179.69331362532813,178.25359709674703,179.67628479003906,63044700,0.0,0.0,0.0
2016-06-03 00:00:00-04:00,179.11400063566194,179.48884295466186,177.92984676379007,179.13955688476562,101757100,0.0,0.0,0.0
2016-06-06 00:00:00-04:00,179.49736784920003,180.4089174508064,179.33550292935516,180.05111694335938,64887000,0.0,0.0,0.0
2016-06-07 00:00:00-04:00,180.2044331176157,180.89447780023937,180.17887687004512,180.33221435546875,60974800,0.0,0.0,0.0
2016-06-08 00:00:00-04:00,180.46854810209499,181.04785345883258,180.34076684647442,180.92005920410156,66170900,0.0,0.0,0.0
2016-06-09 00:00:00-04:00,180.18747027062957,180.79233205952605,179.91486584401187,180.67306518554688,73786900,0.0,0.0,0.0
2016-06-10 00:00:00-04:00,179.29290707869862,179.6336657322509,178.4154281975382,178.96066284179688,113829200,0.0,0.0,0.0
2016-06-13 00:00:00-04:00,178.3558073182912,179.21623139704838,177.49538323953402,177.58056640625,117751200,0.0,0.0,0.0
2016-06-14 00:00:00-04:00,177.19720679950555,177.82762461876018,176.2771428196919,177.2312774658203,125059300,0.0,0.0,0.0
2016-06-15 00:00:00-04:00,177.23125520061757,178.35578203437655,176.7967860143605,176.9842071533203,109124500,0.0,0.0,0.0
2016-06-16 00:00:00-04:00,176.9842407981525,177.68281299418516,175.144112719887,177.51242065429688,149533100,0.0,0.0,0.0
2016-06-17 00:00:00-04:00,177.40802590402012,177.4337150687719,176.19202419447495,176.85140991210938,117055700,1.078,0.0,0.0
2016-06-20 00:00:00-04:00,178.82090036435505,179.49740312152971,177.90461041893727,177.99024963378906,82789600,0.0,0.0,0.0
2016-06-21 00:00:00-04:00,178.37561158864895,178.90653816853393,177.93031116248486,178.49549865722656,72461700,0.0,0.0,0.0
2016-06-22 00:00:00-04:00,178.67532221401441,179.4032163854606,178.0587564154674,178.204345703125,95560500,0.0,0.0,0.0
2016-06-23 00:00:00-04:00,179.66871482907283,180.5764332471206,179.20629692303993,180.52505493164062,102731400,0.0,0.0,0.0
2016-06-24 00:00:00-04:00,174.37651357202682,180.55928924684218,173.59724105750848,174.04254150390625,333444400,0.0,0.0,0.0
2016-06-27 00:00:00-04:00,172.62959979071013,172.63817155451406,170.11195777442185,170.9254913330078,230775800,0.0,0.0,0.0
2016-06-28 00:00:00-04:00,172.53539480560443,174.0339899381858,172.22711185566206,174.00830078125,159382400,0.0,0.0,0.0
2016-06-29 00:00:00-04:00,175.41272227445705,177.2024701446352,175.30996563248377,176.9712677001953,137328600,0.0,0.0,0.0
2016-06-30 00:00:00-04:00,177.44221081705115,179.4374714471411,176.88558199688845,179.38609313964844,165021900,0.0,0.0,0.0
2016-07-01 00:00:00-04:00,179.38607152734784,180.2509831549735,179.22336486208323,179.7628631591797,106055300,0.0,0.0,0.0
2016-07-05 00:00:00-04:00,178.93226655107665,179.04359494870334,177.87041315850217,178.4698486328125,109803700,0.0,0.0,0.0
2016-07-06 00:00:00-04:00,177.97311862138648,179.6601092283609,177.31373325587478,179.54022216796875,96021500,0.0,0.0,0.0
2016-07-07 00:00:00-04:00,179.72006174975914,180.3880058677437,178.65820857076355,179.4289093017578,85593800,0.0,0.0,0.0
2016-07-08 00:00:00-04:00,180.7305717557863,182.3490539418561,180.4993562815728,182.1007080078125,133971000,0.0,0.0,0.0
2016-07-11 00:00:00-04:00,182.56311111336606,183.31669443041378,182.3575848268866,182.74293518066406,73633900,0.0,0.0,0.0
2016-07-12 00:00:00-04:00,183.7106664342324,184.37005206261034,182.76868696512105,184.07032775878906,101275600,0.0,0.0,0.0
2016-07-13 00:00:00-04:00,184.48988662810038,184.4984453238494,183.55647918972468,184.04458618164062,87324100,0.0,0.0,0.0
2016-07-14 00:00:00-04:00,185.31197875483406,185.5431942234719,184.6782954902362,185.07220458984375,91230900,0.0,0.0,0.0
2016-07-15 00:00:00-04:00,185.63738820224702,185.83434274786217,184.37856732946315,184.82386779785156,107155400,0.0,0.0,0.0
2016-07-18 00:00:00-04:00,184.94376492127384,185.48326334368232,184.6868602883787,185.320556640625,58725900,0.0,0.0,0.0
2016-07-19 00:00:00-04:00,184.90097138076388,185.16643474773187,184.65263847619474,185.13218688964844,54345700,0.0,0.0,0.0
2016-07-20 00:00:00-04:00,185.13214651744477,186.14262144447778,185.13214651744477,185.90284729003906,58159500,0.0,0.0,0.0
2016-07-21 00:00:00-04:00,185.79152975924438,186.01417345236408,184.75535262322123,185.20065307617188,67777300,0.0,0.0,0.0
2016-07-22 00:00:00-04:00,185.32053204858445,186.08267408278581,185.05506875428105,186.0312957763672,62787500,0.0,0.0,0.0
2016-07-25 00:00:00-04:00,185.82578624848168,185.8771645595355,184.94375706415994,185.52606201171875,55873100,0.0,0.0,0.0
2016-07-26 00:00:00-04:00,185.42332897787742,185.97138614335765,184.7639434131436,185.61172485351562,70080500,0.0,0.0,0.0
2016-07-27 00:00:00-04:00,185.9884647923714,186.05697355231052,184.64400487864677,185.4147186279297,84083900,0.0,0.0,0.0
2016-07-28 00:00:00-04:00,185.21780778806422,185.92001299254184,184.75538985019188,185.6288604736328,65035700,0.0,0.0,0.0
2016-07-29 00:00:00-04:00,185.36338381425358,186.2882196236405,185.08079001321923,185.92855834960938,79519400,0.0,0.0,0.0
2016-08-01 00:00:00-04:00,185.98849907675722,186.38240818563156,185.32055487761173,185.7744140625,73311400,0.0,0.0,0.0
2016-08-02 00:00:00-04:00,185.52604201786735,185.68019000112832,183.74486644863504,184.58407592773438,92295500,0.0,0.0,0.0
2016-08-03 00:00:00-04:00,184.52416073589694,185.18354627031363,184.22444954149876,185.12359619140625,53993600,0.0,0.0,0.0
2016-08-04 00:00:00-04:00,185.2349174074225,185.63739828339195,183.4708589638351,185.320556640625,46585500,0.0,0.0,0.0
2016-08-05 00:00:00-04:00,185.3205606532134,186.87909281088778,185.3205606532134,186.83627319335938,71892200,0.0,0.0,0.0
2016-08-08 00:00:00-04:00,187.02465623708832,187.12742592545445,186.4594817512779,186.72494506835938,39906500,0.0,0.0,0.0
2016-08-09 00:00:00-04:00,186.79346664254368,187.33295200992077,186.51087284691155,186.83627319335938,51251700,0.0,0.0,0.0
2016-08-10 00:00:00-04:00,186.94752535099423,187.0245927910907,186.02267686971464,186.373779296875,57941100,0.0,0.0,0.0
2016-08-11 00:00:00-04:00,186.9047669305606,187.48708493532814,186.63930361664032,187.23873901367188,72504300,0.0,0.0,0.0
2016-08-12 00:00:00-04:00,186.93043000619554,187.2901042609464,186.67353849095895,187.07601928710938,61313500,0.0,0.0,0.0
2016-08-15 00:00:00-04:00,187.44427415309008,187.96664210941114,187.43571545655482,187.61553955078125,49813500,0.0,0.0,0.0
2016-08-16 00:00:00-04:00,187.19596061160058,187.2644563243784,186.6479034423828,186.6479034423828,53213600,0.0,0.0,0.0
2016-08-17 00:00:00-04:00,186.6821055494282,187.13596466895925,185.8428960730684,186.9989471435547,75134300,0.0,0.0,0.0
2016-08-18 00:00:00-04:00,186.97321773806374,187.4527659070291,186.86190245600883,187.41851806640625,52989300,0.0,0.0,0.0
2016-08-19 00:00:00-04:00,186.94756147289544,187.32435311955808,186.45945452459875,187.14451599121094,75443000,0.0,0.0,0.0
2016-08-22 00:00:00-04:00,186.90474038071045,187.3671712403833,186.5365204986652,187.13595581054688,61368800,0.0,0.0,0.0
2016-08-23 00:00:00-04:00,187.75256104038226,188.05228529267336,187.45283678809113,187.51278686523438,53399200,0.0,0.0,0.0
2016-08-24 00:00:00-04:00,187.36717018292825,187.46136809331443,186.13403865303988,186.55364990234375,71728900,0.0,0.0,0.0
2016-08-25 00:00:00-04:00,186.1682815841641,186.84479739545222,186.01414668035227,186.42518615722656,69224800,0.0,0.0,0.0
2016-08-26 00:00:00-04:00,186.61365622626948,187.6412618606924,185.18356964946778,186.07415771484375,122506300,0.0,0.0,0.0
2016-08-29 00:00:00-04:00,186.20257099263847,187.25586553001068,186.1683100754085,186.9904022216797,70502200,0.0,0.0,0.0
2016-08-30 00:00:00-04:00,186.9047726128558,187.18736639434317,186.1255131063795,186.68212890625,58114500,0.0,0.0,0.0
2016-08-31 00:00:00-04:00,186.34813861351304,186.46802568485555,185.37191158494963,186.15118408203125,85269500,0.0,0.0,0.0
2016-09-01 00:00:00-04:00,186.14259854735027,186.45088143180882,184.99510622558606,186.15972900390625,97844200,0.0,0.0,0.0
2016-09-02 00:00:00-04:00,187.01607760090786,187.42711711041116,186.42520095597223,186.9989471435547,79293900,0.0,0.0,0.0
2016-09-06 00:00:00-04:00,187.28155418302956,187.6412154127127,186.56223172366327,187.56414794921875,56702100,0.0,0.0,0.0
2016-09-07 00:00:00-04:00,187.40143610204896,187.72684947234944,186.93901826710024,187.54701232910156,76554900,0.0,0.0,0.0
2016-09-08 00:00:00-04:00,187.21304863168913,187.48708370665724,186.8105677820245,187.1188507080078,74102900,0.0,0.0,0.0
2016-09-09 00:00:00-04:00,185.80009450685134,185.85147281719,182.6145085987369,182.64019775390625,221589100,0.0,0.0,0.0
2016-09-12 00:00:00-04:00,181.87807922562985,185.6631010226013,181.80957044739841,185.2606201171875,168110900,0.0,0.0,0.0
2016-09-13 00:00:00-04:00,183.9760741936991,184.2415374910919,181.97224181978828,182.5973663330078,182828800,0.0,0.0,0.0
2016-09-14 00:00:00-04:00,182.64874143995897,183.85618390053668,181.97223863157544,182.5288543701172,134185500,0.0,0.0,0.0
2016-09-15 00:00:00-04:00,182.36618783842124,184.73824043445808,182.18635067359673,184.35289001464844,134427900,0.0,0.0,0.0
2016-09-16 00:00:00-04:00,183.73494781966892,183.91569343230896,182.95175185214626,183.64027404785156,155236400,1.082,0.0,0.0
2016-09-19 00:00:00-04:00,184.29433239319732,184.9398316046252,183.34759496335045,183.67465209960938,80250500,0.0,0.0,0.0
2016-09-20 00:00:00-04:00,184.53533709176185,184.6902506150678,183.64885246560053,183.6832733154297,69665300,0.0,0.0,0.0
2016-09-21 00:00:00-04:00,184.38904781183263,185.92963383291604,183.700512537477,185.7489013671875,110284400,0.0,0.0,0.0
2016-09-22 00:00:00-04:00,186.7644437883841,187.2205955267431,186.51485653130135,186.9193572998047,76678700,0.0,0.0,0.0
2016-09-23 00:00:00-04:00,186.5234696553717,186.66117931782145,185.80051362658503,185.8951873779297,73630900,0.0,0.0,0.0
2016-09-26 00:00:00-04:00,185.06037164586982,185.24110411702154,184.19109074698343,184.38905334472656,89827300,0.0,0.0,0.0
2016-09-27 00:00:00-04:00,184.22549115622652,185.6283672822907,183.85539808536527,185.53370666503906,78494800,0.0,0.0,0.0
2016-09-28 00:00:00-04:00,185.75749843369601,186.60956229083172,184.7935569544685,186.4546356201172,87411000,0.0,0.0,0.0
2016-09-29 00:00:00-04:00,186.24801543995977,186.65252928967917,184.21684426383982,184.76766967773438,128070600,0.0,0.0,0.0
2016-09-30 00:00:00-04:00,185.60253152585074,186.86771100941502,185.35294428005844,186.16197204589844,117202900,0.0,0.0,0.0
2016-10-03 00:00:00-04:00,185.7488352195675,185.93816954819073,185.07750404492012,185.7144012451172,83512100,0.0,0.0,0.0
2016-10-04 00:00:00-04:00,185.82629773519423,186.05006604521853,184.17382149351062,184.76766967773438,119948100,0.0,0.0,0.0
2016-10-05 00:00:00-04:00,185.39601015265197,186.01569053589353,185.32715531754548,185.58535766601562,72816000,0.0,0.0,0.0
2016-10-06 00:00:00-04:00,185.36152523692502,185.93816954819073,184.81931490010962,185.7144012451172,62927400,0.0,0.0,0.0
2016-10-07 00:00:00-04:00,185.98981583164692,186.16194630142877,184.34594160989735,185.07749938964844,89788300,0.0,0.0,0.0
2016-10-10 00:00:00-04:00,186.04148864746094,186.50624231654774,185.89517706399442,186.04148864746094,51855000,0.0,0.0,0.0
2016-10-11 00:00:00-04:00,185.61117329361156,185.68002812749612,182.9603212862814,183.69187927246094,130367400,0.0,0.0,0.0
2016-10-12 00:00:00-04:00,183.82957252016578,184.45786789847287,183.33038486862884,183.932861328125,73866100,0.0,0.0,0.0
2016-10-13 00:00:00-04:00,182.5987797925003,183.82952504703812,181.78115026496744,183.33033752441406,101357000,0.0,0.0,0.0
2016-10-14 00:00:00-04:00,184.3116100099112,184.77637698245553,183.34766833755302,183.4251251220703,93346200,0.0,0.0,0.0
2016-10-17 00:00:00-04:00,183.39925806570704,183.6574604123934,182.60744716652792,182.78819274902344,58275700,0.0,0.0,0.0
2016-10-18 00:00:00-04:00,184.38901307073857,184.44925283705885,183.55416634194418,183.932861328125,76869700,0.0,0.0,0.0
2016-10-19 00:00:00-04:00,184.19966305894437,184.7332715506942,183.83818506781876,184.42343139648438,66519200,0.0,0.0,0.0
2016-10-20 00:00:00-04:00,184.0705933109498,184.63863589965095,183.41649202053875,184.07920837402344,73639800,0.0,0.0,0.0
2016-10-21 00:00:00-04:00,184.0791939905614,184.25132451324941,183.11523942461778,184.16525268554688,89089100,0.0,0.0,0.0
2016-10-24 00:00:00-04:00,185.04308376513552,185.31850303072093,184.59553402491588,184.9484100341797,60146600,0.0,0.0,0.0
2016-10-25 00:00:00-04:00,184.76771593033303,185.0259182805126,184.16525253505873,184.3287811279297,66542300,0.0,0.0,0.0
2016-10-26 00:00:00-04:00,183.50249701729769,184.5438949178869,183.26149859522258,183.95864868164062,75705500,0.0,0.0,0.0
2016-10-27 00:00:00-04:00,184.68163558273272,184.71605643011975,183.39063711591282,183.4680938720703,77220200,0.0,0.0,0.0
2016-10-28 00:00:00-04:00,183.44230805330568,184.12222825678606,182.21156226323424,182.9259033203125,140623200,0.0,0.0,0.0
2016-10-31 00:00:00-04:00,183.2615380486886,183.48531953178232,182.77096543712963,182.9344940185547,61272500,0.0,0.0,0.0
2016-11-01 00:00:00-04:00,183.26153104193241,183.31318201255195,180.39552597654134,181.6090545654297,122781800,0.0,0.0,0.0
2016-11-02 00:00:00-04:00,181.2991868546564,181.68649684551036,180.07704339002666,180.5159912109375,103330800,0.0,0.0,0.0
2016-11-03 00:00:00-04:00,180.73121547008878,180.94638191937483,179.4143978510756,179.68980407714844,88939300,0.0,0.0,0.0
2016-11-04 00:00:00-04:00,179.80172258432094,180.64517151854142,179.34557069204826,179.49188232421875,109122100,0.0,0.0,0.0
2016-11-07 00:00:00-05:00,179.4918277631779,183.48531593906313,179.4918277631779,183.4508819580078,109794900,0.0,0.0,0.0
2016-11-08 00:00:00-05:00,183.0550015891877,184.84518793607123,182.78819730628936,184.2771453857422,106772100,0.0,0.0,0.0
2016-11-09 00:00:00-05:00,182.77955734747084,186.85051527094146,182.75373842894697,186.2308349609375,258429000,0.0,0.0,0.0
2016-11-10 00:00:00-05:00,187.0226748715924,187.89194257348507,185.23248849000728,186.69561767578125,172113300,0.0,0.0,0.0
2016-11-11 00:00:00-05:00,185.97262038448096,186.5062288424219,185.3185192704658,186.26524353027344,100552700,0.0,0.0,0.0
2016-11-14 00:00:00-05:00,186.79030089503144,186.99686541853845,185.66283077791493,186.41160583496094,94580000,0.0,0.0,0.0
2016-11-15 00:00:00-05:00,186.79890429610978,187.8661346435547,186.59235290369466,187.8661346435547,91652600,0.0,0.0,0.0
2016-11-16 00:00:00-05:00,187.24642510788962,187.74561278319638,187.125932436796,187.5132293701172,65617700,0.0,0.0,0.0
2016-11-17 00:00:00-05:00,187.6681602436499,188.53742788089505,187.556269499148,188.47718811035156,69797200,0.0,0.0,0.0
2016-11-18 00:00:00-05:00,188.54599028330048,188.71812075027105,187.8746591365035,188.05540466308594,86265800,0.0,0.0,0.0
2016-11-21 00:00:00-05:00,188.63206110813803,189.5013285586287,188.48574954514737,189.4755096435547,72402600,0.0,0.0,0.0
2016-11-22 00:00:00-05:00,189.78540444095668,190.0263898062263,189.11408619017453,189.8456573486328,67429000,0.0,0.0,0.0
2016-11-23 00:00:00-05:00,189.3292636499823,190.00058193982838,189.13131418828877,189.94894409179688,56620200,0.0,0.0,0.0
2016-11-25 00:00:00-05:00,190.2932459995371,190.68914498055244,190.21577608349486,190.65472412109375,37872300,0.0,0.0,0.0
2016-11-28 00:00:00-05:00,190.3448267577416,190.62023294895837,189.65629158062544,189.7595672607422,76572500,0.0,0.0,0.0
2016-11-29 00:00:00-05:00,189.79404054442853,190.58585156562674,189.4928022380871,190.12969970703125,69886700,0.0,0.0,0.0
2016-11-30 00:00:00-05:00,190.74937048637665,190.9128990939236,189.6132852967144,189.6735382080078,113291800,0.0,0.0,0.0
2016-12-01 00:00:00-05:00,189.9747416538877,189.9747416538877,188.61488823352252,188.97637939453125,79040500,0.0,0.0,0.0
2016-12-02 00:00:00-05:00,189.06242773409173,189.5616154027923,188.70955165458884,189.07102966308594,74840300,0.0,0.0,0.0
2016-12-05 00:00:00-05:00,189.90591501898018,190.55141440807625,189.70796555015195,190.2071533203125,67837800,0.0,0.0,0.0
2016-12-06 00:00:00-05:00,190.39646970702,190.84401955406278,189.91449900992004,190.80958557128906,59877400,0.0,0.0,0.0
2016-12-07 00:00:00-05:00,190.65467472933636,193.3657665050252,190.53418205336612,193.30552673339844,110738100,0.0,0.0,0.0
2016-12-08 00:00:00-05:00,193.27971031842955,194.25225366825794,193.01289290922742,193.7788848876953,99714400,0.0,0.0,0.0
2016-12-09 00:00:00-05:00,194.0026318193653,194.96657306788646,193.9681978417955,194.94935607910156,88005800,0.0,0.0,0.0
2016-12-12 00:00:00-05:00,194.85474159601478,195.33672549956327,194.30391598182075,194.72564697265625,102016100,0.0,0.0,0.0
2016-12-13 00:00:00-05:00,195.38830812189892,196.5243798844961,195.3710911327447,196.0251922607422,110477500,0.0,0.0,0.0
2016-12-14 00:00:00-05:00,195.72399831251653,196.42973738751738,193.96823285552694,194.4071807861328,142501800,0.0,0.0,0.0
2016-12-15 00:00:00-05:00,194.64818355822416,196.06827689759587,194.415800111388,195.20761108398438,124972600,0.0,0.0,0.0
2016-12-16 00:00:00-05:00,195.6655578250906,195.7261658622484,194.50547138064348,194.82579040527344,156420200,1.329,0.0,0.0
2016-12-19 00:00:00-05:00,195.00762476003587,195.6742471983386,194.860450779394,195.25003051757812,90341100,0.0,0.0,0.0
2016-12-20 00:00:00-05:00,195.7867544641546,196.15037625529698,195.55301458286152,196.00318908691406,89838800,0.0,0.0,0.0
2016-12-21 00:00:00-05:00,195.8733296992585,196.04647475199613,195.45777893066406,195.45777893066406,67909000,0.0,0.0,0.0
2016-12-22 00:00:00-05:00,195.31061123222736,195.43181409403857,194.72190218191486,195.12014770507812,56219100,0.0,0.0,0.0
2016-12-23 00:00:00-05:00,195.16344956485196,195.41452116077593,194.972999222937,195.40586853027344,36697800,0.0,0.0,0.0
2016-12-27 00:00:00-05:00,195.67423613293508,196.2889031226138,195.65691766262628,195.8906707763672,42672500,0.0,0.0,0.0
2016-12-28 00:00:00-05:00,196.15039282478065,196.1676980847761,194.159191485166,194.271728515625,64095000,0.0,0.0,0.0
2016-12-29 00:00:00-05:00,194.34103742460348,194.6959934944483,193.78696513440997,194.22850036621094,48696100,0.0,0.0,0.0
2016-12-30 00:00:00-05:00,194.55739237818378,194.6439715046547,192.82591552972548,193.5185089111328,108998300,0.0,0.0,0.0
2017-01-03 00:00:00-05:00,194.82581936358508,195.50976029257782,193.82157257247454,194.9989776611328,91366500,0.0,0.0,0.0
2017-01-04 00:00:00-05:00,195.32791234332257,196.30620105653207,195.3192597141345,196.15902709960938,78744400,0.0,0.0,0.0
2017-01-05 00:00:00-05:00,195.89065206596143,196.1590288845638,195.2067112603738,196.00318908691406,78379000,0.0,0.0,0.0
2017-01-06 00:00:00-05:00,196.11574345904899,197.17194549722691,195.57032397093968,196.70445251464844,71559900,0.0,0.0,0.0
2017-01-09 00:00:00-05:00,196.444740233256,196.5832615735767,196.02052358231973,196.05516052246094,46939700,0.0,0.0,0.0
2017-01-10 00:00:00-05:00,196.07246578240944,196.91223324418567,195.66556760154376,196.05516052246094,63771900,0.0,0.0,0.0
2017-01-11 00:00:00-05:00,195.96857115415494,196.60922241210938,195.30194879751116,196.60922241210938,74650000,0.0,0.0,0.0
2017-01-12 00:00:00-05:00,196.089751560535,196.30618616490648,194.75652021005962,196.11572265625,72113200,0.0,0.0,0.0
2017-01-13 00:00:00-05:00,196.28887532353392,196.86891850056966,196.2542515979421,196.56591796875,62717900,0.0,0.0,0.0
2017-01-17 00:00:00-05:00,195.92532477718856,196.3322230265162,195.48380279201623,195.87338256835938,61240800,0.0,0.0,0.0
2017-01-18 00:00:00-05:00,196.12440247357696,196.34950294780577,195.57033033797964,196.30621337890625,54793300,0.0,0.0,0.0
2017-01-19 00:00:00-05:00,196.3841252441225,196.52264657954166,195.14612548538287,195.57899475097656,66608800,0.0,0.0,0.0
2017-01-20 00:00:00-05:00,196.26297047447125,196.79107163631718,195.63098489066377,196.297607421875,129168600,0.0,0.0,0.0
2017-01-23 00:00:00-05:00,196.2975847797805,196.3581796155604,195.0249479170454,195.7867889404297,75061600,0.0,0.0,0.0
2017-01-24 00:00:00-05:00,196.00317181564785,197.45761922169237,195.8906348046117,197.0420684814453,95555300,0.0,0.0,0.0
2017-01-25 00:00:00-05:00,197.99441805308547,198.74761962890625,197.8299256030772,198.74761962890625,84437700,0.0,0.0,0.0
2017-01-26 00:00:00-05:00,198.6004050059098,198.86879503523576,198.26276752205186,198.53981018066406,59970700,0.0,0.0,0.0
2017-01-27 00:00:00-05:00,198.61769852736896,198.7648724674756,198.04630802334123,198.22811889648438,59711100,0.0,0.0,0.0
2017-01-30 00:00:00-05:00,197.53557878890484,197.56154989062253,196.01188357760145,196.9988250732422,79737300,0.0,0.0,0.0
2017-01-31 00:00:00-05:00,196.50531702276677,197.04208386469998,195.93393966411406,196.98147583007812,75880800,0.0,0.0,0.0
2017-02-01 00:00:00-05:00,196.98148916756324,197.89916990736018,196.47070659882672,197.0594024658203,79117700,0.0,0.0,0.0
2017-02-02 00:00:00-05:00,197.0594165618137,197.47498060248765,196.36683624760258,197.1892852783203,69657600,0.0,0.0,0.0
2017-02-03 00:00:00-05:00,198.0982569626458,198.73024226369844,197.7865906260781,198.54843139648438,80563200,0.0,0.0,0.0
2017-02-06 00:00:00-05:00,198.14153925601292,198.5397847241752,197.85584400474593,198.1934814453125,57790100,0.0,0.0,0.0
2017-02-07 00:00:00-05:00,198.5830907295221,198.8254964397394,198.01170017967254,198.20216369628906,57931200,0.0,0.0,0.0
2017-02-08 00:00:00-05:00,198.20222032774387,198.59180010118314,197.65680071885436,198.46194458007812,51566200,0.0,0.0,0.0
2017-02-09 00:00:00-05:00,198.46190780053314,199.9423133072741,198.46190780053314,199.63931274414062,65955200,0.0,0.0,0.0
2017-02-10 00:00:00-05:00,199.98557167468823,200.6521939457707,199.65658685335302,200.42709350585938,66015900,0.0,0.0,0.0
2017-02-13 00:00:00-05:00,200.9205979005419,201.77768379351835,200.89462680167486,201.51795959472656,55182100,0.0,0.0,0.0
2017-02-14 00:00:00-05:00,201.3361633989964,202.33177069873477,200.98987324872715,202.32310485839844,71109000,0.0,0.0,0.0
2017-02-15 00:00:00-05:00,202.1066358990715,203.56973597428617,202.05469370636192,203.3792724609375,86785800,0.0,0.0,0.0
2017-02-16 00:00:00-05:00,203.4052929482555,203.5871038770067,202.45298836039336,203.2061767578125,84722400,0.0,0.0,0.0
2017-02-17 00:00:00-05:00,202.5395325733972,203.52647399902344,202.5222141034397,203.52647399902344,77204100,0.0,0.0,0.0
2017-02-21 00:00:00-05:00,203.8987426992179,204.91165519616385,203.89007685942246,204.73851013183594,88946100,0.0,0.0,0.0
2017-02-22 00:00:00-05:00,204.33162963686436,204.78180420102626,204.16713718798405,204.5567169189453,62115200,0.0,0.0,0.0
2017-02-23 00:00:00-05:00,205.0761327283898,205.09343798647993,203.9333516086501,204.69520568847656,74615900,0.0,0.0,0.0
2017-02-24 00:00:00-05:00,203.84682690608932,204.99824767757306,203.80353733186945,204.95497131347656,82381600,0.0,0.0,0.0
2017-02-27 00:00:00-05:00,204.86838560705692,205.4484288946902,204.61732722081558,205.27528381347656,56515400,0.0,0.0,0.0
2017-02-28 00:00:00-05:00,204.89433647036128,205.1367422021414,204.3316117094692,204.72119140625,96961900,0.0,0.0,0.0
2017-03-01 00:00:00-05:00,206.38340074529486,208.05428292165232,206.36608227643924,207.58677673339844,149158200,0.0,0.0,0.0
2017-03-02 00:00:00-05:00,207.39630732029798,207.40497315954045,206.22756830307532,206.27951049804688,70246000,0.0,0.0,0.0
2017-03-03 00:00:00-05:00,206.19297390555505,206.57390102742917,205.81204678368093,206.40940856933594,81974300,0.0,0.0,0.0
2017-03-06 00:00:00-05:00,205.61286686069826,206.1496204332648,205.18865029553214,205.794677734375,55391500,0.0,0.0,0.0
2017-03-07 00:00:00-05:00,205.49168957977946,205.8466455329481,204.972241199039,205.18002319335938,65103700,0.0,0.0,0.0
2017-03-08 00:00:00-05:00,205.4743624648891,205.7340866443304,204.66056620069597,204.79908752441406,78168800,0.0,0.0,0.0
2017-03-09 00:00:00-05:00,204.92033179769868,205.38783805720732,204.0892301076527,205.05885314941406,90683900,0.0,0.0,0.0
2017-03-10 00:00:00-05:00,206.01977997673723,206.06306954125571,204.82505668865278,205.77737426757812,81991700,0.0,0.0,0.0
2017-03-13 00:00:00-04:00,205.71677893305338,205.92456092949521,205.38780728467196,205.8812713623047,57256800,0.0,0.0,0.0
2017-03-14 00:00:00-04:00,205.33585054676877,205.38780595313332,204.4787778885102,205.09344482421875,59880800,0.0,0.0,0.0
2017-03-15 00:00:00-04:00,205.6648338644537,207.29242645521649,205.43108077298604,206.8682098388672,96081800,0.0,0.0,0.0
2017-03-16 00:00:00-04:00,207.0067843629692,207.084697676773,206.13239301776957,206.46136474609375,78344000,0.0,0.0,0.0
2017-03-17 00:00:00-04:00,206.72478419592946,206.91607632998918,206.09873962402344,206.09873962402344,89002100,1.033,0.0,0.0
2017-03-20 00:00:00-04:00,206.0987318881352,206.38567007845458,205.48139087941647,205.87266540527344,52537000,0.0,0.0,0.0
2017-03-21 00:00:00-04:00,206.48130761344245,206.60303775573874,203.0989344443633,203.22935485839844,131809300,0.0,0.0,0.0
2017-03-22 00:00:00-04:00,203.26415312665975,203.9945340186917,202.6381085713206,203.7075958251953,97569200,0.0,0.0,0.0
2017-03-23 00:00:00-04:00,203.70762587903027,204.62929903603808,203.11636886041887,203.49024963378906,100410300,0.0,0.0,0.0
2017-03-24 00:00:00-04:00,203.7945687617091,204.3684319293869,202.5598733591413,203.34242248535156,112504900,0.0,0.0,0.0
2017-03-27 00:00:00-04:00,201.66423234454643,203.39455159092938,201.38599772087088,203.13369750976562,87454500,0.0,0.0,0.0
2017-03-28 00:00:00-04:00,202.82940506036013,205.0379415959101,202.71636518145223,204.6118927001953,93483900,0.0,0.0,0.0
2017-03-29 00:00:00-04:00,204.32497502545124,205.03796219245166,204.09889524492522,204.80319213867188,61950400,0.0,0.0,0.0
2017-03-30 00:00:00-04:00,204.74231988790189,205.65530268652503,204.5684215614003,205.45530700683594,56737900,0.0,0.0,0.0
2017-03-31 00:00:00-04:00,205.11620726276408,205.64660579968896,204.92491511714576,204.9770965576172,73733100,0.0,0.0,0.0
2017-04-03 00:00:00-04:00,205.02924328610464,205.22922568375552,203.38587967433335,204.62057495117188,85546500,0.0,0.0,0.0
2017-04-04 00:00:00-04:00,204.33361799386316,204.83793234527792,203.95103377778372,204.7509765625,56466200,0.0,0.0,0.0
2017-04-05 00:00:00-04:00,205.4291820065071,206.41172659355868,203.9336328147923,204.14231872558594,108800600,0.0,0.0,0.0
2017-04-06 00:00:00-04:00,204.2814341780403,205.2378813773609,203.83797829447843,204.7161865234375,69135800,0.0,0.0,0.0
2017-04-07 00:00:00-04:00,204.46409045691658,205.20317499593068,204.02064769406397,204.507568359375,74412300,0.0,0.0,0.0
2017-04-10 00:00:00-04:00,204.64666627322393,205.42921534742578,204.09887396072781,204.6292724609375,67615300,0.0,0.0,0.0
2017-04-11 00:00:00-04:00,204.2466792656306,204.49013955663008,202.8902538536075,204.38580322265625,88045300,0.0,0.0,0.0
2017-04-12 00:00:00-04:00,204.10760400801504,204.29889616523477,203.26418311507172,203.49024963378906,81864400,0.0,0.0,0.0
2017-04-13 00:00:00-04:00,203.1511085491981,203.89019296391257,202.16856384277344,202.16856384277344,92880400,0.0,0.0,0.0
2017-04-17 00:00:00-04:00,202.6902493048355,203.95973205566406,202.4902669307122,203.95973205566406,68405400,0.0,0.0,0.0
2017-04-18 00:00:00-04:00,203.2206843096354,203.89020679103865,202.66420170976033,203.35110473632812,83225800,0.0,0.0,0.0
2017-04-19 00:00:00-04:00,203.9162701486488,204.29015084555806,202.75112362906492,202.97720336914062,68699900,0.0,0.0,0.0
2017-04-20 00:00:00-04:00,203.59455954515212,205.07272843489773,203.27284698960557,204.6292724609375,92572200,0.0,0.0,0.0
2017-04-21 00:00:00-04:00,204.55103402868073,204.6032022014737,203.5771927562991,203.97715759277344,110389800,0.0,0.0,0.0
2017-04-24 00:00:00-04:00,206.22919503464047,206.42919074264444,203.95109611948084,206.2205047607422,119209900,0.0,0.0,0.0
2017-04-25 00:00:00-04:00,206.86388186089084,207.7681609789066,206.77692607734,207.4203643798828,76698300,0.0,0.0,0.0
2017-04-26 00:00:00-04:00,207.38559357238978,208.27249221966898,207.24648288205628,207.28994750976562,84702500,0.0,0.0,0.0
2017-04-27 00:00:00-04:00,207.61165088389535,207.76815536895333,206.92473470812456,207.46383666992188,57410300,0.0,0.0,0.0
2017-04-28 00:00:00-04:00,207.724675213673,207.75075929423164,206.88125456203946,207.01168823242188,63532800,0.0,0.0,0.0
2017-05-01 00:00:00-04:00,207.5334014892578,207.95946362209395,207.11604289577147,207.5334014892578,66882500,0.0,0.0,0.0
2017-05-02 00:00:00-04:00,207.6725375181834,207.7942676678446,207.2030107316592,207.61167907714844,57375700,0.0,0.0,0.0
2017-05-03 00:00:00-04:00,207.61169144208725,207.70733751305974,206.68131481830085,207.35952758789062,73137700,0.0,0.0,0.0
2017-05-04 00:00:00-04:00,207.66386854104024,207.7421208022202,206.7508856911629,207.60299682617188,61462700,0.0,0.0,0.0
2017-05-05 00:00:00-04:00,207.97687588781238,208.43771241616818,207.53341990451747,208.42031860351562,62001300,0.0,0.0,0.0
2017-05-08 00:00:00-04:00,208.46382660767063,208.6116408675857,207.95951210864615,208.3855743408203,48385700,0.0,0.0,0.0
2017-05-09 00:00:00-04:00,208.64640591574235,208.84638833191315,207.84644971587488,208.1942596435547,51363200,0.0,0.0,0.0
2017-05-10 00:00:00-04:00,208.1508023238546,208.5681610107422,207.9421163466141,208.5681610107422,54293800,0.0,0.0,0.0
2017-05-11 00:00:00-04:00,208.1159752440733,208.3072673578563,207.0551783467639,208.14205932617188,62358300,0.0,0.0,0.0
2017-05-12 00:00:00-04:00,207.8899118114622,208.18554027682222,207.52472136585433,207.7942657470703,53912700,0.0,0.0,0.0
2017-05-15 00:00:00-04:00,208.22034119524147,209.06376201665978,208.20294738217117,208.94203186035156,61918900,0.0,0.0,0.0
2017-05-16 00:00:00-04:00,209.23762244132436,209.2637065224087,208.3594274204419,208.75070190429688,51241800,0.0,0.0,0.0
2017-05-17 00:00:00-04:00,208.7507010427633,208.7507010427633,204.98574389991396,205.04661560058594,172174100,0.0,0.0,0.0
2017-05-18 00:00:00-04:00,204.96837293864434,206.72477643654275,204.70751883220936,205.87266540527344,107047700,0.0,0.0,0.0
2017-05-19 00:00:00-04:00,206.35957419810532,207.8812075864696,206.3074060333187,207.21168518066406,115011400,0.0,0.0,0.0
2017-05-22 00:00:00-04:00,207.72472238454952,208.42903252233745,207.65517366565936,208.26382446289062,61010600,0.0,0.0,0.0
2017-05-23 00:00:00-04:00,208.6376993538085,208.88986320617354,208.25511507269738,208.7246551513672,48341700,0.0,0.0,0.0
2017-05-24 00:00:00-04:00,208.959412540843,209.3158994470322,208.6202929114487,209.21156311035156,46927700,0.0,0.0,0.0
2017-05-25 00:00:00-04:00,209.7245814488503,210.48975001458788,209.5159087618979,210.2115020751953,64071700,0.0,0.0,0.0
2017-05-26 00:00:00-04:00,210.02023277660862,210.33325510867513,209.94198051049034,210.16806030273438,46629900,0.0,0.0,0.0
2017-05-30 00:00:00-04:00,209.84631914054245,210.23759371022007,209.68981461970841,209.98544311523438,35201900,0.0,0.0,0.0
2017-05-31 00:00:00-04:00,210.2811158340778,210.31590346886307,209.2377123396397,209.93331909179688,91796000,0.0,0.0,0.0
2017-06-01 00:00:00-04:00,210.39409566364205,211.62010072160516,210.10715746278314,211.6027069091797,68962000,0.0,0.0,0.0
2017-06-02 00:00:00-04:00,211.6548629582479,212.46350934483175,211.35923450190143,212.30699157714844,88666100,0.0,0.0,0.0
2017-06-05 00:00:00-04:00,212.1331341393207,212.42007237903493,211.95053225310502,212.15052795410156,44698800,0.0,0.0,0.0
2017-06-06 00:00:00-04:00,211.58533191969354,212.14181455849138,211.39403976876997,211.47230529785156,50375400,0.0,0.0,0.0
2017-06-07 00:00:00-04:00,211.81141824984175,212.0896529440501,211.1418957009011,211.86358642578125,54144300,0.0,0.0,0.0
2017-06-08 00:00:00-04:00,211.9592204936351,212.44614113160335,211.43751222861636,211.96791076660156,65950700,0.0,0.0,0.0
2017-06-09 00:00:00-04:00,212.23745143152235,213.03739436088486,210.37671144488533,211.6461944580078,132256400,0.0,0.0,0.0
2017-06-12 00:00:00-04:00,211.40272450285673,211.65487507886468,210.75059584661142,211.6027069091797,86108100,0.0,0.0,0.0
2017-06-13 00:00:00-04:00,212.14182695163927,212.68961934924857,211.79403025741988,212.637451171875,60067000,0.0,0.0,0.0
2017-06-14 00:00:00-04:00,212.90697821659944,212.91566848958766,211.54184910468186,212.36788940429688,78602300,0.0,0.0,0.0
2017-06-15 00:00:00-04:00,211.01139726047873,212.08089760951486,210.73316265162578,211.95916748046875,66464900,0.0,0.0,0.0
2017-06-16 00:00:00-04:00,212.11906901712646,212.1714915818924,211.12300028970273,212.00547790527344,84553100,1.183,0.0,0.0
2017-06-19 00:00:00-04:00,212.8355636474783,213.83163251853753,212.73945115411766,213.77047729492188,65123800,0.0,0.0,0.0
2017-06-20 00:00:00-04:00,213.41222979632616,213.42096244725582,212.31131582607034,212.3287811279297,56906400,0.0,0.0,0.0
2017-06-21 00:00:00-04:00,212.72197042574658,212.83554821345143,211.80453547970438,212.27635192871094,55977600,0.0,0.0,0.0
2017-06-22 00:00:00-04:00,212.2850952844475,212.78312301155248,212.00549047939205,212.18023681640625,44148100,0.0,0.0,0.0
2017-06-23 00:00:00-04:00,212.24135356772226,212.76559245081964,211.8569037207449,212.43357849121094,66986800,0.0,0.0,0.0
2017-06-26 00:00:00-04:00,213.1063797075123,213.5257868664958,212.36370452818824,212.57339477539062,56700500,0.0,0.0,0.0
2017-06-27 00:00:00-04:00,212.35498212649782,212.6520655635053,210.84340698681302,210.8608856201172,82247700,0.0,0.0,0.0
2017-06-28 00:00:00-04:00,211.88320220993936,212.94917237630065,211.64728728268415,212.7482147216797,70042600,0.0,0.0,0.0
2017-06-29 00:00:00-04:00,212.89676733004643,212.94918991102128,209.66391262442085,210.87841796875,106949700,0.0,0.0,0.0
2017-06-30 00:00:00-04:00,211.6909392805763,212.06665656646834,211.0793204419865,211.27154541015625,86820700,0.0,0.0,0.0
2017-07-03 00:00:00-04:00,212.21522943662578,212.65210201808634,211.62982177734375,211.62982177734375,39153800,0.0,0.0,0.0
2017-07-05 00:00:00-04:00,211.99678632184217,212.32880040710555,211.18419641368985,212.11911010742188,54427600,0.0,0.0,0.0
2017-07-06 00:00:00-04:00,211.3501821915773,211.47250596099136,209.99587474516312,210.1793670654297,65400800,0.0,0.0,0.0
2017-07-07 00:00:00-04:00,210.7561150117714,211.6910155736328,210.18817255302417,211.54248046875,57972300,0.0,0.0,0.0
2017-07-10 00:00:00-04:00,211.54245384720087,212.14534017675217,211.23663769003042,211.76962280273438,36663300,0.0,0.0,0.0
2017-07-11 00:00:00-04:00,211.76960292900532,211.92688398522515,210.44151993042246,211.61233520507812,50354600,0.0,0.0,0.0
2017-07-12 00:00:00-04:00,212.58222401626992,213.36858941584214,212.58222401626992,213.20257568359375,59610400,0.0,0.0,0.0
2017-07-13 00:00:00-04:00,213.21129828354674,213.67438215308232,212.98411600863207,213.560791015625,39471600,0.0,0.0,0.0
2017-07-14 00:00:00-04:00,213.56080051060496,214.9151082391341,213.46468800516627,214.55686950683594,60262700,0.0,0.0,0.0
2017-07-17 00:00:00-04:00,214.478186563941,214.86263649773014,214.35586279703452,214.53060913085938,33531900,0.0,0.0,0.0
2017-07-18 00:00:00-04:00,214.1199584558527,214.69663338492913,213.77919842181504,214.6442108154297,42742500,0.0,0.0,0.0
2017-07-19 00:00:00-04:00,214.95877112637126,215.81503758292976,214.95002514279005,215.80630493164062,51034300,0.0,0.0,0.0
2017-07-20 00:00:00-04:00,216.05967249290617,216.1819962652532,215.35194114344907,215.90240478515625,47135200,0.0,0.0,0.0
2017-07-21 00:00:00-04:00,215.3257246190141,215.73638584453403,215.0985423814042,215.71017456054688,82340800,0.0,0.0,0.0
2017-07-24 00:00:00-04:00,215.63159703052415,215.79761077092985,215.18599172651037,215.65782165527344,46622300,0.0,0.0,0.0
2017-07-25 00:00:00-04:00,216.40920630753905,216.51406479826,215.9548683994922,216.18203735351562,54915600,0.0,0.0,0.0
2017-07-26 00:00:00-04:00,216.47032440483753,216.50526833873536,215.9286067695318,216.1907196044922,47575400,0.0,0.0,0.0
2017-07-27 00:00:00-04:00,216.6538620023689,216.68880594357,214.66171071427445,215.98980712890625,70766600,0.0,0.0,0.0
2017-07-28 00:00:00-04:00,215.5091764336134,215.86741504598913,215.05483868026246,215.73635864257812,50088400,0.0,0.0,0.0
2017-07-31 00:00:00-04:00,216.138313749778,216.234426240792,215.4043710905575,215.61407470703125,65838700,0.0,0.0,0.0
2017-08-01 00:00:00-04:00,216.2170351222167,216.25197907080567,215.5704587488026,216.09471130371094,55050400,0.0,0.0,0.0
2017-08-02 00:00:00-04:00,216.22565891315514,216.33925002039803,215.26453415715275,216.19944763183594,47211200,0.0,0.0,0.0
2017-08-03 00:00:00-04:00,216.08589310996032,216.11210439571732,215.50048550756736,215.78009033203125,40856000,0.0,0.0,0.0
2017-08-04 00:00:00-04:00,216.26937603749795,216.50527759905225,215.78881359903158,216.1732635498047,60191800,0.0,0.0,0.0
2017-08-07 00:00:00-04:00,216.24316600254468,216.57518005371094,216.13830753117887,216.57518005371094,31995000,0.0,0.0,0.0
2017-08-08 00:00:00-04:00,216.2606268084829,217.48387784551804,215.66648658969035,216.0421905517578,61719400,0.0,0.0,0.0
2017-08-09 00:00:00-04:00,215.3520032980388,216.08594614395042,214.9937645283813,216.0335235595703,62632600,0.0,0.0,0.0
2017-08-10 00:00:00-04:00,215.1946897908639,215.325759564362,212.93169302410396,212.98411560058594,120479500,0.0,0.0,0.0
2017-08-11 00:00:00-04:00,213.21127851076045,213.89279860771543,212.97536360572468,213.29864501953125,74869900,0.0,0.0,0.0
2017-08-14 00:00:00-04:00,214.5830460558626,215.63153746125874,214.54810211967575,215.41310119628906,73291900,0.0,0.0,0.0
2017-08-15 00:00:00-04:00,215.7975936987321,215.8150723364171,215.08112954117746,215.38693237304688,55242700,0.0,0.0,0.0
2017-08-16 00:00:00-04:00,215.9111540869817,216.3130827027136,215.33447911617642,215.7626190185547,56715500,0.0,0.0,0.0
2017-08-17 00:00:00-04:00,215.15097109922414,215.46551982886018,212.39866638183594,212.39866638183594,128490400,0.0,0.0,0.0
2017-08-18 00:00:00-04:00,212.23271182096963,213.35985063793342,211.6210928241608,212.06671142578125,136748000,0.0,0.0,0.0
2017-08-21 00:00:00-04:00,212.00549710363762,212.49479219548203,211.29776575062752,212.232666015625,65469700,0.0,0.0,0.0
2017-08-22 00:00:00-04:00,212.81811194911418,214.60927883542794,212.80063331312437,214.45201110839844,63140100,0.0,0.0,0.0
2017-08-23 00:00:00-04:00,213.482132578761,214.11123008992666,213.33359751810963,213.68309020996094,50203800,0.0,0.0,0.0
2017-08-24 00:00:00-04:00,214.06755161262302,214.22481933267483,212.97537022684432,213.18507385253906,50741700,0.0,0.0,0.0
2017-08-25 00:00:00-04:00,213.9801603312637,214.60052519143514,213.53455514930954,213.68309020996094,64445900,0.0,0.0,0.0
2017-08-28 00:00:00-04:00,214.2160572310313,214.2422685141031,213.27241104357486,213.6918182373047,40565600,0.0,0.0,0.0
2017-08-29 00:00:00-04:00,212.37249687315784,214.1986210613908,212.25890573580116,213.93650817871094,51135700,0.0,0.0,0.0
2017-08-30 00:00:00-04:00,213.9190298318919,215.2209149242336,213.73553748147458,214.95004272460938,62030800,0.0,0.0,0.0
2017-08-31 00:00:00-04:00,215.5704070734252,216.48784215844407,214.9849994157429,216.24319458007812,103803900,0.0,0.0,0.0
2017-09-01 00:00:00-04:00,216.6188513927971,216.9770900302968,216.40041515026658,216.5489501953125,62007000,0.0,0.0,0.0
2017-09-05 00:00:00-04:00,216.04220481394543,216.2693870686034,214.02385580172935,214.99371337890625,91398800,0.0,0.0,0.0
2017-09-06 00:00:00-04:00,215.67526906983147,216.05971910365733,215.14228394699003,215.72769165039062,57916900,0.0,0.0,0.0
2017-09-07 00:00:00-04:00,216.03345865212358,216.05093728576384,215.29077004376,215.70143127441406,58034700,0.0,0.0,0.0
2017-09-08 00:00:00-04:00,215.4131018134527,215.9111428985104,215.20341153114762,215.44805908203125,63832800,0.0,0.0,0.0
2017-09-11 00:00:00-04:00,216.72372397908455,217.82465131357796,216.70625867671842,217.7460174560547,71364800,0.0,0.0,0.0
2017-09-12 00:00:00-04:00,218.1130243336705,218.51493967025766,217.92953197058915,218.47999572753906,56896000,0.0,0.0,0.0
2017-09-13 00:00:00-04:00,218.19165618684139,218.61979614187698,218.07806504254148,218.5848388671875,59228000,0.0,0.0,0.0
2017-09-14 00:00:00-04:00,218.26151238421244,218.7158635354014,218.0867660436909,218.514892578125,95446300,0.0,0.0,0.0
2017-09-15 00:00:00-04:00,218.37004137976422,218.89688212247273,218.26467591091398,218.80908203125,95432400,1.235,0.0,0.0
2017-09-18 00:00:00-04:00,219.17787036145697,219.6256869939277,218.88810192922634,219.2744598388672,46235200,0.0,0.0,0.0
2017-09-19 00:00:00-04:00,219.52031414414108,219.58178626336064,219.16908700089311,219.4939727783203,47108100,0.0,0.0,0.0
2017-09-20 00:00:00-04:00,219.58177217510004,219.6871376316229,218.57197075575138,219.57298278808594,59574100,0.0,0.0,0.0
2017-09-21 00:00:00-04:00,219.41496009612214,219.50276018727368,218.8090818538099,218.9846954345703,48211400,0.0,0.0,0.0
2017-09-22 00:00:00-04:00,218.68612857509902,219.19541728598273,218.65978721060986,219.02857971191406,51214000,0.0,0.0,0.0
2017-09-25 00:00:00-04:00,218.77395899464284,219.12519956729818,217.8344189345128,218.58078002929688,57064400,0.0,0.0,0.0
2017-09-26 00:00:00-04:00,219.0109924868479,219.25685412985607,218.47536246491123,218.7124481201172,54082000,0.0,0.0,0.0
2017-09-27 00:00:00-04:00,219.41493678666365,219.9505668600778,218.52806619058512,219.564208984375,81001400,0.0,0.0,0.0
2017-09-28 00:00:00-04:00,219.2832172565205,219.90666081217725,219.19541717441996,219.82763671875,44778800,0.0,0.0,0.0
2017-09-29 00:00:00-04:00,219.81883483998448,220.67936402547772,219.6344452991325,220.60032653808594,85578000,0.0,0.0,0.0
2017-10-02 00:00:00-04:00,220.82867077220482,221.55747985839844,220.65304379358867,221.55747985839844,59023000,0.0,0.0,0.0
2017-10-03 00:00:00-04:00,221.55745825090537,222.0579575754695,221.47842075885333,222.0316162109375,66810200,0.0,0.0,0.0
2017-10-04 00:00:00-04:00,221.88232947129373,222.54089033834686,221.76817463349886,222.29502868652344,55953600,0.0,0.0,0.0
2017-10-05 00:00:00-04:00,222.6286920864763,223.6297040759749,222.33014770679983,223.61215209960938,63522800,0.0,0.0,0.0
2017-10-06 00:00:00-04:00,223.16436498055847,223.6473123924435,222.90095129994648,223.3575439453125,80646000,0.0,0.0,0.0
2017-10-09 00:00:00-04:00,223.585871852272,223.64733058326107,222.7253424307538,222.98876953125,35803100,0.0,0.0,0.0
2017-10-10 00:00:00-04:00,223.5594896480193,223.95462352736135,223.0150701668452,223.57704162597656,43057400,0.0,0.0,0.0
2017-10-11 00:00:00-04:00,223.4804993645842,223.92832946777344,223.31367514800903,223.92832946777344,47674300,0.0,0.0,0.0
2017-10-12 00:00:00-04:00,223.61216986840404,223.9633970019969,223.35751880786137,223.5946044921875,47065100,0.0,0.0,0.0
2017-10-13 00:00:00-04:00,224.03367414739319,224.1478290099128,223.59463347426603,223.86683654785156,54800400,0.0,0.0,0.0
2017-10-16 00:00:00-04:00,224.0951247867471,224.358538446601,223.7526736304803,224.1653594970703,38221700,0.0,0.0,0.0
2017-10-17 00:00:00-04:00,224.11269620713563,224.36734729836132,223.8931758725759,224.3234405517578,31561000,0.0,0.0,0.0
2017-10-18 00:00:00-04:00,224.70100169562897,224.74490844078647,224.34977453128394,224.54295349121094,40888300,0.0,0.0,0.0
2017-10-19 00:00:00-04:00,223.76149572898458,224.6395771719904,223.34002038791047,224.6044464111328,61903800,0.0,0.0,0.0
2017-10-20 00:00:00-04:00,225.40345328480035,225.78981115402678,224.5868308069434,225.76344299316406,89176400,0.0,0.0,0.0
2017-10-23 00:00:00-04:00,226.08833911711528,226.11468047915264,224.80632137287233,224.88534545898438,63915300,0.0,0.0,0.0
2017-10-24 00:00:00-04:00,225.31567885269672,225.51762041234878,224.92053152803788,225.28054809570312,66935900,0.0,0.0,0.0
2017-10-25 00:00:00-04:00,224.94685128436925,225.06100613594376,223.03264056432835,224.1653594970703,103715300,0.0,0.0,0.0
2017-10-26 00:00:00-04:00,224.78005363521498,225.05224331637783,224.33222356368222,224.4551544189453,69798000,0.0,0.0,0.0
2017-10-27 00:00:00-04:00,225.20150153471445,226.44838871295423,224.46391649289177,226.29031372070312,85562500,0.0,0.0,0.0
2017-10-30 00:00:00-04:00,225.20144977726537,226.19368565925365,225.14876705759406,225.4473114013672,54285700,0.0,0.0,0.0
2017-10-31 00:00:00-04:00,225.8249253495209,226.05323504539382,225.5000395804172,225.798583984375,60304800,0.0,0.0,0.0
2017-11-01 00:00:00-04:00,226.58008293603956,226.92252067355219,225.72834309044615,226.0971221923828,54202700,0.0,0.0,0.0
2017-11-02 00:00:00-04:00,226.0269035844257,226.32544800146528,224.95564336003008,226.18495178222656,56449500,0.0,0.0,0.0
2017-11-03 00:00:00-04:00,226.3430392945881,226.9840483817832,225.9303399529263,226.94015502929688,59589700,0.0,0.0,0.0
2017-11-06 00:00:00-05:00,226.80837529575473,227.42304288718802,226.73814058666298,227.2913360595703,49652600,0.0,0.0,0.0
2017-11-07 00:00:00-05:00,227.39674500443346,227.73042022947897,226.6240290721003,227.13333129882812,57502200,0.0,0.0,0.0
2017-11-08 00:00:00-05:00,226.95772561417792,227.61628673696478,226.6767331038612,227.51968383789062,50469600,0.0,0.0,0.0
2017-11-09 00:00:00-05:00,226.30790173013315,226.88743860026545,225.10490784698484,226.6942596435547,95085500,0.0,0.0,0.0
2017-11-10 00:00:00-05:00,226.30791176112677,226.79963516420148,225.9917885466269,226.62400817871094,59984700,0.0,0.0,0.0
2017-11-13 00:00:00-05:00,225.93911396870888,227.06305704445165,225.90398321095913,226.83474731445312,50228600,0.0,0.0,0.0
2017-11-14 00:00:00-05:00,226.02688417256908,226.41324204306554,225.24537904459302,226.30787658691406,61315200,0.0,0.0,0.0
2017-11-15 00:00:00-05:00,225.33323437080526,225.8600885463174,224.4639423992059,225.17518615722656,80811500,0.0,0.0,0.0
2017-11-16 00:00:00-05:00,226.12349117794184,227.4581919302266,226.07959783084416,227.08938598632812,67777000,0.0,0.0,0.0
2017-11-17 00:00:00-05:00,226.7381355052124,227.0630212716927,226.34298823430197,226.42201232910156,75756800,0.0,0.0,0.0
2017-11-20 00:00:00-05:00,226.6679107057775,227.00155907721162,226.42202222643613,226.80838012695312,48075500,0.0,0.0,0.0
2017-11-21 00:00:00-05:00,227.5810842362003,228.47674423089117,226.77326451983026,228.29232788085938,69176800,0.0,0.0,0.0
2017-11-22 00:00:00-05:00,228.3011087175757,228.43281553629973,227.923540238263,228.0903778076172,45033400,0.0,0.0,0.0
2017-11-24 00:00:00-05:00,228.58208354898088,228.72257974378496,228.44158735417676,228.6171875,27856500,0.0,0.0,0.0
2017-11-27 00:00:00-05:00,228.66116100016845,228.95970543496196,228.30114444138104,228.50311279296875,52274900,0.0,0.0,0.0
2017-11-28 00:00:00-05:00,228.96847420265473,230.84755413404903,228.87187133123342,230.8212127685547,98971700,0.0,0.0,0.0
2017-11-29 00:00:00-05:00,230.95291287335644,231.48855635203395,230.232906638498,230.6807098388672,77512100,0.0,0.0,0.0
2017-11-30 00:00:00-05:00,231.602746209297,233.6135332136008,231.5237221031682,232.70034790039062,127894400,0.0,0.0,0.0
2017-12-01 00:00:00-05:00,232.48078662903424,232.96372056931824,228.96846183595338,232.21734619140625,164390900,0.0,0.0,0.0
2017-12-04 00:00:00-05:00,233.8417919636999,234.2720431578022,231.88366132676438,231.93637084960938,94040600,0.0,0.0,0.0
2017-12-05 00:00:00-05:00,231.1022491455078,232.8232812112124,230.97054229299027,231.1022491455078,77994500,0.0,0.0,0.0
2017-12-06 00:00:00-05:00,231.19878563725663,231.57638094568756,230.6807209081462,231.14610290527344,75898600,0.0,0.0,0.0
2017-12-07 00:00:00-05:00,231.87490844726562,232.19100481611005,230.88267240576238,231.87490844726562,77218600,0.0,0.0,0.0
2017-12-08 00:00:00-05:00,232.83207044326272,233.14816688909153,231.8398341601033,233.139404296875,76563900,0.0,0.0,0.0
2017-12-11 00:00:00-05:00,233.84181213378906,233.90328425165183,233.1130164975584,233.84181213378906,83077500,0.0,0.0,0.0
2017-12-12 00:00:00-05:00,234.63206982731904,234.72867269366304,233.8769328582278,234.25450134277344,85195800,0.0,0.0,0.0
2017-12-13 00:00:00-05:00,234.50041353597803,234.93945423035333,234.1403969509602,234.22821044921875,102905400,0.0,0.0,0.0
2017-12-14 00:00:00-05:00,234.52675284891427,234.64090771595747,233.2184201661638,233.27110290527344,100666700,0.0,0.0,0.0
2017-12-15 00:00:00-05:00,234.27808626593875,235.68136854915952,234.22513425026128,235.21360778808594,144610300,1.351,0.0,0.0
2017-12-18 00:00:00-05:00,236.616892080772,237.05817683775444,236.51098804851765,236.7051544189453,83653600,0.0,0.0,0.0
2017-12-19 00:00:00-05:00,236.95227598464223,236.99639368737877,235.7254914155071,235.79611206054688,82382900,0.0,0.0,0.0
2017-12-20 00:00:00-05:00,236.76697000126134,236.81992202995434,235.37252168919562,235.67259216308594,76751500,0.0,0.0,0.0
2017-12-21 00:00:00-05:00,236.29918861872065,236.87288043625927,235.91085581941212,236.15797424316406,67032300,0.0,0.0,0.0
2017-12-22 00:00:00-05:00,236.17564996235862,236.21096029077958,235.55784041749172,236.09622192382812,78720900,0.0,0.0,0.0
2017-12-26 00:00:00-05:00,235.69016330936063,236.0343783267174,235.54897589770303,235.81373596191406,45244400,0.0,0.0,0.0
2017-12-27 00:00:00-05:00,235.98141880803297,236.2903234957088,235.65487242793168,235.928466796875,57751000,0.0,0.0,0.0
2017-12-28 00:00:00-05:00,236.43163958117609,236.45811559814857,236.0433067096507,236.41397094726562,45116100,0.0,0.0,0.0
2017-12-29 00:00:00-05:00,236.9964251271889,237.01406682384695,235.32838250775353,235.52252197265625,96007400,0.0,0.0,0.0
2018-01-02 00:00:00-05:00,236.38742296658933,237.24351649993596,235.99909021328455,237.2082061767578,86655700,0.0,0.0,0.0
2018-01-03 00:00:00-05:00,237.37595969941856,238.85869739465517,237.37595969941856,238.70864868164062,90070400,0.0,0.0,0.0
2018-01-04 00:00:00-05:00,239.35292230864192,240.20018171063953,238.7704230529277,239.71475219726562,80636400,0.0,0.0,0.0
2018-01-05 00:00:00-05:00,240.50906845436737,241.4357558307047,240.01483159580226,241.3122100830078,83524000,0.0,0.0,0.0
2018-01-08 00:00:00-05:00,241.21505186269243,241.91228926285174,240.9238157979525,241.75343322753906,57319200,0.0,0.0,0.0
2018-01-09 00:00:00-05:00,242.17705600864397,242.92724544128825,241.8946273154796,242.30062866210938,57254000,0.0,0.0,0.0
2018-01-10 00:00:00-05:00,241.5416293992104,242.1947491850902,240.87089485231098,241.92996215820312,69574300,0.0,0.0,0.0
2018-01-11 00:00:00-05:00,242.4859525414737,243.695068359375,242.31826219392283,243.695068359375,62361500,0.0,0.0,0.0
2018-01-12 00:00:00-05:00,243.95991323209685,245.45143115364405,243.65981585083966,245.2837677001953,90816100,0.0,0.0,0.0
2018-01-16 00:00:00-05:00,246.54580175761242,247.1988945861094,243.74804451742264,244.44528198242188,106555100,0.0,0.0,0.0
2018-01-17 00:00:00-05:00,245.38077494460876,247.16355547811466,244.44525351343543,246.7752227783203,113258800,0.0,0.0,0.0
2018-01-18 00:00:00-05:00,246.6606051530025,247.08422139827772,245.86627082532857,246.36053466796875,100728000,0.0,0.0,0.0
2018-01-19 00:00:00-05:00,246.94298750417806,247.4813690185547,246.3605152129224,247.4813690185547,140920100,0.0,0.0,0.0
2018-01-22 00:00:00-05:00,247.2695105887082,249.4935760498047,247.21653163912325,249.4935760498047,91322400,0.0,0.0,0.0
2018-01-23 00:00:00-05:00,249.53777906310137,250.31444480408723,249.21123254334435,250.02320861816406,97084700,0.0,0.0,0.0
2018-01-24 00:00:00-05:00,250.66736523701357,251.26753293215157,248.7433703021086,249.92601013183594,134816100,0.0,0.0,0.0
2018-01-25 00:00:00-05:00,250.7909910558432,250.88806078755948,249.23765987727975,250.03196716308594,84587300,0.0,0.0,0.0
2018-01-26 00:00:00-05:00,250.87041297873535,252.97093297114546,250.61446024898368,252.92678833007812,107743100,0.0,0.0,0.0
2018-01-29 00:00:00-05:00,252.35301317194015,252.79429778641935,251.09094563865978,251.2498016357422,90118300,0.0,0.0,0.0
2018-01-30 00:00:00-05:00,249.41411506549235,251.30279955496465,248.19616499755548,248.67276000976562,131796400,0.0,0.0,0.0
2018-01-31 00:00:00-05:00,249.52893463410672,250.03197888056295,247.71965063476534,248.79638671875,108364800,0.0,0.0,0.0
2018-02-01 00:00:00-05:00,248.06386956453446,249.82017463114113,247.7196544567067,248.5139617919922,90102500,0.0,0.0,0.0
2018-02-02 00:00:00-05:00,247.19012668525886,247.32253369645537,243.06854098644754,243.10385131835938,173174800,0.0,0.0,0.0
2018-02-05 00:00:00-05:00,241.33866417280788,243.4568257933746,232.3893956385142,232.93658447265625,294681800,0.0,0.0,0.0
2018-02-06 00:00:00-05:00,229.4151680867395,238.02905690677133,228.32079028658086,237.52598571777344,355026800,0.0,0.0,0.0
2018-02-07 00:00:00-05:00,236.96999362445217,240.3767001576002,236.15801754957462,236.2374725341797,167376100,0.0,0.0,0.0
2018-02-08 00:00:00-05:00,236.53749617573212,236.67871054920792,227.34110874054193,227.3764190673828,246449500,0.0,0.0,0.0
2018-02-09 00:00:00-05:00,230.1741825820839,232.65420145240842,223.21954203238906,230.7919921875,283565300,0.0,0.0,0.0
2018-02-12 00:00:00-05:00,232.84832629648855,235.65491810122614,230.9331653426996,234.18101501464844,143736000,0.0,0.0,0.0
2018-02-13 00:00:00-05:00,232.9718586060418,235.3106622598799,232.38935953744553,234.7634735107422,81223600,0.0,0.0,0.0
2018-02-14 00:00:00-05:00,233.27196422320154,238.29378730292595,233.26312990853194,237.9319305419922,120735700,0.0,0.0,0.0
2018-02-15 00:00:00-05:00,239.67947328561462,240.97685189446338,237.20826182719782,240.968017578125,111200300,0.0,0.0,0.0
2018-02-16 00:00:00-05:00,240.34131797251425,242.98902631022412,240.2971733398899,241.0385284423828,160420100,0.0,0.0,0.0
2018-02-20 00:00:00-05:00,240.08538100689185,241.53280792118028,238.73505074362706,239.52935791015625,86369700,0.0,0.0,0.0
2018-02-21 00:00:00-05:00,239.97069573102092,242.4595487459165,238.24086666276057,238.3379364013672,98883700,0.0,0.0,0.0
2018-02-22 00:00:00-05:00,239.26469076961476,240.98568580992938,237.97614633523298,238.64688110351562,110511300,0.0,0.0,0.0
2018-02-23 00:00:00-05:00,239.87356529065386,242.45065307617188,239.39697023239063,242.45065307617188,92766400,0.0,0.0,0.0
2018-02-26 00:00:00-05:00,243.5273589979862,245.3631183645133,242.9360526050061,245.26602172851562,86491400,0.0,0.0,0.0
2018-02-27 00:00:00-05:00,245.4514480773328,246.16635431857526,242.14181167888972,242.20359802246094,99099200,0.0,0.0,0.0
2018-02-28 00:00:00-05:00,243.30676950336124,243.75688859718798,239.43230314588934,239.75001525878906,121907800,0.0,0.0,0.0
2018-03-01 00:00:00-05:00,239.5382420133518,241.0915732815279,234.76353677396497,236.263916015625,176855100,0.0,0.0,0.0
2018-03-02 00:00:00-05:00,234.5869542232095,238.0466383946119,233.72205338077094,237.48178100585938,139083200,0.0,0.0,0.0
2018-03-05 00:00:00-05:00,236.29037062858703,240.84443303374246,236.18443965125945,240.22662353515625,97307400,0.0,0.0,0.0
2018-03-06 00:00:00-05:00,241.20618955206774,241.28564449438343,239.3351468629874,240.8355255126953,79213200,0.0,0.0,0.0
2018-03-07 00:00:00-05:00,238.66449355160728,241.10036743941063,238.47032715373496,240.74734497070312,87063500,0.0,0.0,0.0
2018-03-08 00:00:00-05:00,241.42687834910672,242.03585346486528,240.4295974286648,241.9123077392578,66901200,0.0,0.0,0.0
2018-03-09 00:00:00-05:00,243.3243862668211,246.1221160888672,243.00664728776303,246.1221160888672,113625300,0.0,0.0,0.0
2018-03-12 00:00:00-04:00,246.41341541099396,247.04003221511033,245.42491494557916,245.81324768066406,71924800,0.0,0.0,0.0
2018-03-13 00:00:00-04:00,246.97823706871617,247.4813081303732,243.61564954523217,244.22462463378906,91968900,0.0,0.0,0.0
2018-03-14 00:00:00-04:00,245.18666338902403,245.3719954672908,242.41540879449664,242.97140502929688,105895100,0.0,0.0,0.0
2018-03-15 00:00:00-04:00,243.48336129184472,244.1276200096309,242.20362430535255,242.70669555664062,83433000,0.0,0.0,0.0
2018-03-16 00:00:00-04:00,243.23562332206194,244.02426910631863,242.91663876332197,242.9698028564453,100343700,1.097,0.0,0.0
2018-03-19 00:00:00-04:00,242.21663029936443,243.147029053305,238.02534697466785,239.68235778808594,109208400,0.0,0.0,0.0
2018-03-20 00:00:00-04:00,240.08111138236328,240.72797728381647,239.40766343245355,240.08998107910156,59757300,0.0,0.0,0.0
2018-03-21 00:00:00-04:00,240.04563572825745,242.1456984724284,239.4165092829428,239.62916564941406,78709600,0.0,0.0,0.0
2018-03-22 00:00:00-04:00,237.39620316841305,238.2468557136502,233.36441243083055,233.63912963867188,148785900,0.0,0.0,0.0
2018-03-23 00:00:00-04:00,234.08219138810017,234.41004566160512,228.4642661719457,228.65921020507812,183534800,0.0,0.0,0.0
2018-03-26 00:00:00-04:00,232.27451147945092,235.19864468901096,229.86430683674024,234.9150848388672,141956100,0.0,0.0,0.0
2018-03-27 00:00:00-04:00,235.85435355482917,236.38599441154196,229.35919499054438,230.9187469482422,129941400,0.0,0.0,0.0
2018-03-28 00:00:00-04:00,231.05170861096565,232.72645880778725,229.128850278514,230.23648071289062,146452300,0.0,0.0,0.0
2018-03-29 00:00:00-04:00,231.37958433369798,235.0480696523385,230.2453717454646,233.17837524414062,111601600,0.0,0.0,0.0
2018-04-02 00:00:00-04:00,232.64666138999462,233.16061700140258,225.66416905309742,228.145263671875,186286300,0.0,0.0,0.0
2018-04-03 00:00:00-04:00,229.3857740003262,231.54787026154523,227.58698368089216,231.06936645507812,119956900,0.0,0.0,0.0
2018-04-04 00:00:00-04:00,227.50727326837983,234.25051384071205,227.3743630350943,233.54164123535156,123715300,0.0,0.0,0.0
2018-04-05 00:00:00-04:00,235.30502294632262,236.27090058152757,234.21513179314212,235.38479614257812,82652600,0.0,0.0,0.0
2018-04-06 00:00:00-04:00,233.417650690668,234.91514236208715,228.61495257919478,230.13905334472656,179521200,0.0,0.0,0.0
2018-04-09 00:00:00-04:00,231.60113926518753,234.6759231002873,230.33401626316382,231.27328491210938,105442900,0.0,0.0,0.0
2018-04-10 00:00:00-04:00,234.17080058178396,235.73922268005245,233.02774537327005,234.95057678222656,103529000,0.0,0.0,0.0
2018-04-11 00:00:00-04:00,233.46192474306693,235.3847831679727,233.39104829023276,233.71890258789062,91140200,0.0,0.0,0.0
2018-04-12 00:00:00-04:00,235.04801842018043,236.5898311382817,234.87078675618375,235.64169311523438,68890500,0.0,0.0,0.0
2018-04-13 00:00:00-04:00,236.95318138411224,237.068379283054,233.9404318256607,234.95057678222656,85079200,0.0,0.0,0.0
2018-04-16 00:00:00-04:00,236.58981492759767,237.65315075520957,235.7657445341628,236.88221740722656,63405300,0.0,0.0,0.0
2018-04-17 00:00:00-04:00,238.65447062768973,240.01907888660645,238.14054200749845,239.41653442382812,64682000,0.0,0.0,0.0
2018-04-18 00:00:00-04:00,239.8595093652578,240.40001986001624,239.1328975484597,239.59368896484375,57303900,0.0,0.0,0.0
2018-04-19 00:00:00-04:00,238.93805415715846,239.14186791110615,237.22787909716655,238.26463317871094,77655900,0.0,0.0,0.0
2018-04-20 00:00:00-04:00,238.19365688600757,238.4151829258213,235.35811275969027,236.2442169189453,99953100,0.0,0.0,0.0
2018-04-23 00:00:00-04:00,236.82024592274615,237.37849596326296,235.12778345007484,236.20883178710938,65558000,0.0,0.0,0.0
2018-04-24 00:00:00-04:00,237.23675183400707,237.45827794435982,231.52136737020135,233.0277557373047,112885500,0.0,0.0,0.0
2018-04-25 00:00:00-04:00,232.9656568528519,234.04670505103178,231.14028437683976,233.60365295410156,103840900,0.0,0.0,0.0
2018-04-26 00:00:00-04:00,234.63158567118472,236.811394867968,234.1885334824701,235.97845458984375,67731900,0.0,0.0,0.0
2018-04-27 00:00:00-04:00,236.58985449654583,236.89112672168028,235.26069801061018,236.19996643066406,57053600,0.0,0.0,0.0
2018-04-30 00:00:00-04:00,236.82024015591008,237.3784901828329,234.31254988286898,234.38345336914062,82182300,0.0,0.0,0.0
2018-05-01 00:00:00-04:00,233.81632172986846,234.90623968125524,232.25676961245424,234.79991149902344,74203400,0.0,0.0,0.0
2018-05-02 00:00:00-04:00,234.6050228048464,235.4202237553538,232.83281390507696,233.2227020263672,86368900,0.0,0.0,0.0
2018-05-03 00:00:00-04:00,232.3897251450331,233.36441825326074,229.54531083801862,232.70870971679688,136311500,0.0,0.0,0.0
2018-05-04 00:00:00-04:00,231.73398154608535,236.4037684079162,231.40612728920104,235.72145080566406,91222100,0.0,0.0,0.0
2018-05-07 00:00:00-04:00,236.49241514218292,237.49369039421902,235.80122775346544,236.5189971923828,55304900,0.0,0.0,0.0
2018-05-08 00:00:00-04:00,236.14682144782418,236.88227619786133,234.9505751053087,236.5189971923828,67499200,0.0,0.0,0.0
2018-05-09 00:00:00-04:00,237.19239839025408,239.1329690185073,236.66960008535708,238.80511474609375,59666100,0.0,0.0,0.0
2018-05-10 00:00:00-04:00,239.5493916852481,241.36592141036263,239.44306351436387,241.0380401611328,72063900,0.0,0.0,0.0
2018-05-11 00:00:00-04:00,241.1621454503227,242.0393800391095,240.64818982163953,241.7735595703125,59871500,0.0,0.0,0.0
2018-05-14 00:00:00-04:00,242.20771744034602,242.86342589134986,241.33932559412833,241.88873291015625,54790600,0.0,0.0,0.0
2018-05-15 00:00:00-04:00,240.65714402453165,240.6748563814189,239.27482301787225,240.22296142578125,87036100,0.0,0.0,0.0
2018-05-16 00:00:00-04:00,240.25833910472377,241.6938237812216,240.2317300149477,241.2330322265625,53942600,0.0,0.0,0.0
2018-05-17 00:00:00-04:00,240.96721730457352,242.11029947923785,240.24947494976902,241.0292510986328,56536400,0.0,0.0,0.0
2018-05-18 00:00:00-04:00,240.6836593518876,241.04696538059724,240.07224518671268,240.4266815185547,64368000,0.0,0.0,0.0
2018-05-21 00:00:00-04:00,241.91531417689004,242.7748363250333,241.525426168964,242.2342987060547,58025900,0.0,0.0,0.0
2018-05-22 00:00:00-04:00,242.75717479628528,243.01415266614904,241.23307401512244,241.56092834472656,52966400,0.0,0.0,0.0
2018-05-23 00:00:00-04:00,240.2849202853492,242.25207295686752,240.12540095605803,242.2254638671875,64694200,0.0,0.0,0.0
2018-05-24 00:00:00-04:00,241.8267183189946,242.1014084779323,239.939311906983,241.72923278808594,76043800,0.0,0.0,0.0
2018-05-25 00:00:00-04:00,241.15330505371094,241.7824316008058,240.64821905987307,241.15330505371094,56374800,0.0,0.0,0.0
2018-05-29 00:00:00-04:00,239.52285815299538,240.28492193492724,237.2633029388205,238.37977600097656,115908600,0.0,0.0,0.0
2018-05-30 00:00:00-04:00,239.69126087946515,242.0039805829511,239.62038441972476,241.56092834472656,69678400,0.0,0.0,0.0
2018-05-31 00:00:00-04:00,241.15330974573047,241.45458200008494,239.47858647273637,240.0811309814453,93519900,0.0,0.0,0.0
2018-06-01 00:00:00-04:00,241.38370497807728,242.7394436403648,241.31280148206613,242.43817138671875,71258400,0.0,0.0,0.0
2018-06-04 00:00:00-04:00,243.2622031212298,243.8470351819398,243.02296470438506,243.59005737304688,45385200,0.0,0.0,0.0
2018-06-05 00:00:00-04:00,243.72301253783957,244.14835239906947,242.95210601079128,243.767333984375,51135000,0.0,0.0,0.0
2018-06-06 00:00:00-04:00,244.37868308016797,245.91162602809453,243.75839932805928,245.8052978515625,62732200,0.0,0.0,0.0
2018-06-07 00:00:00-04:00,246.29276436335508,246.58516695920585,244.86612201162114,245.77880859375,72969400,0.0,0.0,0.0
2018-06-08 00:00:00-04:00,245.3179185842559,246.5584588809673,245.14955664665754,246.5052947998047,72139700,0.0,0.0,0.0
2018-06-11 00:00:00-04:00,246.72687798979436,247.55094848051766,246.61168010666512,246.8332061767578,58892500,0.0,0.0,0.0
2018-06-12 00:00:00-04:00,247.24964964241113,247.51547008119195,246.50532537207116,247.15219116210938,72329000,0.0,0.0,0.0
2018-06-13 00:00:00-04:00,247.3915166636087,247.6484945394146,246.15981843281781,246.36363220214844,79070600,0.0,0.0,0.0
2018-06-14 00:00:00-04:00,247.2319184960537,247.5154512619443,246.3901087676633,246.9838104248047,77097600,0.0,0.0,0.0
2018-06-15 00:00:00-04:00,246.1969887371106,247.00696761060067,245.08438487185177,246.66873168945312,120041600,1.246,0.0,0.0
2018-06-18 00:00:00-04:00,245.2090271278656,246.28604742347036,244.72840172785473,246.1614227294922,52917600,0.0,0.0,0.0
2018-06-19 00:00:00-04:00,243.8828163770063,245.44046210204192,243.46447615289787,245.2179412841797,97531500,0.0,0.0,0.0
2018-06-20 00:00:00-04:00,245.903320906308,246.30386928491558,245.29807073866021,245.6363067626953,53785500,0.0,0.0,0.0
2018-06-21 00:00:00-04:00,245.62736455520744,245.64518360453644,243.59797584420312,244.09642028808594,71061400,0.0,0.0,0.0
2018-06-22 00:00:00-04:00,245.3603007243365,245.47601586878525,244.31889158747708,244.54141235351562,54898500,0.0,0.0,0.0
2018-06-25 00:00:00-04:00,243.38436018230868,243.54456864427982,239.52140223007044,241.21255493164062,137854200,0.0,0.0,0.0
2018-06-26 00:00:00-04:00,241.78220822295523,242.60106953774658,241.02563208678848,241.74659729003906,68547400,0.0,0.0,0.0
2018-06-27 00:00:00-04:00,242.3340416521081,243.76706245299874,239.59257040048385,239.743896484375,105110700,0.0,0.0,0.0
2018-06-28 00:00:00-04:00,239.6904704619838,241.8800671439631,238.9783877290621,241.11460876464844,76650500,0.0,0.0,0.0
2018-06-29 00:00:00-04:00,242.2094893026043,243.5802253377367,241.34610732220912,241.46182250976562,97592500,0.0,0.0,0.0
2018-07-02 00:00:00-04:00,239.8862928597607,242.1382019025196,239.64595305046151,241.97796630859375,63554800,0.0,0.0,0.0
2018-07-03 00:00:00-04:00,242.87709237771588,242.97501569244608,240.696403992181,241.12362670898438,42187100,0.0,0.0,0.0
2018-07-05 00:00:00-04:00,242.25399910080768,243.15296481994318,241.17697868190083,243.0906524658203,56925900,0.0,0.0,0.0
2018-07-06 00:00:00-04:00,243.11737015768867,245.52057881482605,242.73461368749187,245.14675903320312,66493700,0.0,0.0,0.0
2018-07-09 00:00:00-04:00,246.1524474360648,247.40746774936116,246.10795415049503,247.35406494140625,50550400,0.0,0.0,0.0
2018-07-10 00:00:00-04:00,247.80814573969167,248.34220126208288,247.51440297894,248.24427795410156,51966800,0.0,0.0,0.0
2018-07-11 00:00:00-04:00,246.68658330301818,247.47877048522207,246.12582647304228,246.42845153808594,77054700,0.0,0.0,0.0
2018-07-12 00:00:00-04:00,247.69240999990564,248.71600048774124,247.08715980087814,248.66259765625,60124700,0.0,0.0,0.0
2018-07-13 00:00:00-04:00,248.48456340921584,249.16100823698338,248.03061224021403,248.85838317871094,48216000,0.0,0.0,0.0
2018-07-16 00:00:00-04:00,248.90289026893112,249.04527968372676,248.1908073790288,248.63584899902344,48201000,0.0,0.0,0.0
2018-07-17 00:00:00-04:00,247.86151115933035,250.03331670286568,247.80810833147197,249.6416778564453,52315500,0.0,0.0,0.0
2018-07-18 00:00:00-04:00,249.7217369705986,250.2735842008689,249.27669537674407,250.16677856445312,44593500,0.0,0.0,0.0
2018-07-19 00:00:00-04:00,249.49926656637274,249.88199589522554,248.74269027137362,249.2233428955078,61412100,0.0,0.0,0.0
2018-07-20 00:00:00-04:00,249.01856553162912,249.65054415717842,248.77825284787454,248.93846130371094,82337700,0.0,0.0,0.0
2018-07-23 00:00:00-04:00,248.7337590167381,249.6060231609765,248.38661353332483,249.4013214111328,47047600,0.0,0.0,0.0
2018-07-24 00:00:00-04:00,250.8166077255917,251.50196216165705,249.78410772680925,250.6563720703125,68026900,0.0,0.0,0.0
2018-07-25 00:00:00-04:00,250.40711296868352,253.11297369973812,250.36261967071164,252.7925567626953,78882900,0.0,0.0,0.0
2018-07-26 00:00:00-04:00,252.0715084658376,252.88146006653778,251.9735852140929,252.19610595703125,57919500,0.0,0.0,0.0
2018-07-27 00:00:00-04:00,252.5254378509468,252.62336110483997,249.56147344177546,250.48716735839844,76768700,0.0,0.0,0.0
2018-07-30 00:00:00-04:00,250.5673301079814,250.72753856467907,248.65362949908604,249.17880249023438,63742500,0.0,0.0,0.0
2018-07-31 00:00:00-04:00,249.94436237235746,251.02135587452932,249.5616329606295,250.40719604492188,68570500,0.0,0.0,0.0
2018-08-01 00:00:00-04:00,250.6117927834934,251.1191466642323,249.33898048326517,249.9887237548828,53853300,0.0,0.0,0.0
2018-08-02 00:00:00-04:00,248.6803818607328,251.51972254776774,248.47565292657882,251.3506317138672,63426400,0.0,0.0,0.0
2018-08-03 00:00:00-04:00,251.4752015174743,252.48099986401726,251.2971740149561,252.42759704589844,53935400,0.0,0.0,0.0
2018-08-06 00:00:00-04:00,252.46329480356576,253.66488578766084,252.071655893884,253.35337829589844,39400900,0.0,0.0,0.0
2018-08-07 00:00:00-04:00,254.0209115875223,254.57275894294497,253.8873773485354,254.19000244140625,43196600,0.0,0.0,0.0
2018-08-08 00:00:00-04:00,254.0208599610143,254.48369345077717,253.6203116518387,254.08314514160156,42114600,0.0,0.0,0.0
2018-08-09 00:00:00-04:00,254.1454841800996,254.5371230061063,253.60254640410975,253.73605346679688,35717000,0.0,0.0,0.0
2018-08-10 00:00:00-04:00,252.29409670237354,252.83703442206476,251.3238821000155,252.0359649658203,77076000,0.0,0.0,0.0
2018-08-13 00:00:00-04:00,252.31193919285616,252.926098903899,250.79878656732095,251.092529296875,65732900,0.0,0.0,0.0
2018-08-14 00:00:00-04:00,251.82236166562507,252.9349657132084,251.43072286782095,252.6946258544922,43842000,0.0,0.0,0.0
2018-08-15 00:00:00-04:00,251.34171835899366,251.48413494190643,249.36573241125578,250.8076629638672,102925400,0.0,0.0,0.0
2018-08-16 00:00:00-04:00,252.24962362075001,253.7093733974278,252.21401267997547,252.8370819091797,69967900,0.0,0.0,0.0
2018-08-17 00:00:00-04:00,252.63236048641033,254.1722145533527,252.22292972645653,253.7271728515625,65618500,0.0,0.0,0.0
2018-08-20 00:00:00-04:00,254.18097529278077,254.53700301317133,253.7270243304578,254.26998901367188,39807500,0.0,0.0,0.0
2018-08-21 00:00:00-04:00,254.78628982278084,255.72977574479066,254.30563733847256,254.86639404296875,67272000,0.0,0.0,0.0
2018-08-22 00:00:00-04:00,254.45700192076364,255.24027952091583,254.18996064988363,254.7151336669922,44993300,0.0,0.0,0.0
2018-08-23 00:00:00-04:00,254.53711581933393,255.4004976845823,254.05646324404464,254.3769073486328,49204900,0.0,0.0,0.0
2018-08-24 00:00:00-04:00,254.95547174739897,256.0502840243187,254.90206892054314,255.90786743164062,57487400,0.0,0.0,0.0
2018-08-27 00:00:00-04:00,257.10951695747235,258.0352114398392,256.9493084402917,257.92840576171875,57072400,0.0,0.0,0.0
2018-08-28 00:00:00-04:00,258.3912179313917,258.49805076382086,257.59014824891807,258.0530090332031,46943500,0.0,0.0,0.0
2018-08-29 00:00:00-04:00,258.26652053376785,259.67283990707574,258.0262078708807,259.4414367675781,61485500,0.0,0.0,0.0
2018-08-30 00:00:00-04:00,258.96096301320927,259.3347829690438,257.7949554980113,258.39129638671875,61229500,0.0,0.0,0.0
2018-08-31 00:00:00-04:00,257.98174520392143,258.84512710748453,257.49221024510393,258.40008544921875,66140800,0.0,0.0,0.0
2018-09-04 00:00:00-04:00,257.98174902078534,258.3110755066645,256.9492490987504,257.9550476074219,57594400,0.0,0.0,0.0
2018-09-05 00:00:00-04:00,257.59903925972424,257.8037682198416,256.2461222746419,257.26080322265625,72452400,0.0,0.0,0.0
2018-09-06 00:00:00-04:00,257.3674710064203,257.6700959397817,255.45379816015523,256.4862976074219,65909900,0.0,0.0,0.0
2018-09-07 00:00:00-04:00,255.4361591968829,256.96710382302723,255.19581928005874,255.98800659179688,73524800,0.0,0.0,0.0
2018-09-10 00:00:00-04:00,257.0026837101944,257.2697250400433,256.23722499031425,256.43304443359375,50210900,0.0,0.0,0.0
2018-09-11 00:00:00-04:00,255.78314002247188,257.7235143876172,255.43602178728707,257.2784729003906,50530500,0.0,0.0,0.0
2018-09-12 00:00:00-04:00,257.2874480110514,257.94610088783645,256.54869090572635,257.3408508300781,59810800,0.0,0.0,0.0
2018-09-13 00:00:00-04:00,258.40902148960026,259.0498826297883,258.1241882799189,258.8629455566406,51034200,0.0,0.0,0.0
2018-09-14 00:00:00-04:00,259.06764866380735,259.2545585551112,258.1241625186905,258.9074401855469,55079900,0.0,0.0,0.0
2018-09-17 00:00:00-04:00,258.8539844328915,258.88956820088225,257.26072801190054,257.5366516113281,68244000,0.0,0.0,0.0
2018-09-18 00:00:00-04:00,257.7502866559466,259.53045309429,257.7235852458988,258.9341125488281,61930400,0.0,0.0,0.0
2018-09-19 00:00:00-04:00,258.9875316714344,259.62839271610574,258.8629069745772,259.2100524902344,49080600,0.0,0.0,0.0
2018-09-20 00:00:00-04:00,260.4739851313449,261.63108253466294,259.2278468038501,261.3106384277344,100360600,0.0,0.0,0.0
2018-09-21 00:00:00-04:00,262.0554286185444,262.17166760900335,260.91096571318764,261.0718994140625,105479700,1.323,0.0,0.0
2018-09-24 00:00:00-04:00,260.4907429214773,260.6338042015519,259.6234526702526,260.2046203613281,53409600,0.0,0.0,0.0
2018-09-25 00:00:00-04:00,260.6606330223676,260.7679221635766,259.7218257506392,259.9632263183594,44370000,0.0,0.0,0.0
2018-09-26 00:00:00-04:00,260.1062374002069,261.2953948672929,258.76506882164716,259.185302734375,79739700,0.0,0.0,0.0
2018-09-27 00:00:00-04:00,259.6592564844633,261.00042545183766,259.38208374743147,259.90960693359375,59249500,0.0,0.0,0.0
2018-09-28 00:00:00-04:00,259.28365894238004,260.4370716354318,259.2479140906401,259.9363708496094,70091400,0.0,0.0,0.0
2018-10-01 00:00:00-04:00,261.1792174052863,261.9123962829214,260.16889309184404,260.8394775390625,62078900,0.0,0.0,0.0
2018-10-02 00:00:00-04:00,260.6874084472656,261.40268745084893,260.3118965205351,260.6874084472656,47258200,0.0,0.0,0.0
2018-10-03 00:00:00-04:00,261.7425209425706,262.16275496749637,260.4728962961323,260.8305358886719,64694600,0.0,0.0,0.0
2018-10-04 00:00:00-04:00,260.34770891371056,260.40135348858934,257.20044228083,258.7919616699219,111545900,0.0,0.0,0.0
2018-10-05 00:00:00-04:00,259.0153692622057,259.53394234003525,255.91279879050802,257.3433837890625,105951700,0.0,0.0,0.0
2018-10-08 00:00:00-04:00,256.6548999216699,257.70102321716627,255.2690369054655,257.3433837890625,87742200,0.0,0.0,0.0
2018-10-09 00:00:00-04:00,256.95897293848816,258.2732919574935,256.4046003361561,256.9678955078125,74339000,0.0,0.0,0.0
2018-10-10 00:00:00-04:00,256.45824425327055,256.5297885245541,248.45595475207233,248.8314666748047,214731000,0.0,0.0,0.0
2018-10-11 00:00:00-04:00,247.7407004483755,249.3679918846898,241.7322628487269,243.3506317138672,274840500,0.0,0.0,0.0
2018-10-12 00:00:00-04:00,247.46354407902155,247.74966667079758,243.5294539436337,246.7303924560547,183186500,0.0,0.0,0.0
2018-10-15 00:00:00-04:00,246.3726451236247,247.7048910688635,245.2550046952175,245.34442138671875,102263700,0.0,0.0,0.0
2018-10-16 00:00:00-04:00,247.31161072432187,251.08476790480333,246.8377320225955,250.709228515625,118255800,0.0,0.0,0.0
2018-10-17 00:00:00-04:00,250.74491061710347,251.37972284928375,248.169862262265,250.7538604736328,110626000,0.0,0.0,0.0
2018-10-18 00:00:00-04:00,249.81495081728673,250.41401801539985,245.85404019954618,247.1326141357422,134557500,0.0,0.0,0.0
2018-10-19 00:00:00-04:00,247.7853430777586,249.72555146513008,246.30111340331376,246.99851989746094,139901600,0.0,0.0,0.0
2018-10-22 00:00:00-04:00,247.6692138669491,247.9910813363538,245.35346528599732,245.8899383544922,82415800,0.0,0.0,0.0
2018-10-23 00:00:00-04:00,242.2597769582443,245.76468244896247,240.16752983315837,244.63809204101562,146352700,0.0,0.0,0.0
2018-10-24 00:00:00-04:00,244.38779095454666,244.77228011946502,236.67162194739538,237.22596740722656,177806700,0.0,0.0,0.0
2018-10-25 00:00:00-04:00,239.0678155870735,243.028727595172,238.03959162211592,241.48190307617188,138061500,0.0,0.0,0.0
2018-10-26 00:00:00-04:00,237.762444266093,242.30452445288213,234.51681103033093,237.23489379882812,201574600,0.0,0.0,0.0
2018-10-29 00:00:00-04:00,240.3374350095364,241.63390908095198,232.3351443089795,235.92051696777344,160749100,0.0,0.0,0.0
2018-10-30 00:00:00-04:00,235.75063428780575,239.7294181935654,235.25885608407432,239.41647338867188,157116000,0.0,0.0,0.0
2018-10-31 00:00:00-04:00,241.9915204966383,244.29834581553112,241.51764200650072,241.97364807128906,128296300,0.0,0.0,0.0
2018-11-01 00:00:00-04:00,242.8410389063971,244.74550351241314,241.75022021256504,244.54879760742188,99495000,0.0,0.0,0.0
2018-11-02 00:00:00-04:00,245.65738336727543,246.0865671448511,241.04376008138152,243.10023498535156,122634100,0.0,0.0,0.0
2018-11-05 00:00:00-05:00,243.59201895276846,244.9957821683386,242.61743957302042,244.44143676757812,65622500,0.0,0.0,0.0
2018-11-06 00:00:00-05:00,244.37888930713245,246.14921498705596,244.31629486955933,245.98828125,60085900,0.0,0.0,0.0
2018-11-07 00:00:00-05:00,248.1697578380297,251.33492238286783,247.74057419743144,251.25445556640625,102752100,0.0,0.0,0.0
2018-11-08 00:00:00-05:00,250.44983649831565,251.44231555109874,249.6540905709433,250.79855346679688,65584900,0.0,0.0,0.0
2018-11-09 00:00:00-05:00,249.48420688645697,249.6719628691552,246.93598083381823,248.34869384765625,98812600,0.0,0.0,0.0
2018-11-12 00:00:00-05:00,247.8390783938713,248.08047897735392,243.1896818727975,243.70828247070312,99673600,0.0,0.0,0.0
2018-11-13 00:00:00-05:00,244.1731778197723,246.17598107564794,242.52801410442473,243.2522430419922,98176600,0.0,0.0,0.0
2018-11-14 00:00:00-05:00,245.12997355414964,245.53230795071408,240.02459700147503,241.58929443359375,125335900,0.0,0.0,0.0
2018-11-15 00:00:00-05:00,240.31955224551874,244.57553639893263,238.73698297259307,244.11058044433594,135101400,0.0,0.0,0.0
2018-11-16 00:00:00-05:00,243.01081164387313,245.65737665120517,242.4922111827125,244.74539184570312,126668000,0.0,0.0,0.0
2018-11-19 00:00:00-05:00,244.13741042282746,244.43248283195283,239.68474757737542,240.60568237304688,103061700,0.0,0.0,0.0
2018-11-20 00:00:00-05:00,237.26164470552388,238.72800208534477,235.28566401377674,236.1529541015625,136021300,0.0,0.0,0.0
2018-11-21 00:00:00-05:00,237.70873861136033,238.86215138841197,236.9487648074181,236.9576873779297,75563700,0.0,0.0,0.0
2018-11-23 00:00:00-05:00,235.31252764492294,236.7788852824275,235.21418836458116,235.3751220703125,42807900,0.0,0.0,0.0
2018-11-26 00:00:00-05:00,237.63725032890477,239.39865327639,237.24383859441,239.1751251220703,79981400,0.0,0.0,0.0
2018-11-27 00:00:00-05:00,238.1378974527973,239.97976684570312,237.52990755897596,239.97976684570312,75502400,0.0,0.0,0.0
2018-11-28 00:00:00-05:00,241.052708799303,245.50537109375,239.91716858674718,245.50537109375,127629600,0.0,0.0,0.0
2018-11-29 00:00:00-05:00,244.72753577402182,246.37269957389393,243.58307281384342,244.96896362304688,82346400,0.0,0.0,0.0
2018-11-30 00:00:00-05:00,244.81696380957584,247.02542297779553,244.4950963775198,246.46212768554688,98204200,0.0,0.0,0.0
2018-12-03 00:00:00-05:00,250.60190248655158,250.7091916430638,248.1252201698814,249.7256622314453,103176300,0.0,0.0,0.0
2018-12-04 00:00:00-05:00,248.89414765940813,249.3233315779515,241.32101200729315,241.6339569091797,177986000,0.0,0.0,0.0
2018-12-06 00:00:00-05:00,237.7624279703183,241.38357298491903,234.65090638603704,241.267333984375,204185400,0.0,0.0,0.0
2018-12-07 00:00:00-05:00,240.92754809263727,242.50119483388949,234.82077168595902,235.66123962402344,161018900,0.0,0.0,0.0
2018-12-10 00:00:00-05:00,235.4823563139131,237.0828249997734,231.23532281264661,236.10824584960938,151445900,0.0,0.0,0.0
2018-12-11 00:00:00-05:00,239.31812667035345,239.505882632987,234.68663101776033,236.1619110107422,121504400,0.0,0.0,0.0
2018-12-12 00:00:00-05:00,239.14827965442737,240.51627073481885,237.27063788291088,237.35110473632812,97976700,0.0,0.0,0.0
2018-12-13 00:00:00-05:00,238.2988997758598,239.1661901600829,236.1530348179723,237.2706756591797,96662700,0.0,0.0,0.0
2018-12-14 00:00:00-05:00,235.11585816595442,236.07256526381167,232.33518088204497,232.8895263671875,116961100,0.0,0.0,0.0
2018-12-17 00:00:00-05:00,231.93276494932454,233.0504055160485,226.68432921377234,228.320556640625,165492300,0.0,0.0,0.0
2018-12-18 00:00:00-05:00,229.9657641335184,230.63634856164552,226.46083084993458,228.0702362060547,134515100,0.0,0.0,0.0
2018-12-19 00:00:00-05:00,228.15064563222407,231.93273703475887,222.9469188742568,224.6546630859375,214992800,0.0,0.0,0.0
2018-12-20 00:00:00-05:00,223.4029831602598,224.97661648377036,218.7446503365998,220.99781799316406,252053400,0.0,0.0,0.0
2018-12-21 00:00:00-05:00,221.90161864812129,224.5726410343925,215.8221135995942,216.46963500976562,255345600,1.435,0.0,0.0
2018-12-24 00:00:00-05:00,214.97674401567878,216.5955475889452,210.6869316999535,210.7498779296875,147311600,0.0,0.0,0.0
2018-12-26 00:00:00-05:00,212.21584818191462,221.39804077148438,210.2283139748338,221.39804077148438,218485400,0.0,0.0,0.0
2018-12-27 00:00:00-05:00,218.1514267023896,223.29560389096244,214.90483083412101,223.09776306152344,186267300,0.0,0.0,0.0
2018-12-28 00:00:00-05:00,224.4557650468719,226.09254567203507,221.6408454402614,222.8099822998047,153100200,0.0,0.0,0.0
2018-12-31 00:00:00-05:00,224.43772916822454,225.00431382380472,222.55812491820467,224.76148986816406,144299400,0.0,0.0,0.0
2019-01-02 00:00:00-05:00,221.2181314723181,225.92165727958226,221.19115255526074,224.99533081054688,126925200,0.0,0.0,0.0
2019-01-03 00:00:00-05:00,223.24159321376862,223.54737709106138,219.14063387141456,219.62628173828125,144140700,0.0,0.0,0.0
2019-01-04 00:00:00-05:00,222.66605925941474,227.63038583409028,222.28834069825123,226.9828643798828,142628800,0.0,0.0,0.0
2019-01-07 00:00:00-05:00,227.25263059368558,230.1844534606042,226.35329691052422,228.7725067138672,103139100,0.0,0.0,0.0
2019-01-08 00:00:00-05:00,230.9668886701133,231.407553402941,228.43076103547978,230.92190551757812,102512600,0.0,0.0,0.0
2019-01-09 00:00:00-05:00,231.63239901853396,232.84650507308868,230.40031616931114,232.00112915039062,95006600,0.0,0.0,0.0
2019-01-10 00:00:00-05:00,230.46328417988147,233.07134666335935,229.77978172175344,232.8195343017578,96823900,0.0,0.0,0.0
2019-01-11 00:00:00-05:00,231.74027368977139,232.93640273809945,231.15571234333618,232.909423828125,73858100,0.0,0.0,0.0
2019-01-14 00:00:00-05:00,231.00287743131474,232.29792035914826,230.5981936697985,231.488525390625,70908200,0.0,0.0,0.0
2019-01-15 00:00:00-05:00,231.86625752451133,234.45634337843924,231.8572554035423,234.14157104492188,85208300,0.0,0.0,0.0
2019-01-16 00:00:00-05:00,234.5732231151311,235.59847682156547,234.36639390612345,234.70814514160156,77636700,0.0,0.0,0.0
2019-01-17 00:00:00-05:00,233.83576681178585,237.3521649127297,233.79078365897607,236.48878479003906,96118400,0.0,0.0,0.0
2019-01-18 00:00:00-05:00,238.3055236840107,240.10419161218366,236.52483255474147,239.6365203857422,127900300,0.0,0.0,0.0
2019-01-22 00:00:00-05:00,238.1616094645753,238.37744081754613,234.7801052254057,236.39889526367188,115531200,0.0,0.0,0.0
2019-01-23 00:00:00-05:00,237.43311465599373,238.13459389066648,234.4203410722178,236.8935089111328,86030300,0.0,0.0,0.0
2019-01-24 00:00:00-05:00,236.71366946300836,237.60402869194115,235.697417759025,237.01943969726562,59204100,0.0,0.0,0.0
2019-01-25 00:00:00-05:00,238.87204929051913,239.85234733316568,237.11836476084255,239.0249481201172,96883400,0.0,0.0,0.0
2019-01-28 00:00:00-05:00,236.8755790813207,237.27126076414916,235.43663929155764,237.2083282470703,85613700,0.0,0.0,0.0
2019-01-29 00:00:00-05:00,237.35217791108784,237.91873512542915,236.05713510161692,236.8935089111328,66136300,0.0,0.0,0.0
2019-01-30 00:00:00-05:00,238.4134074259688,241.48911380158674,237.64896816981542,240.64373779296875,92473700,0.0,0.0,0.0
2019-01-31 00:00:00-05:00,240.58081427626428,243.2428348680821,240.36495548279828,242.75718688964844,104012100,0.0,0.0,0.0
2019-02-01 00:00:00-05:00,242.95496016591494,243.89927688838782,242.08260549902155,242.8740234375,85782500,0.0,0.0,0.0
2019-02-04 00:00:00-05:00,242.91902129534296,244.64575413764086,242.2445209960135,244.58279418945312,60744800,0.0,0.0,0.0
2019-02-05 00:00:00-05:00,245.01454481693963,245.91387877165005,244.51091999794136,245.6081085205078,79552800,0.0,0.0,0.0
2019-02-06 00:00:00-05:00,245.3291780858152,245.8238005022518,244.54676238013462,245.28419494628906,58347800,0.0,0.0,0.0
2019-02-07 00:00:00-05:00,243.6655468926938,244.21412743800164,241.2823173723914,242.9460906982422,95482000,0.0,0.0,0.0
2019-02-08 00:00:00-05:00,241.6959730438404,243.3417419191554,240.86857382289284,243.24282836914062,75788900,0.0,0.0,0.0
2019-02-11 00:00:00-05:00,243.89934505400134,244.16013210328512,242.8471123995612,243.37771606445312,68021400,0.0,0.0,0.0
2019-02-12 00:00:00-05:00,244.99654147816,246.88512062206982,244.92457940010192,246.50741577148438,72270200,0.0,0.0,0.0
2019-02-13 00:00:00-05:00,247.34376606977534,248.15316097500127,246.92107809936454,247.3077850341797,65277200,0.0,0.0,0.0
2019-02-14 00:00:00-05:00,246.2195496293394,247.89232438149514,245.40115276746258,246.7591552734375,83234400,0.0,0.0,0.0
2019-02-15 00:00:00-05:00,248.5399061559804,249.48422322863254,248.33307692182726,249.4482421875,97088700,0.0,0.0,0.0
2019-02-19 00:00:00-05:00,248.64778480794163,250.53636357257403,248.63878268861941,249.87986755371094,59120800,0.0,0.0,0.0
2019-02-20 00:00:00-05:00,249.8439391131867,250.8422139760838,249.34031434387538,250.383544921875,76610800,0.0,0.0,0.0
2019-02-21 00:00:00-05:00,249.74499167177422,250.10471968025473,248.53088562835066,249.49317932128906,64214700,0.0,0.0,0.0
2019-02-22 00:00:00-05:00,250.11374454903205,251.23791195456795,249.4752251474258,251.0400848388672,78114600,0.0,0.0,0.0
2019-02-25 00:00:00-05:00,252.46994259092443,252.99154402601482,251.30079239184968,251.38172912597656,69030700,0.0,0.0,0.0
2019-02-26 00:00:00-05:00,251.03108968600662,252.0832950373225,250.8242329972678,251.20196533203125,56844100,0.0,0.0,0.0
2019-02-27 00:00:00-05:00,250.4823654451603,251.4446589112885,249.5470783326534,251.09393310546875,56921600,0.0,0.0,0.0
2019-02-28 00:00:00-05:00,250.87812459738245,251.31881677916292,250.3025652933955,250.62631225585938,69268300,0.0,0.0,0.0
2019-03-01 00:00:00-05:00,252.20916942231707,252.60487848423682,250.752253078653,252.19119262695312,78880500,0.0,0.0,0.0
2019-03-04 00:00:00-05:00,253.25239475665288,253.49520499382757,248.9715572350569,251.2738494873047,106494600,0.0,0.0,0.0
2019-03-05 00:00:00-05:00,251.3997083648344,251.59756284374268,250.38345706160013,250.93203735351562,59114600,0.0,0.0,0.0
2019-03-06 00:00:00-05:00,251.04902555326564,251.05802767384998,249.0884844501514,249.4122314453125,75039800,0.0,0.0,0.0
2019-03-07 00:00:00-05:00,248.96258773779974,249.1064844531069,246.4804448738546,247.32582092285156,94885100,0.0,0.0,0.0
2019-03-08 00:00:00-05:00,245.46425979487407,247.00211347341804,244.99661592735475,246.83123779296875,85795800,0.0,0.0,0.0
2019-03-11 00:00:00-04:00,247.55058703168962,250.57233489439366,247.5236081202542,250.41046142578125,65098900,0.0,0.0,0.0
2019-03-12 00:00:00-04:00,250.96809041253124,251.87642634170248,250.77923799747722,251.35479736328125,79667500,0.0,0.0,0.0
2019-03-13 00:00:00-04:00,252.24517125831704,253.9539001054213,252.08327030473492,253.01858520507812,80639200,0.0,0.0,0.0
2019-03-14 00:00:00-04:00,253.04560294335937,253.46829102076933,252.41608561126714,252.85675048828125,67518400,0.0,0.0,0.0
2019-03-15 00:00:00-04:00,253.4104905561254,254.9189783852875,253.2207786808231,254.10601806640625,81309000,1.233,0.0,0.0
2019-03-18 00:00:00-04:00,254.3227745357008,255.32544662896362,254.0969507161641,255.02734375,62199800,0.0,0.0,0.0
2019-03-19 00:00:00-04:00,256.093232927255,256.8610118000077,254.1963074795049,255.09056091308594,90268100,0.0,0.0,0.0
2019-03-20 00:00:00-04:00,254.87377831574292,256.0841905823107,253.21171844673714,254.32275390625,84609200,0.0,0.0,0.0
2019-03-21 00:00:00-04:00,253.50071725723708,257.60165663220636,253.4555359682626,257.1951904296875,79550400,0.0,0.0,0.0
2019-03-22 00:00:00-04:00,255.831230227211,256.3551292373743,252.18191043439597,252.24514770507812,122659300,0.0,0.0,0.0
2019-03-25 00:00:00-04:00,251.90187815664035,253.09423420057936,250.7908429230222,252.05545043945312,85575200,0.0,0.0,0.0
2019-03-26 00:00:00-04:00,253.8168781409398,254.8918015017538,252.5251727800888,253.93431091308594,68125900,0.0,0.0,0.0
2019-03-27 00:00:00-04:00,253.9252636536454,254.51242750168765,251.05279194971584,252.60646057128906,72224700,0.0,0.0,0.0
2019-03-28 00:00:00-04:00,253.23882231158882,254.01564297466558,252.08260552410025,253.56399536132812,56238500,0.0,0.0,0.0
2019-03-29 00:00:00-04:00,255.08157904349292,255.48804539829396,253.95245989173637,255.16287231445312,82186800,0.0,0.0,0.0
2019-04-01 00:00:00-04:00,257.1681120041534,258.48691505981185,256.8971069490714,258.1888122558594,77617900,0.0,0.0,0.0
2019-04-02 00:00:00-04:00,258.37854489177516,258.5501731705819,257.5204034977414,258.3153076171875,40070400,0.0,0.0,0.0
2019-04-03 00:00:00-04:00,259.5347618568044,259.9322139170012,258.11658189502833,258.7218017578125,68243200,0.0,0.0,0.0
2019-04-04 00:00:00-04:00,259.04695165577573,259.6611856698603,258.35142439568375,259.40826416015625,48997500,0.0,0.0,0.0
2019-04-05 00:00:00-04:00,260.07668218212996,260.7180138485747,259.78762119548315,260.663818359375,58621700,0.0,0.0,0.0
2019-04-08 00:00:00-04:00,260.23930356989985,260.97097033864685,259.57988827432314,260.8625793457031,53566300,0.0,0.0,0.0
2019-04-09 00:00:00-04:00,259.8961111974934,260.22128425658633,258.97475996368,259.5257568359375,66142300,0.0,0.0,0.0
2019-04-10 00:00:00-04:00,259.94131000445185,260.5013763139712,259.525801834772,260.4110412597656,52601500,0.0,0.0,0.0
2019-04-11 00:00:00-04:00,260.89872265713745,260.90776442976176,259.76960373430074,260.33868408203125,55093100,0.0,0.0,0.0
2019-04-12 00:00:00-04:00,261.95562814032826,262.38017801962485,260.3839031927292,262.10015869140625,69727800,0.0,0.0,0.0
2019-04-15 00:00:00-04:00,262.17231599052894,262.27169276898394,261.1244905464641,261.9284362792969,49596700,0.0,0.0,0.0
2019-04-16 00:00:00-04:00,262.8137696728588,262.86796518371506,261.5039805056036,262.10015869140625,52153200,0.0,0.0,0.0
2019-04-17 00:00:00-04:00,263.2202410565137,263.247338812462,261.0432961073904,261.4588317871094,58268300,0.0,0.0,0.0
2019-04-18 00:00:00-04:00,262.04591185707466,262.244637880087,260.74516471851695,261.9736328125,68708500,0.0,0.0,0.0
2019-04-22 00:00:00-04:00,261.2057995141849,262.35297411835,261.1154645105119,262.19940185546875,40160100,0.0,0.0,0.0
2019-04-23 00:00:00-04:00,262.56977737697116,264.7919028688459,262.33493942801596,264.5570373535156,52246600,0.0,0.0,0.0
2019-04-24 00:00:00-04:00,264.47581381840564,264.8100286374608,263.8254401607045,263.969970703125,50392900,0.0,0.0,0.0
2019-04-25 00:00:00-04:00,263.8706408567133,264.466819112908,262.6150746184509,263.8074035644531,57770900,0.0,0.0,0.0
2019-04-26 00:00:00-04:00,263.8525132206779,265.1080791179759,263.07566507367034,265.03582763671875,50916400,0.0,0.0,0.0
2019-04-29 00:00:00-04:00,265.1260905010134,265.9751898981701,265.0357554992446,265.4512634277344,57197700,0.0,0.0,0.0
2019-04-30 00:00:00-04:00,265.1081076591326,265.8759141162516,263.6899551015451,265.58685302734375,81111700,0.0,0.0,0.0
2019-05-01 00:00:00-04:00,266.2191993942316,266.4269672429644,263.58156491495606,263.5906066894531,71671900,0.0,0.0,0.0
2019-05-02 00:00:00-04:00,263.4731013958403,264.39448001669587,261.52198072190737,263.0214538574219,65030200,0.0,0.0,0.0
2019-05-03 00:00:00-04:00,264.5028763663921,265.87587498706483,263.12985017934074,265.5958557128906,56543700,0.0,0.0,0.0
2019-05-06 00:00:00-04:00,261.27809864091415,264.94547441479875,260.9619398535701,264.50286865234375,107198100,0.0,0.0,0.0
2019-05-07 00:00:00-04:00,262.09113214704536,262.68731036749074,258.17083375780055,260.0858154296875,144729900,0.0,0.0,0.0
2019-05-08 00:00:00-04:00,259.72442626953125,261.4406813621305,259.1282482247884,259.72442626953125,91568300,0.0,0.0,0.0
2019-05-09 00:00:00-04:00,257.6468931462025,259.5437909639627,255.9035125049102,258.9385986328125,103471100,0.0,0.0,0.0
2019-05-10 00:00:00-04:00,257.9991673734687,260.9981140157401,255.00022073119737,260.2393493652344,112429300,0.0,0.0,0.0
2019-05-13 00:00:00-04:00,255.108598000238,256.0751027451459,252.85937459955716,253.69943237304688,127290500,0.0,0.0,0.0
2019-05-14 00:00:00-04:00,254.72014045376295,257.5294021525293,254.59369349213796,255.99378967285156,77003200,0.0,0.0,0.0
2019-05-15 00:00:00-04:00,254.35891148197908,258.13467909035165,254.1511436462172,257.49334716796875,73956400,0.0,0.0,0.0
2019-05-16 00:00:00-04:00,258.197847635152,261.2419474705376,258.1255961620787,259.87799072265625,76749600,0.0,0.0,0.0
2019-05-17 00:00:00-04:00,257.5656163698874,260.69101016233884,257.54753282271423,258.1979064941406,100353000,0.0,0.0,0.0
2019-05-20 00:00:00-04:00,256.5900108529238,258.3062660761495,255.74091123060737,256.49066162109375,62877600,0.0,0.0,0.0
2019-05-21 00:00:00-04:00,258.1888998277238,259.1825302339536,257.935978230355,258.80316162109375,46847100,0.0,0.0,0.0
2019-05-22 00:00:00-04:00,257.8455312153959,258.9656080309906,257.5293724981766,258.00811767578125,49482500,0.0,0.0,0.0
2019-05-23 00:00:00-04:00,255.77701809969838,255.82217182360563,253.4374873339575,254.8556671142578,98733800,0.0,0.0,0.0
2019-05-24 00:00:00-04:00,256.3009323975089,256.7164679743508,254.81050105658366,255.43377685546875,55268100,0.0,0.0,0.0
2019-05-28 00:00:00-04:00,255.7138414064145,256.6713321376161,253.0400952645524,253.0581512451172,70029400,0.0,0.0,0.0
2019-05-29 00:00:00-04:00,251.9380464278235,252.34451269393296,249.95078612780108,251.35992431640625,104972900,0.0,0.0,0.0
2019-05-30 00:00:00-04:00,252.11869923760247,252.9587846880575,250.9444265544693,252.04644775390625,62523800,0.0,0.0,0.0
2019-05-31 00:00:00-04:00,249.49007916034114,250.32109508697692,248.6228961503196,248.64999389648438,86862800,0.0,0.0,0.0
2019-06-03 00:00:00-04:00,248.68616023462886,249.80623728540695,246.6808441030367,248.01773071289062,96428000,0.0,0.0,0.0
2019-06-04 00:00:00-04:00,250.3211276628397,253.53685593595583,249.86948012373486,253.4013671875,77231900,0.0,0.0,0.0
2019-06-05 00:00:00-04:00,255.0273094112789,255.6234875225482,253.21170489181105,255.5963897705078,71169700,0.0,0.0,0.0
2019-06-06 00:00:00-04:00,255.89446605191017,257.93589414864323,255.24409250405756,257.2584228515625,69430400,0.0,0.0,0.0
2019-06-07 00:00:00-04:00,258.2791863991342,260.91682047638517,258.1075581081633,259.8328552246094,74272200,0.0,0.0,0.0
2019-06-10 00:00:00-04:00,261.38661175529796,262.6964012434798,260.93496400990983,261.0252990722656,60799100,0.0,0.0,0.0
2019-06-11 00:00:00-04:00,262.84985873838156,263.2202130745594,260.31160145765284,260.96197509765625,58641300,0.0,0.0,0.0
2019-06-12 00:00:00-04:00,260.7271665966817,261.28720526770576,259.9864578405084,260.5013427734375,47096300,0.0,0.0,0.0
2019-06-13 00:00:00-04:00,261.4135853798016,261.9375119528334,260.7090163342307,261.576171875,48945200,0.0,0.0,0.0
2019-06-14 00:00:00-04:00,261.2872314453125,261.892423915064,260.519424856081,261.2872314453125,52324700,0.0,0.0,0.0
2019-06-17 00:00:00-04:00,261.52199388202104,262.154311494177,261.21487684840736,261.3865051269531,39205700,0.0,0.0,0.0
2019-06-18 00:00:00-04:00,263.21119525366925,265.1803721265587,262.84985512922105,264.1235046386719,85434800,0.0,0.0,0.0
2019-06-19 00:00:00-04:00,264.2590066596051,265.2526369189243,263.2834599472443,264.7196960449219,78674400,0.0,0.0,0.0
2019-06-20 00:00:00-04:00,267.4114543793516,267.6553341007694,264.782862671904,267.24884033203125,116570000,0.0,0.0,0.0
2019-06-21 00:00:00-04:00,266.97841653189795,268.24008911239224,266.6425762270279,266.86041259765625,83309500,1.432,0.0,0.0
2019-06-24 00:00:00-04:00,267.0691631935938,267.38683196762946,266.3793111576169,266.53363037109375,47582700,0.0,0.0,0.0
2019-06-25 00:00:00-04:00,266.58813163363817,266.61536118144767,263.8106069552464,263.9195251464844,82028700,0.0,0.0,0.0
2019-06-26 00:00:00-04:00,264.8180593890328,265.32636261689703,263.5473013193722,263.6562194824219,51584900,0.0,0.0,0.0
2019-06-27 00:00:00-04:00,264.41863200665927,265.0993981172185,264.0374184969947,264.5910949707031,40355200,0.0,0.0,0.0
2019-06-28 00:00:00-04:00,265.5714259688161,266.45188471239453,265.05406469922934,265.9526672363281,59350900,0.0,0.0,0.0
2019-07-01 00:00:00-04:00,269.2930810513732,269.5109451790711,267.1600070331436,268.36724853515625,78705600,0.0,0.0,0.0
2019-07-02 00:00:00-04:00,268.32185070674836,269.12062121683925,267.4777068405911,269.066162109375,61504500,0.0,0.0,0.0
2019-07-03 00:00:00-04:00,269.7468647198852,271.23548717231705,269.6016312342488,271.2173156738281,40898900,0.0,0.0,0.0
2019-07-05 00:00:00-04:00,269.9828287311762,271.072065846248,268.68484102103844,270.9086608886719,51677300,0.0,0.0,0.0
2019-07-08 00:00:00-04:00,269.59256801007274,270.72717862564934,268.8754863449011,269.42010498046875,45841800,0.0,0.0,0.0
2019-07-09 00:00:00-04:00,268.2582704239669,270.05547594830585,268.20381132931755,269.7559509277344,41101300,0.0,0.0,0.0
2019-07-10 00:00:00-04:00,270.82702445502724,271.99795042432766,270.29149154204947,271.04486083984375,58448500,0.0,0.0,0.0
2019-07-11 00:00:00-04:00,271.68929204675567,271.9252721888121,270.67268549510976,271.6802062988281,50826100,0.0,0.0,0.0
2019-07-12 00:00:00-04:00,272.17043611759914,272.9692065290228,271.86182531326875,272.8965759277344,40326000,0.0,0.0,0.0
2019-07-15 00:00:00-04:00,273.3323529593566,273.3323529593566,272.4791232083157,272.9874267578125,33900000,0.0,0.0,0.0
2019-07-16 00:00:00-04:00,272.89649595316206,273.10527424510934,271.79820080954806,272.1068115234375,36650100,0.0,0.0,0.0
2019-07-17 00:00:00-04:00,272.0796201681695,272.24299744543265,270.2551574707031,270.2551574707031,36036300,0.0,0.0,0.0
2019-07-18 00:00:00-04:00,269.755881944522,271.6257175838672,269.3111235518029,271.2444763183594,51392600,0.0,0.0,0.0
2019-07-19 00:00:00-04:00,272.34294686464506,272.3701764197823,269.56542143879415,269.7378845214844,58678600,0.0,0.0,0.0
2019-07-22 00:00:00-04:00,270.13718369951505,270.94503982805253,269.6198222637485,270.4004211425781,43638100,0.0,0.0,0.0
2019-07-23 00:00:00-04:00,271.5259119902251,272.333740234375,270.6908265025734,272.333740234375,44564500,0.0,0.0,0.0
2019-07-24 00:00:00-04:00,271.5712875786743,273.61358642578125,271.4805132009349,273.61358642578125,47213200,0.0,0.0,0.0
2019-07-25 00:00:00-04:00,273.15977847539506,273.2142375691732,271.49869301379965,272.3065490722656,55394100,0.0,0.0,0.0
2019-07-26 00:00:00-04:00,272.9964317324127,274.3307350801449,272.86934203241077,274.13104248046875,45084100,0.0,0.0,0.0
2019-07-29 00:00:00-04:00,274.0130162709215,274.1310202112064,273.07809819849047,273.63177490234375,38126500,0.0,0.0,0.0
2019-07-30 00:00:00-04:00,272.2248271137605,273.36852334403153,271.8435858035198,272.9600524902344,45849000,0.0,0.0,0.0
2019-07-31 00:00:00-04:00,273.20512337938123,273.3957578882141,267.9496274737114,269.9737548828125,104245200,0.0,0.0,0.0
2019-08-01 00:00:00-04:00,270.1280003879962,273.0961306818063,266.82400220856266,267.6227722167969,142646600,0.0,0.0,0.0
2019-08-02 00:00:00-04:00,266.72425484436656,266.96932075211555,264.04656285403524,265.6077880859375,116749700,0.0,0.0,0.0
2019-08-05 00:00:00-04:00,261.4959984690222,261.6049166660413,255.7140266734515,257.62017822265625,178745400,0.0,0.0,0.0
2019-08-06 00:00:00-04:00,259.51724058710084,261.450621659971,258.03770379610796,261.2327575683594,120711700,0.0,0.0,0.0
2019-08-07 00:00:00-04:00,258.14653962146434,262.15853398130014,256.0044085907409,261.3869934082031,140572300,0.0,0.0,0.0
2019-08-08 00:00:00-04:00,262.88474879356926,266.5155029296875,262.33107208403,266.5155029296875,87713900,0.0,0.0,0.0
2019-08-09 00:00:00-04:00,265.5715075415884,266.17058531714935,262.911986700436,264.70013427734375,93730000,0.0,0.0,0.0
2019-08-12 00:00:00-04:00,263.19333045600746,264.6910108313881,260.52472424513167,261.4778137207031,65527600,0.0,0.0,0.0
2019-08-13 00:00:00-04:00,261.1782711690439,266.996557578567,260.83334511879997,265.54425048828125,94299800,0.0,0.0,0.0
2019-08-14 00:00:00-04:00,261.4777911353101,262.0859268210529,257.5656565403632,257.6927185058594,135622100,0.0,0.0,0.0
2019-08-15 00:00:00-04:00,258.58225240634897,259.2721043920192,256.3221173591758,258.37347412109375,99556600,0.0,0.0,0.0
2019-08-16 00:00:00-04:00,260.03460427961306,262.62149427289495,258.4279779506377,262.1858215332031,83018300,0.0,0.0,0.0
2019-08-19 00:00:00-04:00,265.2174814825495,266.0253097715865,264.53671516799426,265.34454345703125,53571800,0.0,0.0,0.0
2019-08-20 00:00:00-04:00,264.83625028684645,265.37178315072373,263.18427835269,263.31134033203125,51596400,0.0,0.0,0.0
2019-08-21 00:00:00-04:00,265.4807512764025,265.82564964948455,264.7908991293272,265.4535217285156,49524700,0.0,0.0,0.0
2019-08-22 00:00:00-04:00,266.1614773065778,266.7968425610609,263.5927036435342,265.37176513671875,51666400,0.0,0.0,0.0
2019-08-23 00:00:00-04:00,264.06472910539344,265.734872485339,257.30243925086523,258.5550537109375,149161500,0.0,0.0,0.0
2019-08-26 00:00:00-04:00,260.7516535759884,261.4142761230469,259.21765786464675,261.4142761230469,72423800,0.0,0.0,0.0
2019-08-27 00:00:00-04:00,262.81215146523215,263.18430709612096,259.62615577916534,260.38861083984375,66668900,0.0,0.0,0.0
2019-08-28 00:00:00-04:00,259.72599413909415,262.3855147289444,258.9181380982402,262.2221374511719,59696700,0.0,0.0,0.0
2019-08-29 00:00:00-04:00,264.7908429762012,266.0979163984972,263.7832945171419,265.5714416503906,57899400,0.0,0.0,0.0
2019-08-30 00:00:00-04:00,267.0601204547532,267.0782642531926,264.5186036504583,265.4535217285156,62901200,0.0,0.0,0.0
2019-09-03 00:00:00-04:00,263.7470756421485,264.66382226574063,262.56706387546467,263.9013671875,69101400,0.0,0.0,0.0
2019-09-04 00:00:00-04:00,266.0798448475791,266.91490283272105,265.3264478104966,266.8967590332031,46887300,0.0,0.0,0.0
2019-09-05 00:00:00-04:00,269.39284086979836,271.244505212518,266.86038254462613,270.3277587890625,83258100,0.0,0.0,0.0
2019-09-06 00:00:00-04:00,270.645444892763,271.18097769003475,269.96467863684046,270.5364990234375,49584300,0.0,0.0,0.0
2019-09-09 00:00:00-04:00,271.5259895363114,271.6167362387646,269.728756080308,270.6727600097656,51260300,0.0,0.0,0.0
2019-09-10 00:00:00-04:00,269.91022354385126,270.6727062164084,268.6485510056343,270.6091613769531,57947100,0.0,0.0,0.0
2019-09-11 00:00:00-04:00,270.9178540009934,272.61522747929536,270.26431701304415,272.5335388183594,68821100,0.0,0.0,0.0
2019-09-12 00:00:00-04:00,273.4411017038854,274.5393967960973,272.6786468522338,273.4774169921875,72908700,0.0,0.0,0.0
2019-09-13 00:00:00-04:00,273.92226682778664,274.2762786808855,272.9238038195746,273.29595947265625,62104800,0.0,0.0,0.0
2019-09-16 00:00:00-04:00,272.16122380466607,273.34123507296994,271.8072398144866,272.4516906738281,58191200,0.0,0.0,0.0
2019-09-17 00:00:00-04:00,272.25211780759554,273.2324092962593,272.0796547595179,273.14166259765625,41475500,0.0,0.0,0.0
2019-09-18 00:00:00-04:00,272.75131878324896,273.4139413853927,270.7090195812567,273.3050231933594,73375800,0.0,0.0,0.0
2019-09-19 00:00:00-04:00,273.69527504881034,274.6937378030169,272.9509639319972,273.28680419921875,76560500,0.0,0.0,0.0
2019-09-20 00:00:00-04:00,273.89233463485203,274.1750431104357,271.2023046326576,271.9956359863281,89565000,1.384,0.0,0.0
2019-09-23 00:00:00-04:00,271.32991847692455,272.65215578179743,271.0745931565514,271.9317626953125,43476800,0.0,0.0,0.0
2019-09-24 00:00:00-04:00,273.0261297812215,273.41823169721266,268.8314741316054,269.7980651855469,94869400,0.0,0.0,0.0
2019-09-25 00:00:00-04:00,269.880043908086,271.8405806831163,268.3936747972442,271.3937683105469,71854000,0.0,0.0,0.0
2019-09-26 00:00:00-04:00,271.40291917717923,271.6126338213632,269.41502694089456,270.82843017578125,56179700,0.0,0.0,0.0
2019-09-27 00:00:00-04:00,271.5852160335148,271.6946650125197,267.8100471947587,269.3693542480469,84746600,0.0,0.0,0.0
2019-09-30 00:00:00-04:00,269.8892506873319,271.33000951534177,269.8436677974032,270.6187438964844,51662400,0.0,0.0,0.0
2019-10-01 00:00:00-04:00,271.5032107911009,272.1597656698746,267.1809074057269,267.3997497558594,88242400,0.0,0.0,0.0
2019-10-02 00:00:00-04:00,265.8130786140701,265.822206321161,261.38135419445393,262.67620849609375,122539500,0.0,0.0,0.0
2019-10-03 00:00:00-04:00,262.4482253931142,264.8556023618493,259.72171263257434,264.8282470703125,85278800,0.0,0.0,0.0
2019-10-04 00:00:00-04:00,265.4846780566815,268.6671294105871,265.42993967076745,268.41180419921875,65091200,0.0,0.0,0.0
2019-10-07 00:00:00-04:00,267.60946130351056,269.24173451863544,266.9711340848841,267.2538146972656,59610500,0.0,0.0,0.0
2019-10-08 00:00:00-04:00,265.39359482532114,266.1322154876475,263.0682838493837,263.1047668457031,95708100,0.0,0.0,0.0
2019-10-09 00:00:00-04:00,265.12916483966666,266.5425680006692,264.49996528325266,265.60333251953125,62359400,0.0,0.0,0.0
2019-10-10 00:00:00-04:00,265.5212787082189,268.2842746921465,265.35714694561955,267.3997497558594,55296300,0.0,0.0,0.0
2019-10-11 00:00:00-04:00,270.1627167760195,272.4150618159164,270.044195734655,270.1718444824219,98720400,0.0,0.0,0.0
2019-10-14 00:00:00-04:00,269.85262471794715,270.5274347987188,269.524361296248,269.8708801269531,40394800,0.0,0.0,0.0
2019-10-15 00:00:00-04:00,270.91963984077086,273.2905341614624,270.80109095047953,272.54278564453125,46754500,0.0,0.0,0.0
2019-10-16 00:00:00-04:00,272.0776556969946,272.79804875393893,271.66732635699213,272.1050109863281,48928200,0.0,0.0,0.0
2019-10-17 00:00:00-04:00,273.27224772978605,273.78289840817706,272.2144633735832,272.9075012207031,45736600,0.0,0.0,0.0
2019-10-18 00:00:00-04:00,272.36950653505875,273.0169337026342,270.85578202268977,271.71295166015625,64304000,0.0,0.0,0.0
2019-10-21 00:00:00-04:00,273.03524199661985,273.75560747719874,272.59752938578674,273.55499267578125,39048600,0.0,0.0,0.0
2019-10-22 00:00:00-04:00,274.09285469312607,274.3846629469558,272.5700308073667,272.6612243652344,48594700,0.0,0.0,0.0
2019-10-23 00:00:00-04:00,272.40596376782213,273.50933094336335,272.1962213177716,273.4546203613281,34352200,0.0,0.0,0.0
2019-10-24 00:00:00-04:00,274.39388185369677,274.539786029107,273.07164439605043,273.9014587402344,35453100,0.0,0.0,0.0
2019-10-25 00:00:00-04:00,273.3269596623211,275.5702049695718,273.2722490771077,275.0230712890625,45205400,0.0,0.0,0.0
2019-10-28 00:00:00-04:00,276.2449482052239,277.07476240103847,276.2175929164991,276.5732116699219,42147000,0.0,0.0,0.0
2019-10-29 00:00:00-04:00,276.29969337487427,277.4213160097594,276.17201679259284,276.4911804199219,44284900,0.0,0.0,0.0
2019-10-30 00:00:00-04:00,276.69165669066945,277.7129575242729,275.3785476679334,277.339111328125,49643900,0.0,0.0,0.0
2019-10-31 00:00:00-04:00,277.3300761361029,277.3300761361029,275.14156964429964,276.6005554199219,69053800,0.0,0.0,0.0
2019-11-01 00:00:00-04:00,278.05052991684784,279.2086077821557,277.8863703270977,279.16302490234375,71141500,0.0,0.0,0.0
2019-11-04 00:00:00-05:00,280.72231943892626,280.85909590047555,279.9107327197758,280.28460693359375,60606900,0.0,0.0,0.0
2019-11-05 00:00:00-05:00,280.48522954709983,280.7861655993166,279.6827705123558,279.9745788574219,42933200,0.0,0.0,0.0
2019-11-06 00:00:00-05:00,279.97458333653447,280.3119745660006,279.0900584084101,280.0384216308594,46487100,0.0,0.0,0.0
2019-11-07 00:00:00-05:00,281.3788399443762,282.36365817572266,280.54902574107797,281.023193359375,54272300,0.0,0.0,0.0
2019-11-08 00:00:00-05:00,280.67672126523075,281.77098866323445,279.97458351234354,281.7162780761719,49032100,0.0,0.0,0.0
2019-11-11 00:00:00-05:00,280.33021130301705,281.35151263066575,280.19340701618546,281.1782531738281,35797300,0.0,0.0,0.0
2019-11-12 00:00:00-05:00,281.543056525073,282.67377924781687,280.9959227523848,281.7710266113281,46484600,0.0,0.0,0.0
2019-11-13 00:00:00-05:00,280.77695172481094,282.26332045869225,280.5489817430099,281.8620910644531,53917700,0.0,0.0,0.0
2019-11-14 00:00:00-05:00,281.5795119017382,282.354615684627,280.9411845915058,282.27252197265625,51219900,0.0,0.0,0.0
2019-11-15 00:00:00-05:00,283.6129285321158,284.3606768661602,282.91991860421456,284.3150939941406,62023600,0.0,0.0,0.0
2019-11-18 00:00:00-05:00,284.0780898686081,284.76200014446056,283.6221496847065,284.52490234375,49228000,0.0,0.0,0.0
2019-11-19 00:00:00-05:00,285.1267202709909,285.13584797890377,283.7953828494702,284.44281005859375,67804700,0.0,0.0,0.0
2019-11-20 00:00:00-05:00,283.85004702150417,284.3698253767361,281.82567201072436,283.3849792480469,79406200,0.0,0.0,0.0
2019-11-21 00:00:00-05:00,283.494466283269,283.60388746150187,282.12664589860407,282.9290771484375,54664700,0.0,0.0,0.0
2019-11-22 00:00:00-05:00,283.6768069347026,283.81358339847606,282.54608439634217,283.5582580566406,44850200,0.0,0.0,0.0
2019-11-25 00:00:00-05:00,284.4883909027602,285.7558898925781,284.4883909027602,285.7558898925781,48647200,0.0,0.0,0.0
2019-11-26 00:00:00-05:00,285.79237616379595,286.58570748343044,285.4732125288553,286.4033203125,37569000,0.0,0.0,0.0
2019-11-27 00:00:00-05:00,286.8866030452009,287.6799621582031,286.66776071244107,287.6799621582031,44444600,0.0,0.0,0.0
2019-11-29 00:00:00-05:00,287.1146211839155,287.3608466778935,286.3851280669241,286.61309814453125,36592700,0.0,0.0,0.0
2019-12-02 00:00:00-05:00,286.86837448550784,286.9322127751372,283.74975994078153,284.1783447265625,75767800,0.0,0.0,0.0
2019-12-03 00:00:00-05:00,281.45183530834095,282.354615684627,280.065787338128,282.27252197265625,73941700,0.0,0.0,0.0
2019-12-04 00:00:00-05:00,283.3211197799446,284.61597376246,282.9746009363967,284.0141296386719,49080000,0.0,0.0,0.0
2019-12-05 00:00:00-05:00,284.71641725742256,284.7346448465617,283.21179238784293,284.52490234375,40709000,0.0,0.0,0.0
2019-12-06 00:00:00-05:00,286.43983854674417,287.5249783419981,286.4307108385623,287.1237487792969,48927000,0.0,0.0,0.0
2019-12-09 00:00:00-05:00,286.731567353705,287.40634969081657,286.1479507595981,286.2209167480469,34838500,0.0,0.0,0.0
2019-12-10 00:00:00-05:00,286.16624748024657,286.8319022077995,285.2452395846324,285.90179443359375,52649800,0.0,0.0,0.0
2019-12-11 00:00:00-05:00,286.35767131840527,286.9686431544206,285.8196654652655,286.71331787109375,53429100,0.0,0.0,0.0
2019-12-12 00:00:00-05:00,286.72242214237934,289.96871272087856,286.4853522653221,289.18450927734375,96389600,0.0,0.0,0.0
2019-12-13 00:00:00-05:00,288.94749187509836,290.58889303070293,288.17238809287204,289.35784912109375,81503900,0.0,0.0,0.0
2019-12-16 00:00:00-05:00,291.0904387820086,291.93848080638685,289.29403342663403,291.34576416015625,82749700,0.0,0.0,0.0
2019-12-17 00:00:00-05:00,291.7287400672685,292.0296483034702,291.32751053341514,291.4095764160156,61097700,0.0,0.0,0.0
2019-12-18 00:00:00-05:00,291.80173075224457,292.0297008543948,291.37314584706695,291.4278564453125,48133000,0.0,0.0,0.0
2019-12-19 00:00:00-05:00,291.6192407914061,292.6952804439983,291.36391548009334,292.622314453125,85310500,0.0,0.0,0.0
2019-12-20 00:00:00-05:00,293.65783739644655,295.0415552209635,292.6773497116165,293.9052734375,147142100,1.57,0.0,0.0
2019-12-23 00:00:00-05:00,294.6933285780831,294.74830814974234,294.20765705163046,294.3542785644531,52990000,0.0,0.0,0.0
2019-12-24 00:00:00-05:00,294.5833521115951,294.62915909688604,294.0610182463545,294.3634338378906,20270000,0.0,0.0,0.0
2019-12-26 00:00:00-05:00,294.74827282490884,295.93956198687215,294.73912820752435,295.9303894042969,30911200,0.0,0.0,0.0
2019-12-27 00:00:00-05:00,296.66349048154484,296.7184700506117,295.3256076922634,295.8570861816406,42528800,0.0,0.0,0.0
2019-12-30 00:00:00-05:00,295.939605915703,296.0770548487809,293.7403111256771,294.2259826660156,49729100,0.0,0.0,0.0
2019-12-31 00:00:00-05:00,293.7219533538211,295.1881403562621,293.3737307946574,294.9407043457031,57077300,0.0,0.0,0.0
2020-01-02 00:00:00-05:00,296.48016280134743,297.7172587362619,295.55462700412045,297.69891357421875,59151200,0.0,0.0,0.0
2020-01-03 00:00:00-05:00,294.299308793889,296.57190037053346,294.24432922039875,295.44476318359375,77709700,0.0,0.0,0.0
2020-01-06 00:00:00-05:00,293.685362209707,296.6543993000962,293.5662304668719,296.5719299316406,55653900,0.0,0.0,0.0
2020-01-07 00:00:00-05:00,296.00360969560825,296.4801364233573,295.28884756916824,295.7378845214844,40496400,0.0,0.0,0.0
2020-01-08 00:00:00-05:00,295.9304301191349,298.5328990962051,295.6830220422805,297.31414794921875,68296000,0.0,0.0,0.0
2020-01-09 00:00:00-05:00,298.8810385673999,299.4033723273358,298.2945526688361,299.3300476074219,48473300,0.0,0.0,0.0
2020-01-10 00:00:00-05:00,299.9165893357821,300.07235545551816,298.0013931580216,298.4687194824219,53029300,0.0,0.0,0.0
2020-01-13 00:00:00-05:00,299.09195925080513,300.53062899559575,298.66126719638737,300.521484375,47086800,0.0,0.0,0.0
2020-01-14 00:00:00-05:00,300.0815191045464,301.1353314053116,299.50420569698866,300.0632019042969,62832800,0.0,0.0,0.0
2020-01-15 00:00:00-05:00,299.9715301608084,301.50184120269535,299.88906082009487,300.74127197265625,72056600,0.0,0.0,0.0
2020-01-16 00:00:00-05:00,302.1250165187214,303.24298095703125,301.8959256745201,303.24298095703125,54050300,0.0,0.0,0.0
2020-01-17 00:00:00-05:00,303.9577682678192,304.3976048271327,303.17885374044386,304.1868591308594,95846000,0.0,0.0,0.0
2020-01-21 00:00:00-05:00,303.2247077139699,304.39765199588476,303.1514109311242,303.59124755859375,77742400,0.0,0.0,0.0
2020-01-22 00:00:00-05:00,304.45252898097885,305.1031670485238,303.4720415191807,303.6278076171875,48914900,0.0,0.0,0.0
2020-01-23 00:00:00-05:00,302.9772414486863,304.388448943037,301.85927695982,303.97607421875,51963000,0.0,0.0,0.0
2020-01-24 00:00:00-05:00,304.6358627439296,304.7183320973039,299.9807208309427,301.2727966308594,87578400,0.0,0.0,0.0
2020-01-27 00:00:00-05:00,296.01285058916926,297.92804662680606,295.6738006255231,296.44354248046875,84062500,0.0,0.0,0.0
2020-01-28 00:00:00-05:00,297.8730577788498,300.42971926518106,296.5351751654202,299.5500183105469,63834000,0.0,0.0,0.0
2020-01-29 00:00:00-05:00,300.91539017207396,301.144481001066,299.1009807389888,299.3025817871094,53888900,0.0,0.0,0.0
2020-01-30 00:00:00-05:00,297.2316532660353,300.4847604901736,296.4802564449588,300.27398681640625,75491800,0.0,0.0,0.0
2020-01-31 00:00:00-05:00,299.650819083877,299.80661315994996,293.9052308771685,294.82159423828125,113845600,0.0,0.0,0.0
2020-02-03 00:00:00-05:00,296.3061289566686,298.88110802964894,296.18699723301154,297.01171875,69083000,0.0,0.0,0.0
2020-02-04 00:00:00-05:00,300.6313528673828,302.4091001332266,300.31062007845776,301.5385437011719,62573200,0.0,0.0,0.0
2020-02-05 00:00:00-05:00,304.4800703613793,305.23149509436865,303.013911228474,305.0207214355469,65951100,0.0,0.0,0.0
2020-02-06 00:00:00-05:00,305.982844933522,306.2394255154979,304.96566722145593,306.0469970703125,50359700,0.0,0.0,0.0
2020-02-07 00:00:00-05:00,304.9840954643301,306.0562250590366,303.8661309172076,304.41595458984375,64139400,0.0,0.0,0.0
2020-02-10 00:00:00-05:00,303.52707001498,306.7526592320417,303.4904076474018,306.6885070800781,42070000,0.0,0.0,0.0
2020-02-11 00:00:00-05:00,308.04472268441083,308.8327817820095,306.6884947902929,307.2200012207031,54864500,0.0,0.0,0.0
2020-02-12 00:00:00-05:00,308.65872275070467,309.4101475745906,308.2921829231396,309.19940185546875,43992700,0.0,0.0,0.0
2020-02-13 00:00:00-05:00,307.769768124231,309.84075815537994,307.4948703170825,308.8694152832031,54501900,0.0,0.0,0.0
2020-02-14 00:00:00-05:00,309.28175796130944,309.4833589874241,308.08132438564087,309.3642272949219,64582200,0.0,0.0,0.0
2020-02-18 00:00:00-05:00,308.3654765571178,309.42846152545053,307.17418728122385,308.56707763671875,57226200,0.0,0.0,0.0
2020-02-19 00:00:00-05:00,309.53846116882,310.7205500507428,309.25439069655664,310.0424499511719,48814700,0.0,0.0,0.0
2020-02-20 00:00:00-05:00,309.4926143400653,310.3173639016579,305.7721805893819,308.7687072753906,74163400,0.0,0.0,0.0
2020-02-21 00:00:00-05:00,307.41242134787745,307.72398153835667,304.7641177810184,305.5888671875,113788200,0.0,0.0,0.0
2020-02-24 00:00:00-05:00,296.11370126545256,305.6621928380794,294.37258832295646,295.45391845703125,161088400,0.0,0.0,0.0
2020-02-25 00:00:00-05:00,296.8467575397239,297.460705347923,285.6213060596482,286.5010070800781,218913200,0.0,0.0,0.0
2020-02-26 00:00:00-05:00,287.90299027715696,291.50429102673195,284.71406416341443,285.4471435546875,194773800,0.0,0.0,0.0
2020-02-27 00:00:00-05:00,279.91239252884566,285.50221558469656,272.6273193359375,272.6273193359375,284353500,0.0,0.0,0.0
2020-02-28 00:00:00-05:00,264.55413666270186,272.97551892461485,261.6584248326628,271.4818420410156,384975800,0.0,0.0,0.0
2020-03-02 00:00:00-05:00,273.2687603709201,283.30295220755625,269.8323971344277,283.2388000488281,238703600,0.0,0.0,0.0
2020-03-03 00:00:00-05:00,283.6144392953879,287.5914526327542,272.6822319172303,275.12890625,300139100,0.0,0.0,0.0
2020-03-04 00:00:00-05:00,280.51717032303884,286.91339716852445,277.9605085084488,286.6934509277344,176613400,0.0,0.0,0.0
2020-03-05 00:00:00-05:00,279.4725227329303,282.67062208363757,274.9181954685185,277.16326904296875,186366800,0.0,0.0,0.0
2020-03-06 00:00:00-05:00,268.6319273661624,273.79105782578944,265.9561618762661,272.5814514160156,228667200,0.0,0.0,0.0
2020-03-09 00:00:00-04:00,252.27486024960146,260.4213451842033,250.57961014752544,251.29437255859375,309417300,0.0,0.0,0.0
2020-03-10 00:00:00-04:00,260.83372394140366,264.38919088350326,250.6254209763318,264.2975769042969,276444100,0.0,0.0,0.0
2020-03-11 00:00:00-04:00,257.2232520093365,258.359533828628,248.2245555047277,251.41348266601562,255316300,0.0,0.0,0.0
2020-03-12 00:00:00-04:00,234.58905518446738,244.35749341633144,226.9649041793255,227.35894775390625,392220700,0.0,0.0,0.0
2020-03-13 00:00:00-04:00,241.08605901212414,248.774361854502,227.73465068878733,246.79501342773438,329566100,0.0,0.0,0.0
2020-03-16 00:00:00-04:00,221.00851540675873,235.41374899779908,217.50801453237176,219.78976440429688,297240000,0.0,0.0,0.0
2020-03-17 00:00:00-04:00,224.54570289092214,234.7448469668352,217.24229875738123,231.6566925048828,262070500,0.0,0.0,0.0
2020-03-18 00:00:00-04:00,216.4908378124237,227.5971569540212,208.94917148333334,219.9272003173828,327597100,0.0,0.0,0.0
2020-03-19 00:00:00-04:00,219.23993370981958,226.6899722952671,212.79790041262768,220.39454650878906,289322000,0.0,0.0,0.0
2020-03-20 00:00:00-04:00,223.5525010180808,225.34070206512823,210.62032218585884,210.8968505859375,347158800,1.406,0.0,0.0
2020-03-23 00:00:00-04:00,210.33456252313593,211.70796381485764,201.18155909431383,205.50457763671875,326025200,0.0,0.0,0.0
2020-03-24 00:00:00-04:00,216.0770871962549,224.99965325237764,215.50560549655268,224.1239776611328,235494500,0.0,0.0,0.0
2020-03-25 00:00:00-04:00,225.70934902591648,236.29106935998374,220.98998451429793,227.47911071777344,299430300,0.0,0.0,0.0
2020-03-26 00:00:00-04:00,229.99555681218766,242.23640785401722,229.56233225861644,240.76162719726562,257632800,0.0,0.0,0.0
2020-03-27 00:00:00-04:00,233.45212064085143,240.4021241650425,231.40583018380667,233.5903778076172,224341200,0.0,0.0,0.0
2020-03-30 00:00:00-04:00,235.6919255877699,241.8953110830862,233.69172592775902,241.1763458251953,171369500,0.0,0.0,0.0
2020-03-31 00:00:00-04:00,240.17158633076326,242.72482804770317,236.17118790081435,237.5814666748047,194881100,0.0,0.0,0.0
2020-04-01 00:00:00-04:00,228.57604420337796,237.49861037670934,224.8152945665013,226.8892364501953,189554600,0.0,0.0,0.0
2020-04-02 00:00:00-04:00,226.00435422566696,232.90826706559199,225.45129745089525,232.12478637695312,177660400,0.0,0.0,0.0
2020-04-03 00:00:00-04:00,231.13848720921038,233.49818374298073,226.03198818481752,228.76959228515625,135561200,0.0,0.0,0.0
2020-04-06 00:00:00-04:00,237.66447500035494,246.107724660131,228.75113699725847,244.13516235351562,188061200,0.0,0.0,0.0
2020-04-07 00:00:00-04:00,252.75357362265825,253.50941691083761,244.16286753110208,244.3840789794922,201427200,0.0,0.0,0.0
2020-04-08 00:00:00-04:00,246.9926361077476,254.40352940586885,244.4946962858939,252.58767700195312,153774500,0.0,0.0,0.0
2020-04-09 00:00:00-04:00,255.8598562130911,259.1966214094454,253.91497338731878,256.4313659667969,189999200,0.0,0.0,0.0
2020-04-13 00:00:00-04:00,255.45432127320237,255.79536495704366,250.17267304475266,254.09011840820312,114839100,0.0,0.0,0.0
2020-04-14 00:00:00-04:00,258.99386373886557,262.6071155005401,253.9518796282053,261.583984375,134143400,0.0,0.0,0.0
2020-04-15 00:00:00-04:00,255.8506827589529,261.72223788702536,253.90577161399165,256.02581787109375,121775000,0.0,0.0,0.0
2020-04-16 00:00:00-04:00,257.3070626758222,258.1182089286888,254.18233805357292,257.260986328125,131798300,0.0,0.0,0.0
2020-04-17 00:00:00-04:00,263.04958204992425,264.8193300820858,260.3027510489938,264.21099853515625,146684800,0.0,0.0,0.0
2020-04-20 00:00:00-04:00,260.4962680372042,264.34921201872885,259.3348798735403,259.55609130859375,100109300,0.0,0.0,0.0
2020-04-21 00:00:00-04:00,255.0763761274665,256.2838686895885,250.73490505975042,251.67510986328125,126385700,0.0,0.0,0.0
2020-04-22 00:00:00-04:00,256.56967233483715,259.0123094851933,255.2423472173533,257.260986328125,92951600,0.0,0.0,0.0
2020-04-23 00:00:00-04:00,258.5421968253092,261.7222523215309,256.9383574252864,257.2425231933594,104709700,0.0,0.0,0.0
2020-04-24 00:00:00-04:00,258.7634703866844,261.5010751772148,256.7079531308153,260.82818603515625,85063200,0.0,0.0,0.0
2020-04-27 00:00:00-04:00,262.80995342635407,265.71346690631225,262.34907737780065,264.58892822265625,77896600,0.0,0.0,0.0
2020-04-28 00:00:00-04:00,268.24827098279667,268.5985412619103,263.0680289718382,263.3722229003906,105270000,0.0,0.0,0.0
2020-04-29 00:00:00-04:00,268.7183093826725,271.8061836334451,267.6859518357042,270.266845703125,118745600,0.0,0.0,0.0
2020-04-30 00:00:00-04:00,268.88428635062775,270.3683217990801,266.0084244155675,267.75054931640625,122901700,0.0,0.0,0.0
2020-05-01 00:00:00-04:00,262.98506692974644,267.9164458693108,259.49161889294606,260.6622619628906,125180000,0.0,0.0,0.0
2020-05-04 00:00:00-04:00,258.7726214184617,261.6853608206869,257.28861435013727,261.3811950683594,80873200,0.0,0.0,0.0
2020-05-05 00:00:00-04:00,264.21100325960634,266.61676244530474,261.510248557089,263.79620361328125,79569900,0.0,0.0,0.0
2020-05-06 00:00:00-04:00,265.50144342317355,265.8885634952178,261.57477105747034,262.00799560546875,73632600,0.0,0.0,0.0
2020-05-07 00:00:00-04:00,265.2341155672962,267.105270843854,264.6626338763726,265.1695861816406,75250400,0.0,0.0,0.0
2020-05-08 00:00:00-04:00,268.31287971740767,270.0273536617128,267.179114236018,269.5572509765625,76452400,0.0,0.0,0.0
2020-05-11 00:00:00-04:00,267.6214090155199,270.9950239132612,267.19741107208864,269.6123962402344,79514200,0.0,0.0,0.0
2020-05-12 00:00:00-04:00,270.80148565750676,271.2162571149369,264.1003316612484,264.2386169433594,95870800,0.0,0.0,0.0
2020-05-13 00:00:00-04:00,263.676343692379,264.7179278299637,257.1318996402703,259.5653381347656,144721100,0.0,0.0,0.0
2020-05-14 00:00:00-04:00,257.1226648696853,262.8006309608718,251.62900412320758,262.6716003417969,121977900,0.0,0.0,0.0
2020-05-15 00:00:00-04:00,260.27518714821946,263.92531830556163,259.3257834237455,263.8792419433594,111146300,0.0,0.0,0.0
2020-05-18 00:00:00-04:00,270.11935131869956,273.52984420000496,269.79676069529506,271.9167785644531,119703800,0.0,0.0,0.0
2020-05-19 00:00:00-04:00,271.31770613996133,273.0321513534002,269.10550697148216,269.1239318847656,95189300,0.0,0.0,0.0
2020-05-20 00:00:00-04:00,272.67263921166995,274.56221925365764,272.4422012490064,273.6957702636719,85861700,0.0,0.0,0.0
2020-05-21 00:00:00-04:00,273.5667936544539,274.37793994395184,270.70935672722777,271.8062438964844,78293900,0.0,0.0,0.0
2020-05-22 00:00:00-04:00,271.5204680309544,272.49752280932586,270.2760973212516,272.3223876953125,63958200,0.0,0.0,0.0
2020-05-26 00:00:00-04:00,278.30448824508943,278.54415269220084,272.3407535305775,275.677490234375,88951400,0.0,0.0,0.0
2020-05-27 00:00:00-04:00,278.47962358154416,279.8161748198893,273.6404270787241,279.779296875,104817400,0.0,0.0,0.0
2020-05-28 00:00:00-04:00,280.8117200863485,282.8303590651287,278.5902945576111,279.26318359375,90405200,0.0,0.0,0.0
2020-05-29 00:00:00-04:00,278.79306472388765,281.09744441541864,276.0370356142998,280.5075378417969,119090800,0.0,0.0,0.0
2020-06-01 00:00:00-04:00,279.862230904206,282.2495642973049,279.34605223162396,281.6412048339844,55758300,0.0,0.0,0.0
2020-06-02 00:00:00-04:00,282.56301791606984,284.01940158934775,281.2264946134768,283.9732971191406,74267200,0.0,0.0,0.0
2020-06-03 00:00:00-04:00,285.9643621543682,288.7111935356951,285.68784777656157,287.7525634765625,92567600,0.0,0.0,0.0
2020-06-04 00:00:00-04:00,286.7662355965372,288.5083602838637,284.8950802636516,286.9966735839844,75794400,0.0,0.0,0.0
2020-06-05 00:00:00-04:00,292.407381291581,296.131238917088,292.3428519039534,294.3522644042969,150524700,0.0,0.0,0.0
2020-06-08 00:00:00-04:00,295.16335633448466,298.10374676522395,294.6195261594394,297.9101867675781,73641200,0.0,0.0,0.0
2020-06-09 00:00:00-04:00,295.2371651487596,297.9839963359164,294.37071598669127,295.6888427734375,77479200,0.0,0.0,0.0
2020-06-10 00:00:00-04:00,296.26962379356524,297.1637246109732,293.3200053096337,294.0389709472656,95000800,0.0,0.0,0.0
2020-06-11 00:00:00-04:00,287.088843490775,287.72485456232124,276.5348009447045,277.08782958984375,209243600,0.0,0.0,0.0
2020-06-12 00:00:00-04:00,284.1207868330946,284.8950550267736,275.23511345166304,280.4061279296875,194678900,0.0,0.0,0.0
2020-06-15 00:00:00-04:00,274.70047715474163,284.157660169738,273.52063590787077,283.0238952636719,135782700,0.0,0.0,0.0
2020-06-16 00:00:00-04:00,290.79432961323033,290.9418133080397,283.59544878007773,288.47149658203125,137627500,0.0,0.0,0.0
2020-06-17 00:00:00-04:00,289.4946802656145,289.78964768003465,286.5358358584807,287.27325439453125,83398900,0.0,0.0,0.0
2020-06-18 00:00:00-04:00,285.7523591124386,287.8631510321055,285.29148309213133,287.38385009765625,80828700,0.0,0.0,0.0
2020-06-19 00:00:00-04:00,290.8611732701308,291.05558508026616,283.7879850934474,285.741455078125,135549600,1.366,0.0,0.0
2020-06-22 00:00:00-04:00,285.1396742223571,287.9726452105202,283.99168103206046,287.5745544433594,74649400,0.0,0.0,0.0
2020-06-23 00:00:00-04:00,290.23157290982795,291.16664813411967,288.49104915719107,288.8984069824219,68471200,0.0,0.0,0.0
2020-06-24 00:00:00-04:00,286.85235736793186,287.47266118114317,279.6866122382617,281.5289611816406,132813500,0.0,0.0,0.0
2020-06-25 00:00:00-04:00,280.95497926839084,284.8156113948789,278.9274573121908,284.547119140625,89468000,0.0,0.0,0.0
2020-06-26 00:00:00-04:00,283.4454293499117,283.658375397714,277.2054913993457,277.7887268066406,127961000,0.0,0.0,0.0
2020-06-29 00:00:00-04:00,279.04784785660627,282.0104170904512,276.75183339130206,281.8715515136719,79773300,0.0,0.0,0.0
2020-06-30 00:00:00-04:00,281.43646094902624,287.1857509340437,281.27908935722047,285.48223876953125,113394800,0.0,0.0,0.0
2020-07-01 00:00:00-04:00,286.60243281239894,288.75031447900784,286.1395287421861,287.48193359375,72396500,0.0,0.0,0.0
2020-07-02 00:00:00-04:00,290.92588776838636,292.277587748518,288.39845008972213,289.0650329589844,69344200,0.0,0.0,0.0
2020-07-06 00:00:00-04:00,292.89789260022195,294.1106989034285,292.1479903288781,293.5274353027344,61713800,0.0,0.0,0.0
2020-07-07 00:00:00-04:00,291.98139030142596,293.9626051282298,290.1205068059593,290.5000915527344,82910000,0.0,0.0,0.0
2020-07-08 00:00:00-04:00,291.2684594320676,292.8330773096431,289.50019090510847,292.72198486328125,54638600,0.0,0.0,0.0
2020-07-09 00:00:00-04:00,293.3330834182063,293.5738026050235,287.63010119071316,291.05560302734375,83354200,0.0,0.0,0.0
2020-07-10 00:00:00-04:00,290.99081561063673,294.29595814851194,289.5558239922794,294.0274658203125,57550400,0.0,0.0,0.0
2020-07-13 00:00:00-04:00,296.37900954803916,298.76758248176105,290.8241598614589,291.4814758300781,102997500,0.0,0.0,0.0
2020-07-14 00:00:00-04:00,290.0556928166949,296.03643402926104,288.8521534785703,295.2587585449219,93657000,0.0,0.0,0.0
2020-07-15 00:00:00-04:00,298.4897637015539,299.07302726802374,295.58271299039234,297.9713134765625,87196500,0.0,0.0,0.0
2020-07-16 00:00:00-04:00,296.064182128376,297.4436271652197,295.41610515280826,296.989990234375,54622500,0.0,0.0,0.0
2020-07-17 00:00:00-04:00,297.9991153522291,298.6379252006533,296.01787245922196,297.8509826660156,62774900,0.0,0.0,0.0
2020-07-20 00:00:00-04:00,297.58254870213204,301.0080506399925,296.83264625549896,300.2581481933594,56308800,0.0,0.0,0.0
2020-07-21 00:00:00-04:00,302.23007759853067,302.6744474220615,299.90629013376923,300.89691162109375,57292200,0.0,0.0,0.0
2020-07-22 00:00:00-04:00,300.53581805734507,302.9244187546564,300.42472560694375,302.609619140625,57792900,0.0,0.0,0.0
2020-07-23 00:00:00-04:00,302.2486502737012,302.95227365409164,297.62887569233254,298.9990539550781,75738000,0.0,0.0,0.0
2020-07-24 00:00:00-04:00,297.13814709374793,298.10096725984846,295.56426188414656,297.0733337402344,73766600,0.0,0.0,0.0
2020-07-27 00:00:00-04:00,297.7676839874068,299.41562138741637,296.97147427544377,299.2397155761719,48293000,0.0,0.0,0.0
2020-07-28 00:00:00-04:00,298.5083571313757,299.6286054933626,297.04559247954353,297.34185791015625,57495000,0.0,0.0,0.0
2020-07-29 00:00:00-04:00,298.22132425942874,301.5635064567835,298.18428402153864,300.9987487792969,48454200,0.0,0.0,0.0
2020-07-30 00:00:00-04:00,298.0176724547983,300.34146022234614,295.9253650050639,299.9248352050781,61861700,0.0,0.0,0.0
2020-07-31 00:00:00-04:00,301.72083385939374,302.39668389819855,297.48988434595253,302.2948303222656,84986800,0.0,0.0,0.0
2020-08-03 00:00:00-04:00,303.96132291921657,305.1648621508035,303.4150995292858,304.3964538574219,53077900,0.0,0.0,0.0
2020-08-04 00:00:00-04:00,303.53550650852105,305.5722961425781,303.53550650852105,305.5722961425781,41917900,0.0,0.0,0.0
2020-08-05 00:00:00-04:00,306.8776512406806,307.72940723299746,306.6091589464229,307.47015380859375,42697700,0.0,0.0,0.0
2020-08-06 00:00:00-04:00,306.88692081970754,309.64581125004264,306.5628822900345,309.52545166015625,43679400,0.0,0.0,0.0
2020-08-07 00:00:00-04:00,308.5532888812559,310.03458733084204,307.6459868706977,309.7475891113281,57308300,0.0,0.0,0.0
2020-08-10 00:00:00-04:00,310.2012602236318,310.85857606472894,308.25705755982693,310.6734313964844,44282100,0.0,0.0,0.0
2020-08-11 00:00:00-04:00,311.85845690646227,312.49726674092767,307.3775491967452,308.1089172363281,69601100,0.0,0.0,0.0
2020-08-12 00:00:00-04:00,310.55307736748404,313.1823690322383,310.5253042540805,312.4046936035156,53774400,0.0,0.0,0.0
2020-08-13 00:00:00-04:00,311.6362868847087,313.15462590528705,310.914157613645,311.8399658203125,41816100,0.0,0.0,0.0
2020-08-14 00:00:00-04:00,311.45115240297025,312.38622776344647,310.7197559847732,311.8492431640625,47260400,0.0,0.0,0.0
2020-08-17 00:00:00-04:00,312.86761686510823,313.23793448435885,311.8584893449453,312.83984375,35481000,0.0,0.0,0.0
2020-08-18 00:00:00-04:00,313.23795712814984,313.9415804329869,311.63629869866435,313.5157165527344,38733900,0.0,0.0,0.0
2020-08-19 00:00:00-04:00,313.89527669531185,314.41372705641555,311.64556942265534,312.2103271484375,68054200,0.0,0.0,0.0
2020-08-20 00:00:00-04:00,310.47900087610935,313.66378310318254,310.34940242970504,313.182373046875,42207800,0.0,0.0,0.0
2020-08-21 00:00:00-04:00,312.8490462492186,314.5154893183295,312.5064735624164,314.2933044433594,55106600,0.0,0.0,0.0
2020-08-24 00:00:00-04:00,316.73751637396253,317.55223216069555,314.2656241496155,317.4781799316406,48588700,0.0,0.0,0.0
2020-08-25 00:00:00-04:00,318.0428574185985,318.6724001496487,316.87633016433045,318.5890808105469,38463400,0.0,0.0,0.0
2020-08-26 00:00:00-04:00,319.1816234759962,322.05160610805416,318.6354000636554,321.78314208984375,50790200,0.0,0.0,0.0
2020-08-27 00:00:00-04:00,322.6533917850521,323.9402503595039,320.8202815655205,322.4867248535156,58034100,0.0,0.0,0.0
2020-08-28 00:00:00-04:00,323.51438715103393,324.69942039778635,322.32008678211736,324.5697937011719,48588900,0.0,0.0,0.0
2020-08-31 00:00:00-04:00,324.3568607483191,325.23636145672884,323.1625604352609,323.3940124511719,66099200,0.0,0.0,0.0
2020-09-01 00:00:00-04:00,324.2272161769494,326.54173620841556,323.3291812746038,326.4399108886719,54908700,0.0,0.0,0.0
2020-09-02 00:00:00-04:00,328.35636271868754,332.13364723694355,327.2083414922187,331.16156005859375,69540000,0.0,0.0,0.0
2020-09-03 00:00:00-04:00,329.4673439712891,329.93951517196746,317.1726127891446,319.764892578125,148011100,0.0,0.0,0.0
2020-09-04 00:00:00-04:00,320.44998861723474,322.02384556505757,310.02537950989625,317.15411376953125,139156300,0.0,0.0,0.0
2020-09-08 00:00:00-04:00,311.7288539118445,317.2189177075403,308.1830211329874,308.488525390625,114465300,0.0,0.0,0.0
2020-09-09 00:00:00-04:00,312.5065536735691,317.05227542874667,311.6362916856209,314.58038330078125,91462300,0.0,0.0,0.0
2020-09-10 00:00:00-04:00,316.4597862671318,317.1171022208828,308.155285043401,309.1181335449219,90569500,0.0,0.0,0.0
2020-09-11 00:00:00-04:00,310.9048829574324,311.9695566218667,306.4424811341146,309.27545166015625,84680200,0.0,0.0,0.0
2020-09-14 00:00:00-04:00,312.450964043728,315.12656299224113,309.423581752998,313.3489990234375,65605700,0.0,0.0,0.0
2020-09-15 00:00:00-04:00,315.8116907852608,316.64491252017405,313.35830468946233,314.93218994140625,52920900,0.0,0.0,0.0
2020-09-16 00:00:00-04:00,316.1726765792788,317.60766757560265,313.4044916443148,313.6822509765625,82096000,0.0,0.0,0.0
2020-09-17 00:00:00-04:00,308.8125594598112,312.64541870295386,308.28484204168194,310.92340087890625,91523300,0.0,0.0,0.0
2020-09-18 00:00:00-04:00,311.7311184298016,311.84265557573474,304.8527202209257,307.34381103515625,105877900,1.339,0.0,0.0
2020-09-21 00:00:00-04:00,302.7427147128919,304.07191289668066,299.0525430766527,303.9231872558594,99450800,0.0,0.0,0.0
2020-09-22 00:00:00-04:00,305.4104827833405,307.5762383546096,302.8914789163634,307.0185241699219,63612100,0.0,0.0,0.0
2020-09-23 00:00:00-04:00,307.5762358389237,307.85510711224754,299.3965224188124,299.8984680175781,93112200,0.0,0.0,0.0
2020-09-24 00:00:00-04:00,298.5785239027551,303.7652001614341,297.25860138372207,300.69781494140625,76681300,0.0,0.0,0.0
2020-09-25 00:00:00-04:00,299.84263930150775,306.34923785839106,298.9689221639233,305.5591735839844,71069400,0.0,0.0,0.0
2020-09-28 00:00:00-04:00,309.7326476540093,311.34999289202267,308.7380608935347,310.63427734375,64584600,0.0,0.0,0.0
2020-09-29 00:00:00-04:00,310.42982466671907,311.1734245990456,308.24546086154606,308.9425964355469,51304000,0.0,0.0,0.0
2020-09-30 00:00:00-04:00,309.61186119180115,314.4453460617756,309.416671165214,311.2850036621094,104081100,0.0,0.0,0.0
2020-10-01 00:00:00-04:00,313.8876563473671,314.86363492282254,311.3965650685394,313.2834777832031,88698700,0.0,0.0,0.0
2020-10-02 00:00:00-04:00,308.31981468995633,313.25553191340913,307.84575345799766,310.3089599609375,89431100,0.0,0.0,0.0
2020-10-05 00:00:00-04:00,312.3724629843296,315.9975617997763,312.32599863236203,315.8116760253906,45713100,0.0,0.0,0.0
2020-10-06 00:00:00-04:00,315.9511958209937,318.0519071278788,310.81098309296726,311.32220458984375,90128900,0.0,0.0,0.0
2020-10-07 00:00:00-04:00,314.28728027464444,317.5498836075038,314.2593959883173,316.7412109375,56999600,0.0,0.0,0.0
2020-10-08 00:00:00-04:00,318.6838377128182,319.6133515878058,317.76359968735204,319.54827880859375,45242500,0.0,0.0,0.0
2020-10-09 00:00:00-04:00,321.2028963840777,322.8667345981165,320.58013781019633,322.4019775390625,59528600,0.0,0.0,0.0
2020-10-12 00:00:00-04:00,324.9488368752037,329.0665776070336,324.45619552767687,327.5886535644531,80388500,0.0,0.0,0.0
2020-10-13 00:00:00-04:00,327.44919407568426,327.6258040067802,324.48404211656793,325.45074462890625,73255500,0.0,0.0,0.0
2020-10-14 00:00:00-04:00,326.02708999760546,327.1239098929824,322.67155751263357,323.4058532714844,57727900,0.0,0.0,0.0
2020-10-15 00:00:00-04:00,319.483267822993,323.4894711297381,318.94416215249316,323.0061340332031,60357700,0.0,0.0,0.0
2020-10-16 00:00:00-04:00,324.36318552338577,326.0270234645891,322.6343031631358,322.8109130859375,89501900,0.0,0.0,0.0
2020-10-19 00:00:00-04:00,324.0751585100291,324.70722143286656,317.00156822682135,317.9031982421875,68425600,0.0,0.0,0.0
2020-10-20 00:00:00-04:00,319.25089283338775,322.42984341706637,318.488712858615,319.1765441894531,60051900,0.0,0.0,0.0
2020-10-21 00:00:00-04:00,319.13013462158915,321.30522306306057,318.2656931238271,318.57244873046875,63575000,0.0,0.0,0.0
2020-10-22 00:00:00-04:00,318.78616207591807,320.9054531842077,316.63898667803994,320.3198547363281,55399300,0.0,0.0,0.0
2020-10-23 00:00:00-04:00,321.54680058982547,321.60256916559945,318.9441724986455,321.4073791503906,49143900,0.0,0.0,0.0
2020-10-26 00:00:00-04:00,318.0146635113088,318.80475616946273,311.96351764417074,315.4678039550781,91473000,0.0,0.0,0.0
2020-10-27 00:00:00-04:00,315.8117086299166,316.1463200782655,314.16645057598026,314.3802490234375,65994100,0.0,0.0,0.0
2020-10-28 00:00:00-04:00,308.6916606581954,314.408167114241,303.142459944312,303.6351013183594,127094300,0.0,0.0,0.0
2020-10-29 00:00:00-04:00,303.8674845080645,309.90002246930646,302.1757618896027,306.7210998535156,90597700,0.0,0.0,0.0
2020-10-30 00:00:00-04:00,305.14090511981635,306.4515234799912,299.861271536879,303.5235595703125,120287300,0.0,0.0,0.0
2020-11-02 00:00:00-05:00,306.92559814453125,308.93332384063365,304.1742157069411,306.92559814453125,86068300,0.0,0.0,0.0
2020-11-03 00:00:00-05:00,310.16954502331055,314.4081268139196,307.00920293263084,312.3446044921875,93294200,0.0,0.0,0.0
2020-11-04 00:00:00-05:00,316.83416747960666,323.4151432960798,315.65369476603786,319.3252868652344,126959700,0.0,0.0,0.0
2020-11-05 00:00:00-05:00,324.62346450353925,327.3655421857988,324.27024464030404,325.552978515625,82039700,0.0,0.0,0.0
2020-11-06 00:00:00-05:00,325.2648392554505,326.7334873150784,323.1455483916412,325.4786376953125,74973000,0.0,0.0,0.0
2020-11-09 00:00:00-05:00,338.3152742409933,338.6963784554097,329.10378539457383,329.56854248046875,172304200,0.0,0.0,0.0
2020-11-10 00:00:00-05:00,328.57398573427594,330.1448670984281,325.8040514021092,329.0852355957031,85552000,0.0,0.0,0.0
2020-11-11 00:00:00-05:00,331.27885919980673,332.3570990887861,330.03331356077604,331.52984619140625,58649000,0.0,0.0,0.0
2020-11-12 00:00:00-05:00,330.5166342173397,331.5762939810746,326.5011545842146,328.3136901855469,67546200,0.0,0.0,0.0
2020-11-13 00:00:00-05:00,330.2284679699451,333.6026087311802,329.7079423371588,332.8590087890625,62892200,0.0,0.0,0.0
2020-11-16 00:00:00-05:00,335.536052847168,337.2091670940638,334.24401446736385,337.01397705078125,74541100,0.0,0.0,0.0
2020-11-17 00:00:00-05:00,334.5971765162108,336.40974027550243,333.0820640633753,335.20135498046875,66111000,0.0,0.0,0.0
2020-11-18 00:00:00-05:00,335.47095237920496,336.01936231897963,331.1301088549771,331.16729736328125,70591300,0.0,0.0,0.0
2020-11-19 00:00:00-05:00,330.53522002265584,332.9333539222123,329.1874132294605,332.5615539550781,59940900,0.0,0.0,0.0
2020-11-20 00:00:00-05:00,332.301298850092,332.5057930917374,330.20989207411236,330.28424072265625,70417300,0.0,0.0,0.0
2020-11-23 00:00:00-05:00,332.0968238948421,333.5282836694918,329.85669132516,332.2641296386719,63230600,0.0,0.0,0.0
2020-11-24 00:00:00-05:00,334.8202565878615,338.166512926915,333.9651195251979,337.61810302734375,62415900,0.0,0.0,0.0
2020-11-25 00:00:00-05:00,337.5344679872675,337.56235227629367,336.0007753577867,337.09759521484375,45330900,0.0,0.0,0.0
2020-11-27 00:00:00-05:00,338.19447004718523,338.51050149636137,337.0232729846608,338.0364685058594,28514100,0.0,0.0,0.0
2020-11-30 00:00:00-05:00,337.2555715663142,337.5251385844671,333.8535750928766,336.53985595703125,83872700,0.0,0.0,0.0
2020-12-01 00:00:00-05:00,339.80246932612914,341.76373042068883,339.20756669848805,340.2207336425781,74231400,0.0,0.0,0.0
2020-12-02 00:00:00-05:00,339.10534896401384,341.0944944354891,338.5290547467315,340.9364929199219,45927000,0.0,0.0,0.0
2020-12-03 00:00:00-05:00,340.8342016416823,342.2377769204486,339.7373818816019,340.843505859375,62882000,0.0,0.0,0.0
2020-12-04 00:00:00-05:00,341.4291227207132,343.7807922363281,341.33616563830765,343.7807922363281,50749900,0.0,0.0,0.0
2020-12-07 00:00:00-05:00,343.0093290517619,343.56704325999203,341.80097190603243,343.07440185546875,48944300,0.0,0.0,0.0
2020-12-08 00:00:00-05:00,341.80095649302785,344.6452676235663,341.7544921304885,344.0782775878906,42458900,0.0,0.0,0.0
2020-12-09 00:00:00-05:00,344.7382200244361,344.8962215481374,340.1557219727567,340.9922790527344,74098300,0.0,0.0,0.0
2020-12-10 00:00:00-05:00,339.61652249067066,341.93100325191364,338.74277706945526,340.88067626953125,57735400,0.0,0.0,0.0
2020-12-11 00:00:00-05:00,339.17970394397395,340.890006557245,337.65531550527345,340.48101806640625,57698600,0.0,0.0,0.0
2020-12-14 00:00:00-05:00,342.6561419139507,343.7343534662368,338.78005506472596,338.9566650390625,69216200,0.0,0.0,0.0
2020-12-15 00:00:00-05:00,341.5034549865661,343.5390930175781,340.127792352415,343.5390930175781,63865300,0.0,0.0,0.0
2020-12-16 00:00:00-05:00,343.75294195055,344.9984875517349,342.8698921301285,344.0782775878906,58420500,0.0,0.0,0.0
2020-12-17 00:00:00-05:00,345.7234459596987,346.2067830368827,344.89616486814447,346.0022888183594,64119500,0.0,0.0,0.0
2020-12-18 00:00:00-05:00,346.2916885347735,346.45970742421224,342.60444592107217,344.6207580566406,136542300,1.58,0.0,0.0
2020-12-21 00:00:00-05:00,340.690848610834,353.2834348654009,337.9464259916311,343.3885803222656,96386700,0.0,0.0,0.0
2020-12-22 00:00:00-05:00,343.7153181678852,343.82733077167063,341.68034656595023,342.8098449707031,47949000,0.0,0.0,0.0
2020-12-23 00:00:00-05:00,343.7806801753628,345.0315351063921,342.79119749130325,343.117919921875,46201400,0.0,0.0,0.0
2020-12-24 00:00:00-05:00,343.5939480483956,344.4807619388975,343.00588190186073,344.4527587890625,26457900,0.0,0.0,0.0
2020-12-28 00:00:00-05:00,347.01047928251126,347.8039398547463,346.38506609890993,347.4118957519531,39000400,0.0,0.0,0.0
2020-12-29 00:00:00-05:00,348.9427593868973,349.1201221557573,346.1609898693241,346.74908447265625,53680500,0.0,0.0,0.0
2020-12-30 00:00:00-05:00,347.5705578476866,348.28000894293837,346.8517913610058,347.24383544921875,49455300,0.0,0.0,0.0
2020-12-31 00:00:00-05:00,347.04778143541307,349.73619745667565,346.5343809189973,349.0080871582031,78520700,0.0,0.0,0.0
2021-01-04 00:00:00-05:00,350.3430308698017,350.4737312418111,340.55087239704,344.25677490234375,110210800,0.0,0.0,0.0
2021-01-05 00:00:00-05:00,343.6126363246513,347.7199264021152,343.5659454165651,346.62774658203125,66426200,0.0,0.0,0.0
2021-01-06 00:00:00-05:00,345.1154671296545,351.90185712332044,344.5647196073749,348.70001220703125,107997700,0.0,0.0,0.0
2021-01-07 00:00:00-05:00,351.0804608432896,354.6276595774134,350.90309805783966,353.8808898925781,68766800,0.0,0.0,0.0
2021-01-08 00:00:00-05:00,355.27180554640364,356.1119286701362,352.01398178898427,355.8972473144531,71677200,0.0,0.0,0.0
2021-01-11 00:00:00-05:00,352.7140522127588,355.2624244716988,352.5926957266306,353.4981689453125,51034700,0.0,0.0,0.0
2021-01-12 00:00:00-05:00,353.68488655633377,354.5903313155894,351.32316391848667,353.5728454589844,52547700,0.0,0.0,0.0
2021-01-13 00:00:00-05:00,353.49813377625406,355.5237613452979,352.7140171217111,354.52496337890625,45303600,0.0,0.0,0.0
2021-01-14 00:00:00-05:00,355.2718178042631,355.7759030908714,352.94747043467044,353.28350830078125,49989100,0.0,0.0,0.0
2021-01-15 00:00:00-05:00,351.65919735021674,352.4619733044625,348.8401091438219,350.7070617675781,107160000,0.0,0.0,0.0
2021-01-19 00:00:00-05:00,353.1715010243876,354.0023087961402,351.68727678504865,353.46087646484375,51233300,0.0,0.0,0.0
2021-01-20 00:00:00-05:00,355.7571726966947,359.19238745633976,355.36512856654605,358.3522644042969,61836100,0.0,0.0,0.0
2021-01-21 00:00:00-05:00,358.91226309822,359.3416826708344,357.7547617001526,358.67889404296875,47840100,0.0,0.0,0.0
2021-01-22 00:00:00-05:00,356.82135964624223,358.576299864494,356.4386308975861,357.4094543457031,52860500,0.0,0.0,0.0
2021-01-25 00:00:00-05:00,358.14683518859727,359.1736362444542,353.28340355342897,358.8189392089844,70402000,0.0,0.0,0.0
2021-01-26 00:00:00-05:00,359.77113832425107,360.1818702142021,358.0255420356784,358.2589111328125,42665300,0.0,0.0,0.0
2021-01-27 00:00:00-05:00,354.9264257168376,355.0197790616294,347.2625918497044,349.5029296875,123351100,0.0,0.0,0.0
2021-01-28 00:00:00-05:00,351.3231034198512,356.5225729048654,350.8843969357279,352.5086364746094,94198100,0.0,0.0,0.0
2021-01-29 00:00:00-05:00,350.64172533967934,351.61254871858694,343.77132460135704,345.45159912109375,126765100,0.0,0.0,0.0
2021-02-01 00:00:00-05:00,348.8587780208287,352.2379578048874,345.7409704717956,351.2018127441406,75817600,0.0,0.0,0.0
2021-02-02 00:00:00-05:00,354.3942778932452,357.7267951804312,351.2858142934959,356.1678771972656,64450700,0.0,0.0,0.0
2021-02-03 00:00:00-05:00,356.9986846197431,358.1748738940465,355.1690790166105,356.44793701171875,52427100,0.0,0.0,0.0
2021-02-04 00:00:00-05:00,357.48412843034953,360.54593000501114,356.5599958734592,360.499267578125,47142600,0.0,0.0,0.0
2021-02-05 00:00:00-05:00,362.37563580655404,362.6276642388405,360.4526762455501,361.918212890625,48669800,0.0,0.0,0.0
2021-02-08 00:00:00-05:00,363.3743303003986,364.57852277431755,362.5155480071299,364.5318603515625,38365200,0.0,0.0,0.0
2021-02-09 00:00:00-05:00,363.6918069034681,364.88668430746935,363.2811034051492,364.28924560546875,35551100,0.0,0.0,0.0
2021-02-10 00:00:00-05:00,366.03476248455763,366.18412212748876,361.7221060618875,364.1304626464844,59154400,0.0,0.0,0.0
2021-02-11 00:00:00-05:00,365.21324714349873,365.6333228604152,362.2821464660776,364.718505859375,42913300,0.0,0.0,0.0
2021-02-12 00:00:00-05:00,363.9157347942992,366.7628260637993,363.8410407386607,366.5201416015625,50593300,0.0,0.0,0.0
2021-02-16 00:00:00-05:00,367.7523022937143,367.94835282080294,365.48396180113076,366.2027282714844,50972400,0.0,0.0,0.0
2021-02-17 00:00:00-05:00,364.44785462236365,366.53883256205916,363.4303403165047,366.28680419921875,52290600,0.0,0.0,0.0
2021-02-18 00:00:00-05:00,363.67307236862246,365.4746750089571,361.94613530686405,364.7279052734375,59712800,0.0,0.0,0.0
2021-02-19 00:00:00-05:00,365.98810111308705,366.27747651977455,363.6357223394478,364.08380126953125,83241000,0.0,0.0,0.0
2021-02-22 00:00:00-05:00,361.3113588642894,363.7010560751068,361.01263959107774,361.2833557128906,67414200,0.0,0.0,0.0
2021-02-23 00:00:00-05:00,359.07103736191505,363.0756591158048,354.907740572143,361.72210693359375,107284100,0.0,0.0,0.0
2021-02-24 00:00:00-05:00,360.62989435018375,366.1374274308675,359.64041172948737,365.7080078125,72433900,0.0,0.0,0.0
2021-02-25 00:00:00-05:00,364.4384697020069,365.81068094226185,355.4490887696667,356.8959655761719,146670500,0.0,0.0,0.0
2021-02-26 00:00:00-05:00,358.7816272202917,359.9297848553106,353.0687567328293,355.0570373535156,152701600,0.0,0.0,0.0
2021-03-01 00:00:00-05:00,359.9391650515009,364.9146102633819,355.25312373479255,363.6637268066406,105348800,0.0,0.0,0.0
2021-03-02 00:00:00-05:00,363.88769800390025,364.1210670531839,360.3218120938631,360.8258972167969,79595300,0.0,0.0,0.0
2021-03-03 00:00:00-05:00,360.1258878731515,361.0966828708714,355.9439031187562,356.0466003417969,119940200,0.0,0.0,0.0
2021-03-04 00:00:00-05:00,355.8597434146291,358.45480571232014,347.1410804650136,351.64044189453125,183433000,0.0,0.0,0.0
2021-03-05 00:00:00-05:00,355.15051616090403,359.1644828243932,347.850750451971,358.1096496582031,152039600,0.0,0.0,0.0
2021-03-08 00:00:00-05:00,359.0710219126789,361.8901102789775,356.04656760662095,356.32659912109375,123149200,0.0,0.0,0.0
2021-03-09 00:00:00-05:00,360.1818364281521,363.97174793111003,359.67775124914425,361.4140319824219,113633600,0.0,0.0,0.0
2021-03-10 00:00:00-05:00,363.76642402507724,365.36266070764583,362.3475501391762,363.6637268066406,109899400,0.0,0.0,0.0
2021-03-11 00:00:00-05:00,366.1374442709955,369.3299174808508,365.68002148147286,367.3509521484375,86245000,0.0,0.0,0.0
2021-03-12 00:00:00-05:00,365.9880942291193,367.9857188856928,365.1759743296628,367.845703125,64653600,0.0,0.0,0.0
2021-03-15 00:00:00-04:00,368.0977512494196,370.3007704564928,365.9507668370694,370.0393981933594,73427200,0.0,0.0,0.0
2021-03-16 00:00:00-04:00,370.6554678400284,371.36489050741085,368.7978304984493,369.5726318359375,73722500,0.0,0.0,0.0
2021-03-17 00:00:00-04:00,368.2844240106245,371.6356006957716,367.13623784220084,370.83282470703125,97959300,0.0,0.0,0.0
2021-03-18 00:00:00-04:00,368.2377458306638,370.32872365366313,364.75586893126194,365.43731689453125,115349100,0.0,0.0,0.0
2021-03-19 00:00:00-04:00,365.13574666256363,366.71849082891276,362.57899949059845,364.7611389160156,113624500,1.278,0.0,0.0
2021-03-22 00:00:00-04:00,365.2762430701566,369.0598472746513,365.2200533338156,367.67376708984375,73778600,0.0,0.0,0.0
2021-03-23 00:00:00-04:00,367.0369263591319,368.48854216406016,363.9931918294677,364.7798767089844,90686600,0.0,0.0,0.0
2021-03-24 00:00:00-04:00,366.1847155376861,367.82364968651206,362.87875236928403,362.9255676269531,97588600,0.0,0.0,0.0
2021-03-25 00:00:00-04:00,361.48328710314735,365.76322438235565,359.53528100576926,364.9671936035156,116128600,0.0,0.0,0.0
2021-03-26 00:00:00-04:00,366.11915050544366,371.2513660035237,365.51978373718055,370.8486633300781,114409100,0.0,0.0,0.0
2021-03-29 00:00:00-04:00,369.3688948067096,371.5697547729306,367.87980961613647,370.66131591796875,108107600,0.0,0.0,0.0
2021-03-30 00:00:00-04:00,369.3876248451176,370.3522533875979,368.0764548349009,369.6779479980469,76262200,0.0,0.0,0.0
2021-03-31 00:00:00-04:00,370.24914105321983,372.7403235296133,370.22104619216304,371.1763000488281,112734200,0.0,0.0,0.0
2021-04-01 00:00:00-04:00,373.1150522840873,375.2410022566375,372.9090137092309,375.1847839355469,99682900,0.0,0.0,0.0
2021-04-05 00:00:00-04:00,377.85385187937834,381.1129992139736,377.77894176420136,380.5697937011719,91684800,0.0,0.0,0.0
2021-04-06 00:00:00-04:00,380.0079543326237,381.3940060302929,379.6707873110672,380.3450927734375,62021000,0.0,0.0,0.0
2021-04-07 00:00:00-04:00,380.17650659126247,381.1317607116918,379.71761420704763,380.7852478027344,55836300,0.0,0.0,0.0
2021-04-08 00:00:00-04:00,382.04013051081506,382.64887161223606,381.1035969453254,382.5926818847656,57863100,0.0,0.0,0.0
2021-04-09 00:00:00-04:00,382.47097521271746,385.5428043143524,382.3492212703383,385.37420654296875,61104600,0.0,0.0,0.0
2021-04-12 00:00:00-04:00,384.77490083514505,385.7863447199532,384.16615960757355,385.5147705078125,56704900,0.0,0.0,0.0
2021-04-13 00:00:00-04:00,385.4117103588361,387.28477774882987,385.02772811419857,386.65728759765625,56551000,0.0,0.0,0.0
2021-04-14 00:00:00-04:00,386.629184455803,387.68747208141957,384.7935864554999,385.3367919921875,61659900,0.0,0.0,0.0
2021-04-15 00:00:00-04:00,387.48146637214757,389.7478906331614,387.4346511167277,389.4762878417969,60229800,0.0,0.0,0.0
2021-04-16 00:00:00-04:00,390.7687322055155,391.3868479497779,389.34521110344514,390.7781066894531,82037300,0.0,0.0,0.0
2021-04-19 00:00:00-04:00,389.84150124750823,390.2910191020154,387.52826201872847,388.8581237792969,78498500,0.0,0.0,0.0
2021-04-20 00:00:00-04:00,387.64066789352995,388.74577080213885,384.53136914456286,386.0111083984375,81851800,0.0,0.0,0.0
2021-04-21 00:00:00-04:00,385.3930131171493,389.8696433048298,385.2525101898703,389.6636047363281,66793000,0.0,0.0,0.0
2021-04-22 00:00:00-04:00,389.49495074233465,390.3284507375282,385.03704191092794,386.10467529296875,97582800,0.0,0.0,0.0
2021-04-23 00:00:00-04:00,386.6666955199945,391.70525180773853,386.5917853934421,390.29107666015625,73209200,0.0,0.0,0.0
2021-04-26 00:00:00-04:00,390.94660972783475,391.67710483269894,390.35658895453304,391.1058044433594,52182400,0.0,0.0,0.0
2021-04-27 00:00:00-04:00,391.40549711447903,391.6021897569146,389.87894270910715,391.0215148925781,51303100,0.0,0.0,0.0
2021-04-28 00:00:00-04:00,391.29303976265567,392.4168913386958,390.44079089062626,390.9090576171875,51238900,0.0,0.0,0.0
2021-04-29 00:00:00-04:00,393.6437764159888,394.0183841082512,390.01002178149986,393.4002685546875,78544300,0.0,0.0,0.0
2021-04-30 00:00:00-04:00,391.1245628402862,391.97681191330355,389.9164263982354,390.81549072265625,85527000,0.0,0.0,0.0
2021-05-03 00:00:00-04:00,392.8103349425953,393.19431720102517,391.1620550150992,391.6584167480469,68128300,0.0,0.0,0.0
2021-05-04 00:00:00-04:00,389.6636086069614,390.15997035681755,385.54286577673696,389.2421569824219,101591200,0.0,0.0,0.0
2021-05-05 00:00:00-04:00,390.8904461283248,391.12457955682845,388.8019656570056,389.3638916015625,60162200,0.0,0.0,0.0
2021-05-06 00:00:00-04:00,389.4387864991381,392.60427490167996,387.4252448088687,392.4731750488281,74321400,0.0,0.0,0.0
2021-05-07 00:00:00-04:00,393.24119875539816,395.98523598413163,392.5575187788485,395.32965087890625,67733800,0.0,0.0,0.0
2021-05-10 00:00:00-04:00,395.68544689624537,395.9102058149185,391.2931020158375,391.41485595703125,81852400,0.0,0.0,0.0
2021-05-11 00:00:00-04:00,386.88203125937775,388.91429314191333,384.0349611467462,387.92156982421875,116888000,0.0,0.0,0.0
2021-05-12 00:00:00-04:00,385.1308094211373,386.4044816854546,378.3596596779323,379.68017578125,134811000,0.0,0.0,0.0
2021-05-13 00:00:00-04:00,381.2347930730612,386.17969003386344,381.1879492380252,384.2410583496094,106394000,0.0,0.0,0.0
2021-05-14 00:00:00-04:00,386.98499995571507,390.9933621968704,386.9569050939137,390.14111328125,82201600,0.0,0.0,0.0
2021-05-17 00:00:00-04:00,389.02674264587563,389.96327633452273,387.1255518204116,389.1484680175781,65129200,0.0,0.0,0.0
2021-05-18 00:00:00-04:00,389.41072188893645,389.6542298098184,385.63649201897573,385.79571533203125,59810200,0.0,0.0,0.0
2021-05-19 00:00:00-04:00,381.09429383699194,384.96215388896104,379.6051801496055,384.7842102050781,106467100,0.0,0.0,0.0
2021-05-20 00:00:00-04:00,385.66455855446543,390.18803224068034,385.5428331837092,388.9237060546875,78022200,0.0,0.0,0.0
2021-05-21 00:00:00-04:00,390.4127887790832,391.6583945728601,388.1463932893185,388.60528564453125,76578700,0.0,0.0,0.0
2021-05-24 00:00:00-04:00,390.8529000953224,393.6437803046068,390.60939223161563,392.5667724609375,51376700,0.0,0.0,0.0
2021-05-25 00:00:00-04:00,393.6532139010418,394.0091012947467,391.1152154711999,391.69586181640625,57451400,0.0,0.0,0.0
2021-05-26 00:00:00-04:00,392.2858568810516,392.9788826564934,391.2463182178888,392.4731750488281,43088600,0.0,0.0,0.0
2021-05-27 00:00:00-04:00,393.5033839792261,394.0184660906669,392.3982524731179,392.6792297363281,56707700,0.0,0.0,0.0
2021-05-28 00:00:00-04:00,394.25256120863554,394.5147894803722,393.14745839065523,393.381591796875,58520200,0.0,0.0,0.0
2021-06-01 00:00:00-04:00,395.75100639492683,395.8914807174247,392.59489276628096,393.0350646972656,54216600,0.0,0.0,0.0
2021-06-02 00:00:00-04:00,393.69063707237825,394.49607085534825,392.67919332852506,393.6531677246094,49097100,0.0,0.0,0.0
2021-06-03 00:00:00-04:00,391.33060472483857,393.334771942257,389.8602399847774,392.19219970703125,58138800,0.0,0.0,0.0
2021-06-04 00:00:00-04:00,394.04658162329105,396.0788724688653,392.257798702454,395.7791748046875,55938800,0.0,0.0,0.0
2021-06-07 00:00:00-04:00,395.7697493431614,395.94769302205015,394.45860795719597,395.3951416015625,51555000,0.0,0.0,0.0
2021-06-08 00:00:00-04:00,396.25680266649715,396.350461762709,393.64389394087016,395.4794921875,47134300,0.0,0.0,0.0
2021-06-09 00:00:00-04:00,396.3223302537251,396.39726895606424,394.66467586891736,394.8894348144531,48436300,0.0,0.0,0.0
2021-06-10 00:00:00-04:00,396.11632588813575,397.6803499011452,394.7958098076381,396.7250671386719,51020100,0.0,0.0,0.0
2021-06-11 00:00:00-04:00,397.2775797356141,397.4929641801739,395.9851587453018,397.3805847167969,45570800,0.0,0.0,0.0
2021-06-14 00:00:00-04:00,397.4930161999577,398.37336021927234,396.2474388768698,398.2703552246094,42358500,0.0,0.0,0.0
2021-06-15 00:00:00-04:00,398.42023055247114,398.45767132716105,396.65954239674767,397.5398864746094,51508500,0.0,0.0,0.0
2021-06-16 00:00:00-04:00,397.68030413045653,397.90506306952614,393.2692384667754,395.3202209472656,80386100,0.0,0.0,0.0
2021-06-17 00:00:00-04:00,394.90810776864157,396.1724051746695,392.7072482480886,395.1890563964844,90949700,0.0,0.0,0.0
2021-06-18 00:00:00-04:00,391.896790534333,392.592083637559,389.6511670033553,389.8578796386719,118676300,1.376,0.0,0.0
2021-06-21 00:00:00-04:00,391.6242619775581,395.62695686561256,390.8068166664467,395.43902587890625,72822000,0.0,0.0,0.0
2021-06-22 00:00:00-04:00,395.42969035743977,398.389417322035,394.7061817905028,397.55316162109375,57700300,0.0,0.0,0.0
2021-06-23 00:00:00-04:00,397.62833378473624,398.4363740041373,396.98941426136173,397.073974609375,49445400,0.0,0.0,0.0
2021-06-24 00:00:00-04:00,399.2255746441919,399.84568372840573,398.97186498095675,399.4228820800781,45110300,0.0,0.0,0.0
2021-06-25 00:00:00-04:00,400.1745990767725,401.2927224783095,399.84573419263063,400.8417053222656,58129500,0.0,0.0,0.0
2021-06-28 00:00:00-04:00,401.3679429641706,401.81893148712265,400.1652591125572,401.6498107910156,53159600,0.0,0.0,0.0
2021-06-29 00:00:00-04:00,402.03502644822527,402.6739459356344,401.3303282468715,401.86590576171875,35970500,0.0,0.0,0.0
2021-06-30 00:00:00-04:00,401.40552932754713,402.8807046128434,401.3773425432404,402.2041931152344,64827900,0.0,0.0,0.0
2021-07-01 00:00:00-04:00,402.96519934453073,404.59071343950365,402.8994206337779,404.43096923828125,53441000,0.0,0.0,0.0
2021-07-02 00:00:00-04:00,405.5960838218622,407.8792989685119,404.5155237085029,407.5222473144531,57697700,0.0,0.0,0.0
2021-07-06 00:00:00-04:00,407.57860135192897,407.7947190990981,404.0363291087906,406.7799377441406,68710400,0.0,0.0,0.0
2021-07-07 00:00:00-04:00,407.4659236755757,408.4994868338858,405.4457944463871,408.21759033203125,63549500,0.0,0.0,0.0
2021-07-08 00:00:00-04:00,402.88063542340194,405.65245965927846,401.6967333373441,404.8913879394531,97595200,0.0,0.0,0.0
2021-07-09 00:00:00-04:00,406.404234803974,409.51430122433743,404.6941599281868,409.213623046875,76238600,0.0,0.0,0.0
2021-07-12 00:00:00-04:00,409.1289909276716,410.93303100178167,408.69678404478105,410.6793212890625,52889600,0.0,0.0,0.0
2021-07-13 00:00:00-04:00,409.89002955289146,411.39339138063787,409.0162107057125,409.279296875,52911300,0.0,0.0,0.0
2021-07-14 00:00:00-04:00,410.9799818157925,411.46859091611077,408.64039298286,409.8900451660156,64130400,0.0,0.0,0.0
2021-07-15 00:00:00-04:00,408.54645535264586,409.22296681332864,406.58269968847173,408.4900817871094,55126400,0.0,0.0,0.0
2021-07-16 00:00:00-04:00,409.67403653672767,409.72100495594833,404.89148728557234,405.2861022949219,75874700,0.0,0.0,0.0
2021-07-19 00:00:00-04:00,400.4471526449849,405.3518538666455,396.48204913878226,399.30084228515625,147987000,0.0,0.0,0.0
2021-07-20 00:00:00-04:00,399.96790941735486,406.3008168970858,399.1692457026754,405.02294921875,99608200,0.0,0.0,0.0
2021-07-21 00:00:00-04:00,406.2256517266708,408.44311713039826,404.97599944679223,408.3021545410156,64724400,0.0,0.0,0.0
2021-07-22 00:00:00-04:00,408.4806845710952,409.40150061648984,407.4941184807939,409.1571960449219,47878500,0.0,0.0,0.0
2021-07-23 00:00:00-04:00,411.09270795314995,413.7047879837423,410.406820096168,413.3665466308594,63766600,0.0,0.0,0.0
2021-07-26 00:00:00-04:00,412.77467409357666,414.390783326833,412.7277056770462,414.3813781738281,43719200,0.0,0.0,0.0
2021-07-27 00:00:00-04:00,413.33843005163095,413.366616835825,409.6551944295432,412.4927978515625,67397100,0.0,0.0,0.0
2021-07-28 00:00:00-04:00,413.1223026819993,413.70484865800637,410.8954607595387,412.3236389160156,52472400,0.0,0.0,0.0
2021-07-29 00:00:00-04:00,413.25383798722675,415.1142229497678,413.244432835135,414.03369140625,47435300,0.0,0.0,0.0
2021-07-30 00:00:00-04:00,411.4592763561998,413.4794058929077,411.3277189004587,412.0230407714844,68951200,0.0,0.0,0.0
2021-08-02 00:00:00-04:00,413.74243239731,414.2967915787936,410.80148711775246,411.1585388183594,58783300,0.0,0.0,0.0
2021-08-03 00:00:00-04:00,411.9571471850933,414.6256007542447,409.7584923853187,414.5034484863281,58053900,0.0,0.0,0.0
2021-08-04 00:00:00-04:00,413.2162051367815,414.4752623999069,412.2296391891377,412.46453857421875,46732200,0.0,0.0,0.0
2021-08-05 00:00:00-04:00,413.62973259284104,415.1612815500288,413.3102727910731,415.07672119140625,38969700,0.0,0.0,0.0
2021-08-06 00:00:00-04:00,415.3961145625114,416.1853731243509,415.1142180712691,415.7625427246094,46930000,0.0,0.0,0.0
2021-08-09 00:00:00-04:00,415.7343710161899,416.0538307784521,414.6538394461939,415.42431640625,41222600,0.0,0.0,0.0
2021-08-10 00:00:00-04:00,415.87529184094507,416.6551739287781,415.1894039248862,415.9410705566406,43339300,0.0,0.0,0.0
2021-08-11 00:00:00-04:00,417.012231826999,417.0686053915082,415.88470318832685,416.9746398925781,44034300,0.0,0.0,0.0
2021-08-12 00:00:00-04:00,416.8243432652148,418.3652973166653,415.92233746699225,418.2243347167969,38909400,0.0,0.0,0.0
2021-08-13 00:00:00-04:00,418.67532930381714,419.0041942286406,418.18674883001233,418.98541259765625,39470300,0.0,0.0,0.0
2021-08-16 00:00:00-04:00,417.679364182721,420.1035136305941,416.1196285607499,419.97198486328125,73740000,0.0,0.0,0.0
2021-08-17 00:00:00-04:00,417.4068964866176,418.08340801553624,414.2216750155511,417.218994140625,92673900,0.0,0.0,0.0
2021-08-18 00:00:00-04:00,416.20414359044753,417.77328419430097,412.4081899435472,412.6524658203125,89351900,0.0,0.0,0.0
2021-08-19 00:00:00-04:00,409.9182602000073,414.4941248838144,409.77732628606446,413.2914123535156,92812200,0.0,0.0,0.0
2021-08-20 00:00:00-04:00,413.6391004134635,416.9088820154154,413.1504912643013,416.58001708984375,72008700,0.0,0.0,0.0
2021-08-23 00:00:00-04:00,418.2712850399687,421.15585665021996,416.65517596697146,420.24444580078125,54973000,0.0,0.0,0.0
2021-08-24 00:00:00-04:00,420.9114990234375,421.44707648763705,420.39473186101094,420.9114990234375,38744700,0.0,0.0,0.0
2021-08-25 00:00:00-04:00,421.0995066942213,422.31156706123744,420.7236446811897,421.7947998046875,40529700,0.0,0.0,0.0
2021-08-26 00:00:00-04:00,421.5128715397554,421.74777094308087,419.21087459171173,419.3048400878906,57829600,0.0,0.0,0.0
2021-08-27 00:00:00-04:00,420.1128878373361,423.4296663250528,420.05651427346226,423.0538330078125,77235100,0.0,0.0,0.0
2021-08-30 00:00:00-04:00,423.7304042836071,425.7035653205543,423.48609968949273,424.914306640625,48357400,0.0,0.0,0.0
2021-08-31 00:00:00-04:00,424.8202760109067,425.1585173900656,423.68337092085335,424.2846984863281,59300200,0.0,0.0,0.0
2021-09-01 00:00:00-04:00,425.22426566850635,425.74103285220224,424.2752629656099,424.5101623535156,48721400,0.0,0.0,0.0
2021-09-02 00:00:00-04:00,425.9383448896331,426.62423271200475,424.6135089758772,425.8161926269531,42501000,0.0,0.0,0.0
2021-09-03 00:00:00-04:00,424.67935614944514,426.22968653702213,424.27530736753846,425.712890625,47170500,0.0,0.0,0.0
2021-09-07 00:00:00-04:00,425.3652930962159,425.4592586068878,423.5142843655472,424.1907958984375,51671500,0.0,0.0,0.0
2021-09-08 00:00:00-04:00,423.65516856635304,424.38805353516796,421.74775794287143,423.6739501953125,56181900,0.0,0.0,0.0
2021-09-09 00:00:00-04:00,423.4766130290712,425.2336558006691,421.6161996198401,421.8605041503906,57970400,0.0,0.0,0.0
2021-09-10 00:00:00-04:00,423.7961769601356,424.21897874285884,418.41227153281125,418.534423828125,89948200,0.0,0.0,0.0
2021-09-13 00:00:00-04:00,421.5411274345474,421.8042136445405,417.2847223106919,419.60552978515625,83738600,0.0,0.0,0.0
2021-09-14 00:00:00-04:00,421.0524576426946,421.25917025465293,416.4484352937043,417.341064453125,78197100,0.0,0.0,0.0
2021-09-15 00:00:00-04:00,417.7638680701213,421.3249508984544,416.65514981646095,420.82696533203125,78792200,0.0,0.0,0.0
2021-09-16 00:00:00-04:00,420.30081550036397,421.2779763825917,417.2001261406688,420.1598815917969,77786700,0.0,0.0,0.0
2021-09-17 00:00:00-04:00,419.3851062677207,419.80926254964635,415.7089125610423,416.0671081542969,118425000,1.428,0.0,0.0
2021-09-20 00:00:00-04:00,409.9213037384681,411.50487801227933,404.2467861081484,409.1295166015625,166445500,0.0,0.0,0.0
2021-09-21 00:00:00-04:00,411.47662969483383,412.77743321287386,408.21521438159147,408.7430725097656,92526100,0.0,0.0,0.0
2021-09-22 00:00:00-04:00,411.0241068459511,414.7756961285755,408.85612048010717,412.730224609375,102350100,0.0,0.0,0.0
2021-09-23 00:00:00-04:00,414.60606264353015,419.3568141940667,414.37041068440186,417.74493408203125,76396000,0.0,0.0,0.0
2021-09-24 00:00:00-04:00,416.1048626430328,419.1494967277745,415.8880524551406,418.43310546875,62094800,0.0,0.0,0.0
2021-09-27 00:00:00-04:00,417.39615861384715,418.5649830834851,416.5383820618651,417.2359313964844,61371100,0.0,0.0,0.0
2021-09-28 00:00:00-04:00,414.4552199782642,414.78513845678503,408.0926174189165,408.8278503417969,130436300,0.0,0.0,0.0
2021-09-29 00:00:00-04:00,410.21354238310084,411.9573727856747,408.9504512241524,409.5160217285156,82329200,0.0,0.0,0.0
2021-09-30 00:00:00-04:00,410.9958599619211,411.7028158417851,404.1713884067889,404.5107421875,140506000,0.0,0.0,0.0
2021-10-01 00:00:00-04:00,406.2452022277685,411.005361074828,402.71042226229474,409.3180847167969,129240100,0.0,0.0,0.0
2021-10-04 00:00:00-04:00,408.1491541596147,409.0540495415791,401.89022491627236,404.0393981933594,128570000,0.0,0.0,0.0
2021-10-05 00:00:00-04:00,405.54759580480123,410.4962870615469,404.7464021380248,408.24346923828125,90682500,0.0,0.0,0.0
2021-10-06 00:00:00-04:00,404.6332078979385,410.1474688443581,403.00251494341944,409.9400939941406,113032200,0.0,0.0,0.0
2021-10-07 00:00:00-04:00,413.22978973248706,416.3309482512412,413.050691974127,413.4842834472656,72437500,0.0,0.0,0.0
2021-10-08 00:00:00-04:00,414.25727336121037,414.64374599907245,412.0986935121197,412.730224609375,74557400,0.0,0.0,0.0
2021-10-11 00:00:00-04:00,412.07042992014857,414.9925198577681,409.67619805003494,409.7421875,65233300,0.0,0.0,0.0
2021-10-12 00:00:00-04:00,410.6659754162395,411.0712898886133,407.9418249170345,408.7336120605469,71181200,0.0,0.0,0.0
2021-10-13 00:00:00-04:00,409.7610137268703,411.02410468083355,406.77296321895665,410.20404052734375,72974000,0.0,0.0,0.0
2021-10-14 00:00:00-04:00,413.88021160469805,417.2547635679065,413.4089077144482,417.10394287109375,70236800,0.0,0.0,0.0
2021-10-15 00:00:00-04:00,419.2248319298455,420.64817895672934,418.60270731079913,420.2805480957031,66260200,0.0,0.0,0.0
2021-10-18 00:00:00-04:00,418.48964263205755,421.8641663546868,417.82980557650626,421.52484130859375,62213200,0.0,0.0,0.0
2021-10-19 00:00:00-04:00,423.15553826181207,424.842785639923,422.5428201325496,424.7768249511719,46996800,0.0,0.0,0.0
2021-10-20 00:00:00-04:00,425.23865361845753,426.7468318240217,425.1255452871089,426.4451904296875,49571600,0.0,0.0,0.0
2021-10-21 00:00:00-04:00,425.84191151559463,427.78368126436493,425.4083199861109,427.5574645996094,41305400,0.0,0.0,0.0
2021-10-22 00:00:00-04:00,427.123876201105,428.5755002648435,425.1632358718283,427.11444091796875,58845100,0.0,0.0,0.0
2021-10-25 00:00:00-04:00,428.20786672133556,429.7348867422343,426.4263529523227,429.40496826171875,45214500,0.0,0.0,0.0
2021-10-26 00:00:00-04:00,430.96032670037073,432.1762701326921,429.41443599649216,429.7914733886719,56075100,0.0,0.0,0.0
2021-10-27 00:00:00-04:00,430.25334493703315,430.92258842537706,427.8119654031517,427.88739013671875,72438000,0.0,0.0,0.0
2021-10-28 00:00:00-04:00,429.3201484126634,432.0914176968122,429.31074189544364,432.0160217285156,51437900,0.0,0.0,0.0
2021-10-29 00:00:00-04:00,429.7066201419855,433.1848452815996,429.41441402054215,432.89263916015625,70162400,0.0,0.0,0.0
2021-11-01 00:00:00-04:00,433.88238758484846,434.25945374272055,431.9029340865654,433.6373291015625,48433600,0.0,0.0,0.0
2021-11-02 00:00:00-04:00,433.80692885371445,435.7015795883174,433.6749499643309,435.3905029296875,48908400,0.0,0.0,0.0
2021-11-03 00:00:00-04:00,434.824974662078,438.4540205123054,434.38194783725373,438.0487060546875,52509800,0.0,0.0,0.0
2021-11-04 00:00:00-04:00,438.6519168416605,440.19780731748654,438.30315658619134,440.11297607421875,52847100,0.0,0.0,0.0
2021-11-05 00:00:00-04:00,442.34693990521987,443.6383078504751,440.1223995429621,441.6399841308594,66390600,0.0,0.0,0.0
2021-11-08 00:00:00-05:00,442.74291629469593,443.2424973018923,441.3290045272223,442.01708984375,50405200,0.0,0.0,0.0
2021-11-09 00:00:00-05:00,442.38469167396323,442.6203436197412,439.1421185987696,440.5560302734375,51149100,0.0,0.0,0.0
2021-11-10 00:00:00-05:00,438.8593134798678,440.5560247277753,435.52250268125164,437.0118103027344,69429700,0.0,0.0,0.0
2021-11-11 00:00:00-05:00,438.5105557419173,438.58598047307254,437.1343564424519,437.1531982421875,34848500,0.0,0.0,0.0
2021-11-12 00:00:00-05:00,438.4256394168255,441.00837501863305,437.4735965419544,440.4522399902344,53466700,0.0,0.0,0.0
2021-11-15 00:00:00-05:00,441.7437255438924,441.9039527580955,439.4720373333301,440.6031494140625,46980500,0.0,0.0,0.0
2021-11-16 00:00:00-05:00,440.33925603652415,443.4875628369249,440.2638600648137,442.3470153808594,48857500,0.0,0.0,0.0
2021-11-17 00:00:00-05:00,442.08305932224823,442.26215710599143,440.6503058184097,441.2724304199219,47858300,0.0,0.0,0.0
2021-11-18 00:00:00-05:00,442.3092818090162,443.0351082367169,439.57572489933375,442.77117919921875,50625600,0.0,0.0,0.0
2021-11-19 00:00:00-05:00,442.65802009464244,443.9117045350223,441.61173927995986,441.9793701171875,57315600,0.0,0.0,0.0
2021-11-22 00:00:00-05:00,443.86460275344604,446.36250768150074,440.5277630718727,440.7351379394531,72762000,0.0,0.0,0.0
2021-11-23 00:00:00-05:00,440.4052492954006,442.17735669005066,437.7942358564973,441.319580078125,73206500,0.0,0.0,0.0
2021-11-24 00:00:00-05:00,439.31178380523045,442.6203463495124,438.49171963144255,442.497802734375,61858800,0.0,0.0,0.0
2021-11-26 00:00:00-05:00,435.8052147500473,437.2756803736522,431.4974909123612,432.6286315917969,112669600,0.0,0.0,0.0
2021-11-29 00:00:00-05:00,437.43599642318605,439.78308057442894,435.23029768476994,437.9355773925781,86268800,0.0,0.0,0.0
2021-11-30 00:00:00-05:00,435.48482555019865,437.39831833000216,429.1693414654298,429.4144287109375,148559600,0.0,0.0,0.0
2021-12-01 00:00:00-05:00,435.14550168253277,438.00160231739363,424.4468968317913,424.64483642578125,131939200,0.0,0.0,0.0
2021-12-02 00:00:00-05:00,424.86159569596447,432.72294077139185,424.46568778929884,431.1487731933594,127637800,0.0,0.0,0.0
2021-12-03 00:00:00-05:00,432.81724224030523,433.8823649056814,423.1555121550906,427.3972473144531,137331600,0.0,0.0,0.0
2021-12-06 00:00:00-05:00,429.9516141605067,434.3441690792136,427.52910569664,432.4589538574219,98977500,0.0,0.0,0.0
2021-12-07 00:00:00-05:00,437.7565007699795,441.9699588724803,432.32707052619116,441.4043884277344,95484700,0.0,0.0,0.0
2021-12-08 00:00:00-05:00,441.8002646583124,443.02564322888617,440.03756399938356,442.57318115234375,72238800,0.0,0.0,0.0
2021-12-09 00:00:00-05:00,441.28188781159673,442.67695787577196,439.3872654713124,439.585205078125,61272600,0.0,0.0,0.0
2021-12-10 00:00:00-05:00,442.29985686872703,443.87399574484607,439.73596256863544,443.7231750488281,77159800,0.0,0.0,0.0
2021-12-13 00:00:00-05:00,443.2047772409396,443.55353753495234,439.5097418956549,439.79254150390625,87724700,0.0,0.0,0.0
2021-12-14 00:00:00-05:00,436.5122908896429,439.0101960824684,433.83528789373645,436.76678466796875,97264100,0.0,0.0,0.0
2021-12-15 00:00:00-05:00,436.8233302887185,443.836306031787,434.29711945911913,443.59124755859375,116899300,0.0,0.0,0.0
2021-12-16 00:00:00-05:00,445.4481988016898,445.73096965038803,438.1241173932083,439.679443359375,116568600,0.0,0.0,0.0
2021-12-17 00:00:00-05:00,436.5890765889238,439.60656170872556,433.28782720309647,434.99993896484375,135511600,1.633,0.0,0.0
2021-12-20 00:00:00-05:00,429.9015214328205,430.77175124096993,426.7421536442943,430.3744812011719,107134800,0.0,0.0,0.0
2021-12-21 00:00:00-05:00,433.8080425274013,438.15927714312926,431.6324396531206,438.01739501953125,69806300,0.0,0.0,0.0
2021-12-22 00:00:00-05:00,437.7620647368325,442.5105699227821,437.5634008705162,442.3970642089844,58890200,0.0,0.0,0.0
2021-12-23 00:00:00-05:00,443.39970160734777,446.653666526917,443.2956643336112,445.149658203125,56439700,0.0,0.0,0.0
2021-12-27 00:00:00-05:00,446.5307010758358,451.49677783042705,446.48341665361187,451.4494934082031,56808600,0.0,0.0,0.0
2021-12-28 00:00:00-05:00,451.88454250211123,452.9155910142482,450.314313092651,451.08050537109375,47274600,0.0,0.0,0.0
2021-12-29 00:00:00-05:00,451.1846940580111,452.6792341682965,450.18202169614966,451.65765380859375,54503000,0.0,0.0,0.0
2021-12-30 00:00:00-05:00,452.083263571022,453.095404283241,449.9455053015741,450.40899658203125,55329000,0.0,0.0,0.0
2021-12-31 00:00:00-05:00,449.9170813081463,451.07107517141947,448.9995384088033,449.2738342285156,65237400,0.0,0.0,0.0
2022-01-03 00:00:00-05:00,450.5414027577386,452.0075951613326,448.22391752702976,451.8751525878906,72668200,0.0,0.0,0.0
2022-01-04 00:00:00-05:00,453.3034834561525,454.02239141771696,449.86032307936296,451.7237854003906,71178700,0.0,0.0,0.0
2022-01-05 00:00:00-05:00,451.35488393612025,452.1305447371283,442.95511542561405,443.0497131347656,104538900,0.0,0.0,0.0
2022-01-06 00:00:00-05:00,442.5862910110763,445.35782823235684,440.2593082446205,442.6335754394531,86858900,0.0,0.0,0.0
2022-01-07 00:00:00-05:00,442.6430005573575,443.8253998227985,439.5214491762915,440.8835754394531,85111600,0.0,0.0,0.0
2022-01-10 00:00:00-05:00,437.6768689948834,440.5524428650343,431.90675552654443,440.33489990234375,119362000,0.0,0.0,0.0
2022-01-11 00:00:00-05:00,440.0700665321806,444.44020928004124,437.0620210810528,444.3456115722656,74303100,0.0,0.0,0.0
2022-01-12 00:00:00-05:00,446.0860864554399,447.6090315640581,443.5794060432317,445.5469055175781,67605400,0.0,0.0,0.0
2022-01-13 00:00:00-05:00,446.65367438215316,447.30636106377136,438.3768798065865,439.4079284667969,91173100,0.0,0.0,0.0
2022-01-14 00:00:00-05:00,436.2486128671345,439.93769311285763,435.0283686395281,439.58770751953125,95890900,0.0,0.0,0.0
2022-01-18 00:00:00-05:00,434.8769416667024,435.08504507309425,430.6865259809416,431.8027038574219,109709100,0.0,0.0,0.0
2022-01-19 00:00:00-05:00,433.3540622278281,434.7540044741665,427.04476708624003,427.319091796875,109357600,0.0,0.0,0.0
2022-01-20 00:00:00-05:00,429.2109131132616,433.93104152080394,420.4611589616414,422.5894775390625,122379700,0.0,0.0,0.0
2022-01-21 00:00:00-05:00,421.4638801817185,423.8286788760082,414.2654468125429,414.2938232421875,202271200,0.0,0.0,0.0
2022-01-24 00:00:00-05:00,408.66556381495764,416.5639967057134,398.0050623972924,416.0531921386719,251783900,0.0,0.0,0.0
2022-01-25 00:00:00-05:00,409.6399437343511,415.9397717969694,404.0495553787775,410.97369384765625,167997300,0.0,0.0,0.0
2022-01-26 00:00:00-05:00,416.8856420829711,420.02610174271774,405.66702183195844,409.9425964355469,186391100,0.0,0.0,0.0
2022-01-27 00:00:00-05:00,414.55867762115867,417.7085767658078,406.2251293704537,407.9183044433594,149878300,0.0,0.0,0.0
2022-01-28 00:00:00-05:00,409.2804410874524,418.0964177287686,404.6832861876728,418.04913330078125,164457400,0.0,0.0,0.0
2022-01-31 00:00:00-05:00,417.37747913959595,425.9285988508346,416.0248212857858,425.57861328125,152251400,0.0,0.0,0.0
2022-02-01 00:00:00-05:00,426.3069680203135,429.0974419265007,422.7692385378579,428.4542236328125,123155400,0.0,0.0,0.0
2022-02-02 00:00:00-05:00,430.8663151934965,433.3446195666415,428.54880096336996,432.61627197265625,117361000,0.0,0.0,0.0
2022-02-03 00:00:00-05:00,426.5623872138765,428.4731341093042,421.60574966980835,422.4476318359375,118024400,0.0,0.0,0.0
2022-02-04 00:00:00-05:00,422.21113512307284,428.2933900112805,419.8273997309541,424.4340515136719,118454400,0.0,0.0,0.0
2022-02-07 00:00:00-05:00,425.2002486311931,426.6001909007989,421.7381800825274,423.0719299316406,84472900,0.0,0.0,0.0
2022-02-08 00:00:00-05:00,422.5706046938253,427.4799289301471,421.1422570922283,426.55291748046875,81012000,0.0,0.0,0.0
2022-02-09 00:00:00-05:00,430.6013892288997,433.11753805625085,430.4027542567096,432.7959289550781,92589900,0.0,0.0,0.0
2022-02-10 00:00:00-05:00,426.93128524545455,432.95678758172915,423.0151936953488,425.0205383300781,140103700,0.0,0.0,0.0
2022-02-11 00:00:00-05:00,425.1056074278394,427.1866126231048,415.20183093771124,416.6396179199219,153214600,0.0,0.0,0.0
2022-02-14 00:00:00-05:00,416.1288468336951,417.7179843894402,411.7965201108774,415.2774963378906,123006300,0.0,0.0,0.0
2022-02-15 00:00:00-05:00,419.73284594307296,422.144928982225,419.21257292774663,421.97467041015625,88482700,0.0,0.0,0.0
2022-02-16 00:00:00-05:00,419.92201420472077,423.82866614912444,418.03964373808554,422.4476318359375,84863600,0.0,0.0,0.0
2022-02-17 00:00:00-05:00,419.25038980867765,422.41922551305055,412.8181495554297,413.42352294921875,102259100,0.0,0.0,0.0
2022-02-18 00:00:00-05:00,413.6789704811315,414.937059606831,408.4669735618949,410.74664306640625,132642900,0.0,0.0,0.0
2022-02-22 00:00:00-05:00,408.5331937704951,411.9479493682577,402.82927137444875,406.3386535644531,124391800,0.0,0.0,0.0
2022-02-23 00:00:00-05:00,409.2614330058846,409.82899033879875,398.563088419039,399.1306457519531,132578000,0.0,0.0,0.0
2022-02-24 00:00:00-05:00,388.79178196515704,405.57241177540527,388.43235684105287,405.13726806640625,213942900,0.0,0.0,0.0
2022-02-25 00:00:00-05:00,406.37637494837196,414.16130114759056,404.7210161801681,414.076171875,121804500,0.0,0.0,0.0
2022-02-28 00:00:00-05:00,408.6655195382482,414.5018543995483,407.40745955382687,413.0167541503906,145615000,0.0,0.0,0.0
2022-03-01 00:00:00-05:00,411.5128521133461,413.5276653882751,404.01168808813594,406.72650146484375,137785900,0.0,0.0,0.0
2022-03-02 00:00:00-05:00,408.9871853932259,415.9396990802248,408.23046138487615,414.20867919921875,117726500,0.0,0.0,0.0
2022-03-03 00:00:00-05:00,416.64916197065094,417.25453543776126,410.3398662245235,412.1465759277344,105501700,0.0,0.0,0.0
2022-03-04 00:00:00-05:00,408.4007357845267,409.93312072448435,404.7400320130342,408.79803466796875,113978200,0.0,0.0,0.0
2022-03-07 00:00:00-05:00,408.2114862090071,408.92092572544067,396.6807269592001,396.7469482421875,137896600,0.0,0.0,0.0
2022-03-08 00:00:00-05:00,396.92666565064377,404.106189919639,392.67002865476115,393.7389221191406,164772700,0.0,0.0,0.0
2022-03-09 00:00:00-05:00,402.1481531765051,406.2818159822058,399.9536134280835,404.2953796386719,116990800,0.0,0.0,0.0
2022-03-10 00:00:00-05:00,399.6698151473772,403.3683631013067,397.7023156906367,402.4697570800781,93972700,0.0,0.0,0.0
2022-03-11 00:00:00-05:00,404.9669642223323,405.5818059910525,396.8415209370115,397.3523254394531,95636300,0.0,0.0,0.0
2022-03-14 00:00:00-04:00,398.12803514404516,401.5900747886048,393.30384036976113,394.4483947753906,95729200,0.0,0.0,0.0
2022-03-15 00:00:00-04:00,397.06852997366605,403.7561862821287,395.7915620258905,403.1224365234375,106219100,0.0,0.0,0.0
2022-03-16 00:00:00-04:00,406.64124148786703,412.1180931778324,401.8264870874721,412.06134033203125,144954800,0.0,0.0,0.0
2022-03-17 00:00:00-04:00,410.1411573323763,417.2166442871094,409.7627953751919,417.2166442871094,102676900,0.0,0.0,0.0
2022-03-18 00:00:00-04:00,415.5998027190798,422.1089546797308,414.85969463963477,421.7863464355469,106345500,1.366,0.0,0.0
2022-03-21 00:00:00-04:00,421.6155341135983,423.6271083158259,418.1427105740209,421.6629943847656,88349800,0.0,0.0,0.0
2022-03-22 00:00:00-04:00,423.05788608350326,427.5364977650779,423.05788608350326,426.5971374511719,74650400,0.0,0.0,0.0
2022-03-23 00:00:00-04:00,424.05408198421577,425.553264705478,421.0177251614294,421.1031188964844,79426100,0.0,0.0,0.0
2022-03-24 00:00:00-04:00,423.1336968803554,427.4604866147809,422.01405150101834,427.45098876953125,64736900,0.0,0.0,0.0
2022-03-25 00:00:00-04:00,428.0867920742761,429.81372063765116,425.4963992292135,429.5385437011719,77101300,0.0,0.0,0.0
2022-03-28 00:00:00-04:00,428.94070230876207,432.59381103515625,427.0429864983594,432.59381103515625,68529800,0.0,0.0,0.0
2022-03-29 00:00:00-04:00,436.49365245199573,438.43882875157925,433.7988991715261,437.9454040527344,86581500,0.0,0.0,0.0
2022-03-30 00:00:00-04:00,436.79729249751,437.6133254430153,433.1252166348571,435.2411804199219,79666900,0.0,0.0,0.0
2022-03-31 00:00:00-04:00,434.4725987632066,435.29810058107427,428.0867740686455,428.542236328125,121699900,0.0,0.0,0.0
2022-04-01 00:00:00-04:00,430.12684500588364,430.26916792356127,426.1701231101965,429.7568054199219,89048800,0.0,0.0,0.0
2022-04-04 00:00:00-04:00,429.9560313211461,433.54271341244913,429.13052949203757,433.4383239746094,59601000,0.0,0.0,0.0
2022-04-05 00:00:00-04:00,431.939157439223,434.41566302039155,426.8153298227524,427.96343994140625,74214500,0.0,0.0,0.0
2022-04-06 00:00:00-04:00,424.0351532872962,425.97080270252854,420.7900462798935,423.6840515136719,106898000,0.0,0.0,0.0
2022-04-07 00:00:00-04:00,422.8016084098771,427.6407897227167,420.846963358929,425.8189697265625,78097200,0.0,0.0,0.0
2022-04-08 00:00:00-04:00,425.05995736438757,427.5839233445298,423.1337766107068,424.680419921875,79272700,0.0,0.0,0.0
2022-04-11 00:00:00-04:00,421.39728849520446,422.2417859664236,416.91870678869503,417.4216003417969,89770500,0.0,0.0,0.0
2022-04-12 00:00:00-04:00,420.42000917950406,422.95347289670224,414.3188589093481,415.875,84363600,0.0,0.0,0.0
2022-04-13 00:00:00-04:00,415.62827546421886,421.3973194587367,415.44799012468565,420.63824462890625,74070400,0.0,0.0,0.0
2022-04-14 00:00:00-04:00,420.865976406667,421.9856509126384,415.2961842874288,415.40057373046875,97869500,0.0,0.0,0.0
2022-04-18 00:00:00-04:00,414.4706713145492,417.2603162227855,413.332030102549,415.57135009765625,66002500,0.0,0.0,0.0
2022-04-19 00:00:00-04:00,415.4669324784689,423.00086699763705,415.29614499530715,422.2797546386719,77821000,0.0,0.0,0.0
2022-04-20 00:00:00-04:00,424.06358003329865,424.6803318691113,420.79950658212863,421.9665832519531,65224400,0.0,0.0,0.0
2022-04-21 00:00:00-04:00,425.6007494204808,426.9955717535205,414.745812247252,415.6567077636719,85417300,0.0,0.0,0.0
2022-04-22 00:00:00-04:00,414.5655152319754,415.6756627769985,403.6821137856455,404.2514343261719,132471800,0.0,0.0,0.0
2022-04-25 00:00:00-04:00,402.00262418418777,406.7658802394009,397.41962448292884,406.5950927734375,119647700,0.0,0.0,0.0
2022-04-26 00:00:00-04:00,404.05219413457274,404.251475165839,394.79135963669034,394.81982421875,103996300,0.0,0.0,0.0
2022-04-27 00:00:00-04:00,395.90146706145794,401.29100202413235,393.7855324440676,395.929931640625,122030000,0.0,0.0,0.0
2022-04-28 00:00:00-04:00,400.69328310824267,407.6673957249043,396.24313643650856,405.93096923828125,105449100,0.0,0.0,0.0
2022-04-29 00:00:00-04:00,401.9267653758565,404.0901605040377,390.17989845051727,390.92950439453125,145491100,0.0,0.0,0.0
2022-05-02 00:00:00-04:00,390.9959026727131,394.64901157407303,384.3064367465445,393.28265380859375,158312500,0.0,0.0,0.0
2022-05-03 00:00:00-04:00,393.7855489717306,397.5050559376166,392.2199101812944,395.0854797363281,100028200,0.0,0.0,0.0
2022-05-04 00:00:00-04:00,395.7496456535838,407.68629441618054,392.5519991195414,407.1169738769531,144247900,0.0,0.0,0.0
2022-05-05 00:00:00-04:00,402.83766819412307,403.26466589369136,388.5004371483432,392.6469421386719,172929100,0.0,0.0,0.0
2022-05-06 00:00:00-04:00,390.075506016204,393.58626302991394,384.98014349725037,390.30322265625,151770800,0.0,0.0,0.0
2022-05-09 00:00:00-04:00,384.3823720398505,385.62537367241526,376.2221876512533,377.8067932128906,155586100,0.0,0.0,0.0
2022-05-10 00:00:00-04:00,383.80354518634044,385.3122258608909,374.6281049717166,378.6797180175781,132497200,0.0,0.0,0.0
2022-05-11 00:00:00-04:00,377.7119332720128,383.3766170241636,371.91439549274446,372.66400146484375,142361000,0.0,0.0,0.0
2022-05-12 00:00:00-04:00,369.4568538157906,375.55800411972643,365.4526716917147,372.27496337890625,125090800,0.0,0.0,0.0
2022-05-13 00:00:00-04:00,376.421414012587,382.5605258590705,375.3776645184311,381.1752014160156,104174400,0.0,0.0,0.0
2022-05-16 00:00:00-04:00,379.52421008230226,383.3101440048578,377.2659235471476,379.6285705566406,78622400,0.0,0.0,0.0
2022-05-17 00:00:00-04:00,385.73921927576754,387.67489759175146,381.9912188097621,387.43768310546875,83029700,0.0,0.0,0.0
2022-05-18 00:00:00-04:00,382.86414689090776,383.1487926664534,370.57642600894525,371.8194274902344,117674500,0.0,0.0,0.0
2022-05-19 00:00:00-04:00,368.74525996973256,373.9829756371289,367.31247485682474,369.54229736328125,98510700,0.0,0.0,0.0
2022-05-20 00:00:00-04:00,373.138444421243,376.7251268482513,361.07846618817206,369.7035827636719,131432200,0.0,0.0,0.0
2022-05-23 00:00:00-04:00,372.739903066548,377.38933077714205,370.41521816810126,376.6207580566406,76414900,0.0,0.0,0.0
2022-05-24 00:00:00-04:00,372.4836692325388,374.9412078132301,367.1700589968174,373.74566650390625,91448800,0.0,0.0,0.0
2022-05-25 00:00:00-04:00,372.24650993825225,379.0213705085386,371.8480057616769,377.0477294921875,91472900,0.0,0.0,0.0
2022-05-26 00:00:00-04:00,378.28126246261314,386.2231999374504,378.0725125273086,384.5816650390625,82168300,0.0,0.0,0.0
2022-05-27 00:00:00-04:00,387.0486543092304,394.1366244354948,386.84940224535666,394.02276611328125,84768700,0.0,0.0,0.0
2022-05-31 00:00:00-04:00,392.40020748267347,395.1613876894027,389.0602378053124,391.8119201660156,95937000,0.0,0.0,0.0
2022-06-01 00:00:00-04:00,393.93734344422586,394.95259938064316,386.1187347298113,388.6427001953125,86585800,0.0,0.0,0.0
2022-06-02 00:00:00-04:00,388.48145435599463,396.0912850769354,386.2231676872298,396.0438537597656,79609600,0.0,0.0,0.0
2022-06-03 00:00:00-04:00,391.3090515155026,392.8651926067963,388.56686682617567,389.544189453125,71874300,0.0,0.0,0.0
2022-06-06 00:00:00-04:00,393.56736210124245,395.3037596856171,389.5536819082535,390.73028564453125,57508900,0.0,0.0,0.0
2022-06-07 00:00:00-04:00,387.2289205256619,394.93364215486133,386.7639604571099,394.4781799316406,59272400,0.0,0.0,0.0
2022-06-08 00:00:00-04:00,392.76081990811025,394.5541755868327,389.39238529138436,390.1894226074219,64350000,0.0,0.0,0.0
2022-06-09 00:00:00-04:00,388.4054558358605,390.68270880822297,380.90948486328125,380.90948486328125,86289800,0.0,0.0,0.0
2022-06-10 00:00:00-04:00,374.685114343715,375.5390808951816,369.81746735644646,369.8648986816406,132893900,0.0,0.0,0.0
2022-06-13 00:00:00-04:00,360.42377570103855,362.28352957554165,354.2087374162823,355.8218078613281,170004900,0.0,0.0,0.0
2022-06-14 00:00:00-04:00,357.57711879105614,358.6113704659484,351.6372588485272,354.74951171875,104011800,0.0,0.0,0.0
2022-06-15 00:00:00-04:00,358.06105206229864,364.2665916822706,353.089045254612,359.8069763183594,125666800,0.0,0.0,0.0
2022-06-16 00:00:00-04:00,351.56141089908436,351.9694129173552,345.4602315344534,347.8988037109375,134473300,0.0,0.0,0.0
2022-06-17 00:00:00-04:00,348.3152615671358,352.00319986018303,345.1323892326363,348.6487731933594,111113900,1.577,0.0,0.0
2022-06-21 00:00:00-04:00,354.3951412687327,358.8168459845613,354.3188884339103,357.425537109375,76811900,0.0,0.0,0.0
2022-06-22 00:00:00-04:00,353.1848307301624,360.90378632423085,352.76552742803,356.7774963378906,90059400,0.0,0.0,0.0
2022-06-23 00:00:00-04:00,358.9216589541497,361.00860756659887,355.3480709955404,360.27484130859375,79292100,0.0,0.0,0.0
2022-06-24 00:00:00-04:00,363.45771219814634,371.7389089912618,363.4291246578567,371.7293701171875,98050300,0.0,0.0,0.0
2022-06-27 00:00:00-04:00,372.65374434063085,372.9491586215477,369.21358425811263,370.3094787597656,66009600,0.0,0.0,0.0
2022-06-28 00:00:00-04:00,371.87232290504204,374.6644792020002,362.6286308001763,362.74298095703125,86548900,0.0,0.0,0.0
2022-06-29 00:00:00-04:00,363.29571627695856,364.2867703688928,360.61791010649307,362.44757080078125,65676000,0.0,0.0,0.0
2022-06-30 00:00:00-04:00,358.5404036392867,362.75248486298585,355.03353011810066,359.5028991699219,112508300,0.0,0.0,0.0
2022-07-01 00:00:00-04:00,358.84540602497094,363.74361787819856,356.2152359819502,363.30523681640625,74839700,0.0,0.0,0.0
2022-07-05 00:00:00-04:00,358.19742913117045,364.0104717926043,355.3576072193394,363.99139404296875,81438000,0.0,0.0,0.0
2022-07-06 00:00:00-04:00,364.1342879585382,367.7174146268019,361.7423863037376,365.2206726074219,70426200,0.0,0.0,0.0
2022-07-07 00:00:00-04:00,367.0027052771426,371.49112350460933,365.2397294426553,370.6906433105469,64525900,0.0,0.0,0.0
2022-07-08 00:00:00-04:00,369.05157936616473,372.2630682971359,367.5173328363373,370.3857421875,72397800,0.0,0.0,0.0
2022-07-11 00:00:00-04:00,367.6983874150096,368.6703928823558,365.4589331166824,366.15460205078125,58366900,0.0,0.0,0.0
2022-07-12 00:00:00-04:00,365.6018961252451,367.993827167092,361.16111363619996,362.91455078125,62219200,0.0,0.0,0.0
2022-07-13 00:00:00-04:00,357.454065545386,363.95323724739484,357.03476226900284,361.0085754394531,84224600,0.0,0.0,0.0
2022-07-14 00:00:00-04:00,356.03413523610556,361.21822195982054,353.5850586433905,360.1318664550781,89704800,0.0,0.0,0.0
2022-07-15 00:00:00-04:00,364.5535928494989,367.1265877056468,362.63816955892236,367.0122375488281,79060400,0.0,0.0,0.0
2022-07-18 00:00:00-04:00,370.10934695957155,370.78593810865794,362.75251969143335,363.9818420410156,63203600,0.0,0.0,0.0
2022-07-19 00:00:00-04:00,367.9175404264999,374.38812509860895,367.26002700439284,373.81634521484375,78506000,0.0,0.0,0.0
2022-07-20 00:00:00-04:00,374.00694154890255,377.6186558198573,372.6346814850552,376.19873046875,71843800,0.0,0.0,0.0
2022-07-21 00:00:00-04:00,375.6174079751862,380.0772382519454,373.20642874129487,380.02960205078125,64903900,0.0,0.0,0.0
2022-07-22 00:00:00-04:00,380.15353339871814,381.354239171884,374.273777240293,376.5036926269531,72197300,0.0,0.0,0.0
2022-07-25 00:00:00-04:00,377.1326458462782,377.8187758914489,374.71212748110185,376.96112060546875,53631500,0.0,0.0,0.0
2022-07-26 00:00:00-04:00,375.31245598219533,375.5221076154194,371.605469613467,372.5012512207031,52946400,0.0,0.0,0.0
2022-07-27 00:00:00-04:00,375.80799416530095,383.9272039462675,375.51257991177977,382.17376708984375,82342100,0.0,0.0,0.0
2022-07-28 00:00:00-04:00,382.9838409651642,387.66283348896036,379.41976258385523,386.9671936035156,73966600,0.0,0.0,0.0
2022-07-29 00:00:00-04:00,388.40613000686983,393.5997563368219,387.6342373050366,392.6086730957031,87003700,0.0,0.0,0.0
2022-08-01 00:00:00-04:00,389.90225959583773,393.9618647731453,389.18754201289954,391.446044921875,69997500,0.0,0.0,0.0
2022-08-02 00:00:00-04:00,389.8736878063429,393.5711649045606,387.6818987628926,388.8635559082031,63435400,0.0,0.0,0.0
2022-08-03 00:00:00-04:00,390.9981782761689,396.12509070824535,390.71230285807104,394.9529724121094,67820600,0.0,0.0,0.0
2022-08-04 00:00:00-04:00,394.8767311502338,395.5628612557088,393.0375313820632,394.6861572265625,45656600,0.0,0.0,0.0
2022-08-05 00:00:00-04:00,390.388310181638,394.66707717050787,390.3311350966772,394.0190734863281,56814900,0.0,0.0,0.0
2022-08-08 00:00:00-04:00,395.71536800879284,397.97387129591357,392.45624248886287,393.5616760253906,53886100,0.0,0.0,0.0
2022-08-09 00:00:00-04:00,392.82787762877587,393.3329436008308,390.92196391054046,391.9988098144531,44931800,0.0,0.0,0.0
2022-08-10 00:00:00-04:00,399.07923026953097,400.3752665840471,397.11614167304344,400.2322998046875,68665700,0.0,0.0,0.0
2022-08-11 00:00:00-04:00,403.09117008096246,404.95898626712,399.48899469613326,400.2322998046875,59489700,0.0,0.0,0.0
2022-08-12 00:00:00-04:00,402.176315049988,407.1126237777026,401.223358349722,407.0078125,61694500,0.0,0.0,0.0
2022-08-15 00:00:00-04:00,404.78743836093645,409.2091717509519,404.73026328105976,408.6850280761719,54048300,0.0,0.0,0.0
2022-08-16 00:00:00-04:00,407.6081782948637,411.42000508115757,406.79815928639016,409.4855041503906,59289000,0.0,0.0,0.0
2022-08-17 00:00:00-04:00,405.87383128900353,409.29494268682157,404.56828513540523,406.5790100097656,63563400,0.0,0.0,0.0
2022-08-18 00:00:00-04:00,406.7791686611495,408.446843237324,405.4831612355664,407.7607421875,49023200,0.0,0.0,0.0
2022-08-19 00:00:00-04:00,404.9876134524029,405.2544402076987,401.4044863824872,402.2812194824219,68016900,0.0,0.0,0.0
2022-08-22 00:00:00-04:00,397.4305854744403,397.6021397850265,392.99934257592776,393.9046630859375,77695600,0.0,0.0,0.0
2022-08-23 00:00:00-04:00,393.4758663287654,395.87733613472665,392.39902046586167,392.9517517089844,49105200,0.0,0.0,0.0
2022-08-24 00:00:00-04:00,392.72301638510424,395.5818868105569,392.0369154016521,394.20965576171875,49177800,0.0,0.0,0.0
2022-08-25 00:00:00-04:00,395.7057281321885,399.8225080280783,394.60983375096794,399.7748718261719,50942300,0.0,0.0,0.0
2022-08-26 00:00:00-04:00,399.6605995864693,400.2037629054227,386.1857753532475,386.2429504394531,103087000,0.0,0.0,0.0
2022-08-29 00:00:00-04:00,383.27926140804027,386.74800926201755,382.3263045463414,383.68902587890625,65370800,0.0,0.0,0.0
2022-08-30 00:00:00-04:00,384.85161915718464,385.0898583631651,377.37090227301206,379.4769287109375,85652400,0.0,0.0,0.0
2022-08-31 00:00:00-04:00,381.11596076613347,382.364331699267,376.45601769036006,376.58941650390625,76029700,0.0,0.0,0.0
2022-09-01 00:00:00-04:00,374.4072425757973,378.11422971671993,371.69130965116875,377.77117919921875,78740100,0.0,0.0,0.0
2022-09-02 00:00:00-04:00,381.4495307376448,382.66931422719347,371.96759934267,373.7877502441406,99632100,0.0,0.0,0.0
2022-09-06 00:00:00-04:00,374.6359138662064,375.57933179810465,370.1474954520454,372.3774108886719,76637400,0.0,0.0,0.0
2022-09-07 00:00:00-04:00,372.06293062608904,379.83906190032036,371.8437691661729,379.0671691894531,70964200,0.0,0.0,0.0
2022-09-08 00:00:00-04:00,376.78964569422635,382.0022920606775,375.5793718090097,381.5448913574219,80821700,0.0,0.0,0.0
2022-09-09 00:00:00-04:00,383.79377051643957,388.33939256969063,383.5269438047842,387.4721984863281,76706900,0.0,0.0,0.0
2022-09-12 00:00:00-04:00,389.5497103488156,392.3609447639195,389.2447571690339,391.6366882324219,69256300,0.0,0.0,0.0
2022-09-13 00:00:00-04:00,382.9265935212206,384.1368671918231,373.48281783266907,374.6072998046875,122947100,0.0,0.0,0.0
2022-09-14 00:00:00-04:00,375.912884639726,377.561510437167,372.72047341951594,376.0367736816406,85023700,0.0,0.0,0.0
2022-09-15 00:00:00-04:00,374.473911020677,377.3327815354644,370.4905584164042,371.76751708984375,87633800,0.0,0.0,0.0
2022-09-16 00:00:00-04:00,367.5725640058656,369.59154848057193,365.63008718698416,368.9313049316406,103084800,1.596,0.0,0.0
2022-09-19 00:00:00-04:00,365.7737185651322,371.79241943359375,365.6971524903318,371.79241943359375,73278500,0.0,0.0,0.0
2022-09-20 00:00:00-04:00,368.4528856307902,369.46716694201893,364.75937617695666,367.52471923828125,77274900,0.0,0.0,0.0
2022-09-21 00:00:00-04:00,369.4576302203021,372.51963061277917,361.10416095449915,361.1137390136719,106746600,0.0,0.0,0.0
2022-09-22 00:00:00-04:00,360.3386469989625,361.9844671030688,357.33408575392417,358.0804443359375,89472600,0.0,0.0,0.0
2022-09-23 00:00:00-04:00,354.5973575655179,354.63564059434674,347.62178673365196,352.080810546875,122346900,0.0,0.0,0.0
2022-09-26 00:00:00-04:00,350.6072445688274,354.24334411898207,347.37301464402196,348.5978088378906,92581200,0.0,0.0,0.0
2022-09-27 00:00:00-04:00,352.1478459589722,354.4252048467339,345.3062204374486,347.7079772949219,108294100,0.0,0.0,0.0
2022-09-28 00:00:00-04:00,348.6648372571205,356.2432430846765,346.96160717757476,354.5495910644531,110802200,0.0,0.0,0.0
2022-09-29 00:00:00-04:00,350.98992225529895,351.27697193451286,344.1865820454057,347.143310546875,112952300,0.0,0.0,0.0
2022-09-30 00:00:00-04:00,346.19604000195835,350.1287964039732,341.64135226905466,341.7752990722656,153711200,0.0,0.0,0.0
2022-10-03 00:00:00-04:00,345.50711675915556,352.65494737821973,343.7177718900961,350.7986145019531,89756500,0.0,0.0,0.0
2022-10-04 00:00:00-04:00,356.3388901479635,361.6973756271638,350.7603429439157,361.6686706542969,103602800,0.0,0.0,0.0
2022-10-05 00:00:00-04:00,357.2862230097623,363.0944101650707,354.9514544776004,360.8266296386719,88065700,0.0,0.0,0.0
2022-10-06 00:00:00-04:00,359.42001295633844,362.38631999103904,356.6068088422916,357.1044006347656,82333500,0.0,0.0,0.0
2022-10-07 00:00:00-04:00,353.0567675498137,357.1904581388431,345.3730929880119,347.143310546875,107789500,0.0,0.0,0.0
2022-10-10 00:00:00-04:00,348.26293484494323,348.5021527143666,342.24423427525903,344.49285888671875,76042800,0.0,0.0,0.0
2022-10-11 00:00:00-04:00,342.7896540357532,347.37307692739586,340.36877018719497,342.31121826171875,92482800,0.0,0.0,0.0
2022-10-12 00:00:00-04:00,342.7225847163287,344.3014164212988,340.93321096921017,341.1820068359375,76991800,0.0,0.0,0.0
2022-10-13 00:00:00-04:00,334.1490155529715,351.65977770954976,333.096451291965,350.1861877441406,147254500,0.0,0.0,0.0
2022-10-14 00:00:00-04:00,352.6548893333673,354.2911602043447,341.5647549925979,342.20587158203125,123737000,0.0,0.0,0.0
2022-10-17 00:00:00-04:00,348.31082703283016,352.1096083064407,341.87107090058174,350.9996337890625,93168200,0.0,0.0,0.0
2022-10-18 00:00:00-04:00,358.9511733483431,359.2573792050148,351.6693668016211,355.1236877441406,97162900,0.0,0.0,0.0
2022-10-19 00:00:00-04:00,353.07597434848265,355.8126417822186,349.7843343422343,352.60711669921875,79746900,0.0,0.0,0.0
2022-10-20 00:00:00-04:00,352.15738908420826,356.5972865092172,348.8848759647924,349.650390625,88283100,0.0,0.0,0.0
2022-10-21 00:00:00-04:00,349.37284665803384,358.6353538939938,347.8610028428061,358.1473693847656,131038400,0.0,0.0,0.0
2022-10-24 00:00:00-04:00,359.6783882377217,363.6685254418361,357.01825783311693,362.52984619140625,85436900,0.0,0.0,0.0
2022-10-25 00:00:00-04:00,362.45331306063844,368.6346939112867,362.3384931688921,368.3189392089844,78846300,0.0,0.0,0.0
2022-10-26 00:00:00-04:00,365.1612636230857,370.86420906296183,364.9029188543151,365.54400634765625,104087300,0.0,0.0,0.0
2022-10-27 00:00:00-04:00,366.5486781324081,368.3954326435596,362.9699597869233,363.5919494628906,81971800,0.0,0.0,0.0
2022-10-28 00:00:00-04:00,363.4867286085135,372.7205316401089,363.30492070912123,372.2420959472656,100302000,0.0,0.0,0.0
2022-10-31 00:00:00-04:00,369.7733746190449,371.6488343281588,368.6442734105965,369.55328369140625,96631300,0.0,0.0,0.0
2022-11-01 00:00:00-04:00,373.31376772412375,373.5529855393359,366.7591937470325,367.9361267089844,85407600,0.0,0.0,0.0
2022-11-02 00:00:00-04:00,367.3429405262177,371.86895295670394,358.59715073623875,358.702392578125,126990400,0.0,0.0,0.0
2022-11-03 00:00:00-04:00,355.44894163291053,358.0612104905511,352.88453385553953,355.0087890625,87100100,0.0,0.0,0.0
2022-11-04 00:00:00-04:00,360.74055193717084,362.5298969522744,354.0424515033242,360.11859130859375,103505200,0.0,0.0,0.0
2022-11-07 00:00:00-05:00,361.4198817033071,364.15654904195054,359.3339090978177,363.56329345703125,68286900,0.0,0.0,0.0
2022-11-08 00:00:00-05:00,364.67321182395386,368.5102751308282,361.4294332598936,365.52484130859375,84641100,0.0,0.0,0.0
2022-11-09 00:00:00-05:00,363.5440735416594,364.70190873628627,357.4966404572692,357.9942321777344,78495500,0.0,0.0,0.0
2022-11-10 00:00:00-05:00,371.31396196649206,378.00251339358414,369.00792742280294,377.6676025390625,141455800,0.0,0.0,0.0
2022-11-11 00:00:00-05:00,378.52870742818754,382.1265527975728,376.63409177489325,381.3227844238281,93839900,0.0,0.0,0.0
2022-11-14 00:00:00-05:00,379.55260009193285,382.9207767926326,377.8015091368323,378.0790100097656,71903500,0.0,0.0,0.0
2022-11-15 00:00:00-05:00,383.8489618853264,384.9589362297327,377.4761947639268,381.3036804199219,93194500,0.0,0.0,0.0
2022-11-16 00:00:00-05:00,379.6674013983378,380.6242727188842,377.76323681489697,378.394775390625,68508500,0.0,0.0,0.0
2022-11-17 00:00:00-05:00,373.61996606820946,377.9163381362893,373.3137894399865,377.2369384765625,74496300,0.0,0.0,0.0
2022-11-18 00:00:00-05:00,380.5860099351908,380.6529979395274,376.08873201022436,378.94976806640625,92922500,0.0,0.0,0.0
2022-11-21 00:00:00-05:00,377.6197299856339,378.74883118944996,375.7251141679959,377.5718688964844,51243200,0.0,0.0,0.0
2022-11-22 00:00:00-05:00,379.5239036198899,382.8155435335424,378.1077234519333,382.6528625488281,60429000,0.0,0.0,0.0
2022-11-23 00:00:00-05:00,382.3179634847973,385.5521935507362,382.0883236888626,385.064208984375,68261600,0.0,0.0,0.0
2022-11-25 00:00:00-05:00,384.49968312019985,385.53312074975975,384.2222113949645,384.9781188964844,30545400,0.0,0.0,0.0
2022-11-28 00:00:00-05:00,381.87774346748876,383.523563184722,378.06938538189047,378.83489990234375,67881600,0.0,0.0,0.0
2022-11-29 00:00:00-05:00,378.96893859369504,380.1650279456527,376.3375420193883,378.184326171875,52310000,0.0,0.0,0.0
2022-11-30 00:00:00-05:00,378.4330559976652,390.0973205566406,376.509764364217,390.0973205566406,144566700,0.0,0.0,0.0
2022-12-01 00:00:00-05:00,391.1402776448078,392.31723987694085,387.29366546388246,389.81024169921875,76398200,0.0,0.0,0.0
2022-12-02 00:00:00-05:00,384.9015407248155,390.26957554211833,384.7962988819975,389.3605651855469,85342700,0.0,0.0,0.0
2022-12-05 00:00:00-05:00,386.52817524543025,387.46589043521953,380.99746027187206,382.356201171875,77289800,0.0,0.0,0.0
2022-12-06 00:00:00-05:00,382.1935406607727,382.73893509896084,374.7490832479397,376.8446044921875,77972200,0.0,0.0,0.0
2022-12-07 00:00:00-05:00,375.9930393761272,378.576603761954,375.0648729769194,376.20355224609375,65927900,0.0,0.0,0.0
2022-12-08 00:00:00-05:00,378.09819110581316,380.2224176484129,376.3088170014075,379.1507263183594,60737900,0.0,0.0,0.0
2022-12-09 00:00:00-05:00,377.9067999497378,380.4712083402084,376.19399193608393,376.3183898925781,81447700,0.0,0.0,0.0
2022-12-12 00:00:00-05:00,377.112582581271,381.7438659667969,376.442790105869,381.7438659667969,75405800,0.0,0.0,0.0
2022-12-13 00:00:00-05:00,392.52779517391076,392.78613994486886,381.85868467865026,384.63360595703125,123782500,0.0,0.0,0.0
2022-12-14 00:00:00-05:00,384.289116133772,388.01135996614795,379.21770929936065,382.1744384765625,108111300,0.0,0.0,0.0
2022-12-15 00:00:00-05:00,377.2944096015872,378.20344918024006,371.16088916537103,372.8258361816406,117705900,0.0,0.0,0.0
2022-12-16 00:00:00-05:00,370.2601841754804,371.6059498118414,366.2805608411349,368.4241638183594,119858000,1.781,0.0,0.0
2022-12-19 00:00:00-05:00,368.6164568242752,368.95290559297706,363.62748687937614,365.3000793457031,79878100,0.0,0.0,0.0
2022-12-20 00:00:00-05:00,364.5406714883894,367.4244675561658,363.2141206035338,365.7999267578125,74427200,0.0,0.0,0.0
2022-12-21 00:00:00-05:00,368.40494991105,372.4038173364099,367.86664365527946,371.26953125,78167400,0.0,0.0,0.0
2022-12-22 00:00:00-05:00,368.2126968828108,371.25029904353386,360.2534206059007,365.97296142578125,100120900,0.0,0.0,0.0
2022-12-23 00:00:00-05:00,364.9443602601523,368.22227840834165,363.3871151892416,368.0780944824219,59857300,0.0,0.0,0.0
2022-12-27 00:00:00-05:00,367.9627904177246,368.30883188044186,364.9444029828394,366.6266174316406,51638200,0.0,0.0,0.0
2022-12-28 00:00:00-05:00,366.5593447324518,368.5395785675082,361.83955714194127,362.07025146484375,70911500,0.0,0.0,0.0
2022-12-29 00:00:00-05:00,364.92516683940227,369.46234043156596,364.3964532994833,368.58758544921875,66970900,0.0,0.0,0.0
2022-12-30 00:00:00-05:00,365.89608574575635,367.76091368309494,363.77166803325207,367.6167297363281,84022200,0.0,0.0,0.0
2023-01-03 00:00:00-05:00,369.48160298932663,371.4618075052157,363.1949186189587,366.0691223144531,74850700,0.0,0.0,0.0
2023-01-04 00:00:00-05:00,368.3376827734689,370.93311118520086,365.28086572711294,368.8952331542969,85934100,0.0,0.0,0.0
2023-01-05 00:00:00-05:00,366.9342023188302,367.04954946455626,364.08886516079207,364.6848449707031,76970500,0.0,0.0,0.0
2023-01-06 00:00:00-05:00,367.7897288196835,374.1725449520528,364.71369723961243,373.0478515625,104189600,0.0,0.0,0.0
2023-01-09 00:00:00-05:00,375.24918087816104,378.4502111850601,372.6537818207894,372.8363952636719,73978100,0.0,0.0,0.0
2023-01-10 00:00:00-05:00,372.2500487360848,375.5183454272887,371.3079980261493,375.4510498046875,65358100,0.0,0.0,0.0
2023-01-11 00:00:00-05:00,377.0370739744866,380.2765331252474,376.21999265701146,380.1996154785156,68881100,0.0,0.0,0.0
2023-01-12 00:00:00-05:00,381.3051164914086,383.0545970288231,377.21973899819983,381.5838623046875,90157700,0.0,0.0,0.0
2023-01-13 00:00:00-05:00,378.37325993055947,383.64100457532766,378.1041068077167,383.0642395019531,63903900,0.0,0.0,0.0
2023-01-17 00:00:00-05:00,383.0450684215765,384.72728296498246,381.6800585701671,382.362548828125,62677300,0.0,0.0,0.0
2023-01-18 00:00:00-05:00,383.55454070020716,384.6215312800991,376.1239481313385,376.3258056640625,99632300,0.0,0.0,0.0
2023-01-19 00:00:00-05:00,374.27826453413996,375.93164211812586,372.2596307570735,373.586181640625,86958900,0.0,0.0,0.0
2023-01-20 00:00:00-05:00,374.9896330898137,380.6995518316875,373.3362554518386,380.5457458496094,91806400,0.0,0.0,0.0
2023-01-23 00:00:00-05:00,381.35317398077467,387.0534702139708,380.39190867323447,385.1117248535156,84178800,0.0,0.0,0.0
2023-01-24 00:00:00-05:00,383.42948708903174,385.6115486427706,382.2375275680186,384.6983642578125,59524900,0.0,0.0,0.0
2023-01-25 00:00:00-05:00,380.6130286416279,385.17903907302156,378.315590364586,384.84259033203125,84800300,0.0,0.0,0.0
2023-01-26 00:00:00-05:00,387.5148680133813,389.2355410385258,384.53493984754374,389.0721130371094,72287400,0.0,0.0,0.0
2023-01-27 00:00:00-05:00,388.02434964984155,392.3500434455685,387.8128701130754,389.9660949707031,68346200,0.0,0.0,0.0
2023-01-30 00:00:00-05:00,387.1976608576454,389.43742549092923,384.7752828014121,385.0732727050781,74202000,0.0,0.0,0.0
2023-01-31 00:00:00-05:00,385.5923927248843,390.78321999260135,385.24632192810753,390.73516845703125,86811800,0.0,0.0,0.0
2023-02-01 00:00:00-05:00,389.51434727901096,397.64667374216685,386.76514229657437,394.8878173828125,101459200,0.0,0.0,0.0
2023-02-02 00:00:00-05:00,398.79055744002517,402.1069348680651,396.8872706861001,400.6361999511719,101654500,0.0,0.0,0.0
2023-02-03 00:00:00-05:00,395.6471755772544,400.818787510041,395.1665429342146,396.37774658203125,94736800,0.0,0.0,0.0
2023-02-06 00:00:00-05:00,393.91692329199503,395.35882127051354,392.2923825560251,393.9553527832031,60295300,0.0,0.0,0.0
2023-02-07 00:00:00-05:00,393.032553598725,400.3573907721146,391.7829203949697,399.1077575683594,90990700,0.0,0.0,0.0
2023-02-08 00:00:00-05:00,397.12757052570265,398.47333618854617,394.05150958021073,394.7436218261719,76227500,0.0,0.0,0.0
2023-02-09 00:00:00-05:00,398.3579719958979,398.51177797014213,390.091084227083,391.3215026855469,78694900,0.0,0.0,0.0
2023-02-10 00:00:00-05:00,390.13919070287204,392.6192720505302,389.32213851940145,392.2347717285156,70769700,0.0,0.0,0.0
2023-02-13 00:00:00-05:00,392.8883857479932,396.9737635969899,392.42696780662374,396.83917236328125,64913500,0.0,0.0,0.0
2023-02-14 00:00:00-05:00,395.31076019339895,398.9731788953455,392.6865245158335,396.65655517578125,88389300,0.0,0.0,0.0
2023-02-15 00:00:00-05:00,394.45521294070613,398.02149891037635,393.6092948018598,397.9446105957031,61555700,0.0,0.0,0.0
2023-02-16 00:00:00-05:00,392.9557088651088,396.9161177986782,392.33089219392804,392.4654541015625,76431500,0.0,0.0,0.0
2023-02-17 00:00:00-05:00,390.3314246237872,391.72527118315116,388.399271789129,391.4849548339844,89257800,0.0,0.0,0.0
2023-02-21 00:00:00-05:00,387.4476335398875,388.50503135725484,383.3718775916629,383.63140869140625,82655900,0.0,0.0,0.0
2023-02-22 00:00:00-05:00,384.04468230355275,385.592334611249,381.6415191773993,383.1026611328125,83742300,0.0,0.0,0.0
2023-02-23 00:00:00-05:00,386.0056662936268,386.6208901264533,380.90135023106023,385.1405334472656,96242400,0.0,0.0,0.0
2023-02-24 00:00:00-05:00,380.1035606580243,381.86266335503956,378.39250949469886,381.0263671875,108194400,0.0,0.0,0.0
2023-02-27 00:00:00-05:00,384.3811893735747,385.74619914411034,381.38204603041686,382.3240966796875,80444700,0.0,0.0,0.0
2023-02-28 00:00:00-05:00,381.8434392898417,383.81402149088365,380.8052563009639,380.9110107421875,96438600,0.0,0.0,0.0
2023-03-01 00:00:00-05:00,380.0939508547448,381.32436937882426,378.1425832891619,379.44989013671875,99706800,0.0,0.0,0.0
2023-03-02 00:00:00-05:00,377.46967446922514,383.2468886693395,377.1332257261761,382.4009704589844,85127800,0.0,0.0,0.0
2023-03-03 00:00:00-05:00,384.2273344879158,388.7837518351791,383.57368114205974,388.5338134765625,90120000,0.0,0.0,0.0
2023-03-06 00:00:00-05:00,389.36049948409084,391.66755968109305,388.3608046899115,388.802978515625,72795900,0.0,0.0,0.0
2023-03-07 00:00:00-05:00,388.75491401914974,388.99523033703184,382.22791461153497,382.8431091308594,108310600,0.0,0.0,0.0
2023-03-08 00:00:00-05:00,382.95848712046245,384.2273349889294,381.2281920235724,383.46795654296875,74746600,0.0,0.0,0.0
2023-03-09 00:00:00-05:00,384.2562101022739,385.9288317963225,375.4029642473178,376.39306640625,111945300,0.0,0.0,0.0
2023-03-10 00:00:00-05:00,375.84509820468116,377.93105674639065,369.4334752872032,370.9618835449219,189253000,0.0,0.0,0.0
2023-03-13 00:00:00-04:00,367.02068656518105,375.26835892366137,365.90561534334864,370.43316650390625,157790000,0.0,0.0,0.0
2023-03-14 00:00:00-04:00,375.3741210898015,378.20986562096294,372.05774388118834,376.5564880371094,149752400,0.0,0.0,0.0
2023-03-15 00:00:00-04:00,370.9427111182641,374.4032430136639,368.84713029743835,374.2013854980469,172996900,0.0,0.0,0.0
2023-03-16 00:00:00-04:00,371.83671073825275,381.11291652174896,371.3272412199818,380.766845703125,143254200,0.0,0.0,0.0
2023-03-17 00:00:00-04:00,379.43141471171157,380.5700299625412,374.92515919035674,376.3146667480469,140553400,1.506,0.0,0.0
2023-03-20 00:00:00-04:00,377.09622742972954,380.3480800216105,376.39184439630725,379.9331359863281,93055800,0.0,0.0,0.0
2023-03-21 00:00:00-04:00,383.31042205578353,385.40434206207703,381.7086278759935,384.921875,91524200,0.0,0.0,0.0
2023-03-22 00:00:00-04:00,384.7481478831017,388.376279731483,378.3216838515816,378.3602600097656,111746600,0.0,0.0,0.0
2023-03-23 00:00:00-04:00,381.23574381783914,385.2884781128937,376.6619664014507,379.3830871582031,119351300,0.0,0.0,0.0
2023-03-24 00:00:00-04:00,378.09975447868356,381.9594906772583,375.745313041757,381.8726501464844,107682400,0.0,0.0,0.0
2023-03-27 00:00:00-04:00,384.1594864009113,384.93145120313267,381.6892579286953,382.5866394042969,74010400,0.0,0.0,0.0
2023-03-28 00:00:00-04:00,381.89192756672645,382.5866812409754,379.8848777563681,381.7279052734375,62871700,0.0,0.0,0.0
2023-03-29 00:00:00-04:00,385.9059955473846,387.5174480671004,384.6998282099293,387.2762145996094,77497900,0.0,0.0,0.0
2023-03-30 00:00:00-04:00,389.92019324080144,390.1710855147399,387.67190988130295,389.54388427734375,69840000,0.0,0.0,0.0
2023-03-31 00:00:00-04:00,390.47018399433404,395.3334594504177,390.36402594491756,395.0343322753906,112062600,0.0,0.0,0.0
2023-04-03 00:00:00-04:00,394.5132446662317,396.9448675779732,394.11761821973766,396.53961181640625,67391100,0.0,0.0,0.0
2023-04-04 00:00:00-04:00,397.18613730495184,397.47563517993467,392.95972157826725,394.339599609375,66601500,0.0,0.0,0.0
2023-04-05 00:00:00-04:00,393.60625610917623,394.36856226217395,391.6474411444736,393.30712890625,65200200,0.0,0.0,0.0
2023-04-06 00:00:00-04:00,392.50621625119436,395.12120875106916,391.45444166145506,394.84136962890625,63743300,0.0,0.0,0.0
2023-04-10 00:00:00-04:00,392.3517801746106,395.32379323799756,391.73423775786677,395.24658203125,63681000,0.0,0.0,0.0
2023-04-11 00:00:00-04:00,395.873825281643,396.76154805541603,394.58081727814005,395.3527526855469,59297900,0.0,0.0,0.0
2023-04-12 00:00:00-04:00,397.4274190026867,397.71691691277425,393.15276783554935,393.7413635253906,86420400,0.0,0.0,0.0
2023-04-13 00:00:00-04:00,394.83167743693525,399.3282733011196,393.68340364910426,398.97125244140625,85814800,0.0,0.0,0.0
2023-04-14 00:00:00-04:00,398.3344063770291,400.5344547422886,395.6808378490979,397.9966735839844,78161500,0.0,0.0,0.0
2023-04-17 00:00:00-04:00,397.9097903516003,399.4440317293952,396.6746761290546,399.42474365234375,66436400,0.0,0.0,0.0
2023-04-18 00:00:00-04:00,401.0072882174601,401.14239312215904,398.30548459798973,399.6853332519531,63560000,0.0,0.0,0.0
2023-04-19 00:00:00-04:00,397.76511153607095,400.52480875839643,397.70721784941026,399.6177978515625,55227300,0.0,0.0,0.0
2023-04-20 00:00:00-04:00,396.79049299637126,399.1931986267538,395.88345270091645,397.43701171875,75840400,0.0,0.0,0.0
2023-04-21 00:00:00-04:00,397.73616032830944,398.2089685800001,395.7870041880718,397.7458190917969,73457400,0.0,0.0,0.0
2023-04-24 00:00:00-04:00,397.54313369577346,398.58527886560444,396.2018908008796,398.16070556640625,64332100,0.0,0.0,0.0
2023-04-25 00:00:00-04:00,396.182596147338,396.7422743683408,391.7824993811231,391.84039306640625,97766700,0.0,0.0,0.0
2023-04-26 00:00:00-04:00,392.4579848078688,393.5387062510406,389.62107629581755,390.18072509765625,80447000,0.0,0.0,0.0
2023-04-27 00:00:00-04:00,392.7281590569557,398.2186361671352,392.47726678031995,397.9484558105469,92968400,0.0,0.0,0.0
2023-04-28 00:00:00-04:00,397.0606918017015,401.3546599841194,397.00279811610284,401.3450012207031,89433100,0.0,0.0,0.0
2023-05-01 00:00:00-04:00,400.90112217868585,402.9757243479049,400.7081236035476,400.9397277832031,62122300,0.0,0.0,0.0
2023-05-02 00:00:00-04:00,400.2257167618957,400.2739811366578,393.51944225597487,396.43353271484375,103998500,0.0,0.0,0.0
2023-05-03 00:00:00-04:00,396.93530948342124,399.3573036943391,393.47119931673325,393.7124328613281,91531800,0.0,0.0,0.0
2023-05-04 00:00:00-04:00,392.6606060841038,392.98868012756435,389.5824641073576,390.9237365722656,94901900,0.0,0.0,0.0
2023-05-05 00:00:00-04:00,394.57115004883383,399.2124800515957,394.31062848009987,398.16070556640625,87891800,0.0,0.0,0.0
2023-05-08 00:00:00-04:00,398.48876058737375,398.7492821436909,396.85801991305124,398.2668151855469,50046800,0.0,0.0,0.0
2023-05-09 00:00:00-04:00,396.71329275511414,397.63962108590425,396.2887194686173,396.5202941894531,49220100,0.0,0.0,0.0
2023-05-10 00:00:00-04:00,399.36692781461454,400.00378785079255,394.5325985771212,398.373046875,96142900,0.0,0.0,0.0
2023-05-11 00:00:00-04:00,397.50463313013404,397.967782673735,395.5940529204205,397.6783142089844,70157100,0.0,0.0,0.0
2023-05-12 00:00:00-04:00,398.923041820046,399.1353284857044,394.72557287711214,397.1571960449219,70481500,0.0,0.0,0.0
2023-05-15 00:00:00-04:00,397.76506821297346,398.93263003006393,395.84485910381983,398.5273742675781,54289400,0.0,0.0,0.0
2023-05-16 00:00:00-04:00,397.41775711125933,398.34411507930736,395.85456853042575,395.8642272949219,57705500,0.0,0.0,0.0
2023-05-17 00:00:00-04:00,397.8906016426063,401.27750047633117,396.2405724955376,400.66961669921875,87287000,0.0,0.0,0.0
2023-05-18 00:00:00-04:00,400.3511161080979,404.95387019652003,400.1292001314732,404.529296875,97177200,0.0,0.0,0.0
2023-05-19 00:00:00-04:00,405.4364004853655,405.96710249637533,402.7152790765664,403.94073486328125,103793300,0.0,0.0,0.0
2023-05-22 00:00:00-04:00,403.960032617736,405.6486673214078,402.7152593623141,404.1047668457031,60745400,0.0,0.0,0.0
2023-05-23 00:00:00-04:00,402.45466229795704,404.0371682026997,399.1738925667831,399.56951904296875,86383500,0.0,0.0,0.0
2023-05-24 00:00:00-04:00,397.9580918408348,398.3440595499911,395.50715124414705,396.6747131347656,89213700,0.0,0.0,0.0
2023-05-25 00:00:00-04:00,400.1967038045329,401.5669229937081,397.94842061968114,400.10986328125,90961600,0.0,0.0,0.0
2023-05-26 00:00:00-04:00,400.7660825142733,406.0153265799462,400.688900740125,405.2916259765625,93830000,0.0,0.0,0.0
2023-05-30 00:00:00-04:00,407.2310258209136,407.761727651986,404.0563852536947,405.4458923339844,72216000,0.0,0.0,0.0
2023-05-31 00:00:00-04:00,403.6126074392259,404.5196477889496,401.6248456806696,403.19769287109375,110811800,0.0,0.0,0.0
2023-06-01 00:00:00-04:00,403.4292584266687,408.0899062054044,402.17485598730195,407.0284729003906,88865000,0.0,0.0,0.0
2023-06-02 00:00:00-04:00,409.6145242472178,413.70583539601955,409.08382227275683,412.91461181640625,91426200,0.0,0.0,0.0
2023-06-05 00:00:00-04:00,413.26193659754,414.5549446371605,411.41890910486813,412.1233215332031,65460200,0.0,0.0,0.0
2023-06-06 00:00:00-04:00,411.70839483792156,413.5513928288073,411.05221735044984,413.02069091796875,64022200,0.0,0.0,0.0
2023-06-07 00:00:00-04:00,413.41626844075256,414.55488333672184,411.16795603948907,411.592529296875,85373300,0.0,0.0,0.0
2023-06-08 00:00:00-04:00,411.66018977227344,414.5357040524195,410.88825425486164,414.0821838378906,61952800,0.0,0.0,0.0
2023-06-09 00:00:00-04:00,414.88299744160406,416.84181220366423,413.83122295827593,414.8251037597656,85742800,0.0,0.0,0.0
2023-06-12 00:00:00-04:00,415.80939357946767,418.6655901207844,415.08569304232174,418.58837890625,76104300,0.0,0.0,0.0
2023-06-13 00:00:00-04:00,420.05507547125325,421.9945727847897,419.38926865621204,421.34808349609375,95899700,0.0,0.0,0.0
2023-06-14 00:00:00-04:00,421.6858312205728,423.6639342094121,418.38574387055274,421.849853515625,100612100,0.0,0.0,0.0
2023-06-15 00:00:00-04:00,421.0296483104209,428.33420591477267,420.9331784663069,427.0798034667969,110303100,0.0,0.0,0.0
2023-06-16 00:00:00-04:00,429.072983957888,429.6444062311506,425.1504965071728,425.62506103515625,114165800,1.638,0.0,0.0
2023-06-20 00:00:00-04:00,423.67838900347647,424.56940938616935,421.3345614533151,423.4168701171875,76160400,0.0,0.0,0.0
2023-06-21 00:00:00-04:00,422.4289690630937,423.2328262923549,420.65656392245774,421.24737548828125,76982300,0.0,0.0,0.0
2023-06-22 00:00:00-04:00,420.28860046080854,422.874528215152,419.9496130860849,422.76800537109375,70637200,0.0,0.0,0.0
2023-06-23 00:00:00-04:00,419.3006239174076,421.3635726421897,418.85511377171673,419.5718078613281,92074500,0.0,0.0,0.0
2023-06-26 00:00:00-04:00,419.00048026584034,420.9278226756649,417.6155058663869,417.8576354980469,72823600,0.0,0.0,0.0
2023-06-27 00:00:00-04:00,418.73888224503673,423.05846547704135,418.2836774733641,422.4386291503906,72813700,0.0,0.0,0.0
2023-06-28 00:00:00-04:00,421.3538623864424,423.6686352436676,420.734026061951,422.6517028808594,75636000,0.0,0.0,0.0
2023-06-29 00:00:00-04:00,422.23528771625286,424.48225757414235,421.8285265262779,424.3175964355469,67882300,0.0,0.0,0.0
2023-06-30 00:00:00-04:00,427.5427284266672,430.3126766273395,427.2231008300768,429.3247985839844,104964000,0.0,0.0,0.0
2023-07-03 00:00:00-04:00,428.9761498891222,430.099605137091,428.6952712987132,429.8187561035156,32793400,0.0,0.0,0.0
2023-07-05 00:00:00-04:00,427.9979717936088,429.91564887549146,427.98827715137367,429.1795654296875,58418400,0.0,0.0,0.0
2023-07-06 00:00:00-04:00,425.5863516723805,426.2449370649579,423.3006329683059,425.81878662109375,80658300,0.0,0.0,0.0
2023-07-07 00:00:00-04:00,424.8212724455387,428.70504107100464,424.50164479016735,424.7437744140625,86134200,0.0,0.0,0.0
2023-07-10 00:00:00-04:00,424.3853688047475,425.9931128326287,423.8139465179375,425.81878662109375,62443500,0.0,0.0,0.0
2023-07-11 00:00:00-04:00,426.5839377782571,429.02459348677553,425.60572474369303,428.5306396484375,64463800,0.0,0.0,0.0
2023-07-12 00:00:00-04:00,432.3369838475325,433.3926654570318,430.90356583885625,431.9786071777344,91924500,0.0,0.0,0.0
2023-07-13 00:00:00-04:00,433.7993300889627,436.20126605489855,433.3635145986812,435.4070739746094,72425200,0.0,0.0,0.0
2023-07-14 00:00:00-04:00,436.29815914154455,437.15043046608764,434.3707875167091,435.13592529296875,69815800,0.0,0.0,0.0
2023-07-17 00:00:00-04:00,434.9906619251845,437.7025015489115,434.9422182723966,436.6468200683594,52680200,0.0,0.0,0.0
2023-07-18 00:00:00-04:00,436.3175222997564,440.5402481729128,435.88167721390397,439.891357421875,80668200,0.0,0.0,0.0
2023-07-19 00:00:00-04:00,440.6855470187412,442.0608265336728,439.8138568520883,440.86956787109375,65891700,0.0,0.0,0.0
2023-07-20 00:00:00-04:00,439.87198216766114,440.7726971193373,437.2279164909502,437.9446105957031,70591600,0.0,0.0,0.0
2023-07-21 00:00:00-04:00,439.66857203779847,439.87198216766114,437.9349455110671,437.9446105957031,71275600,0.0,0.0,0.0
2023-07-24 00:00:00-04:00,439.09714473903944,440.7145833337671,438.0608230459974,439.9010314941406,54023400,0.0,0.0,0.0
2023-07-25 00:00:00-04:00,439.6299133591932,442.36111295935297,439.58146970198135,441.10205078125,55191200,0.0,0.0,0.0
2023-07-26 00:00:00-04:00,440.16253245222157,442.60318803571505,439.10685100534744,441.1697998046875,71052900,0.0,0.0,0.0
2023-07-27 00:00:00-04:00,444.5692968966643,444.9760876219577,437.33446340359325,438.244873046875,92194400,0.0,0.0,0.0
2023-07-28 00:00:00-04:00,441.5281635177411,443.3683425271831,438.2448720243851,442.5354309082031,80011800,0.0,0.0,0.0
2023-07-31 00:00:00-04:00,443.0099795402013,443.7363682986347,441.69277922202156,443.3780212402344,62040400,0.0,0.0,0.0
2023-08-01 00:00:00-04:00,441.9059038088372,442.8550625330218,441.1504605979434,442.10931396484375,55291500,0.0,0.0,0.0
2023-08-02 00:00:00-04:00,438.9809707176882,439.24246004875226,435.2037548181366,435.9591979980469,93933400,0.0,0.0,0.0
2023-08-03 00:00:00-04:00,433.93497496555943,436.598400459704,433.2860546583424,434.70977783203125,64276100,0.0,0.0,0.0
2023-08-04 00:00:00-04:00,436.5305315984245,438.6418942161519,432.22061371349884,432.7436218261719,100128900,0.0,0.0,0.0
2023-08-07 00:00:00-04:00,434.58386780867363,436.6758710264232,433.8865334027571,436.5209045410156,58357500,0.0,0.0,0.0
2023-08-08 00:00:00-04:00,433.97372978638265,436.511272928073,431.25219533329926,434.6226501464844,71361300,0.0,0.0,0.0
2023-08-09 00:00:00-04:00,434.89381066417457,435.05847179517355,430.95193373062347,431.7170715332031,78789600,0.0,0.0,0.0
2023-08-10 00:00:00-04:00,434.0802912203921,437.4798004752825,430.70017125108984,431.8720703125,93005500,0.0,0.0,0.0
2023-08-11 00:00:00-04:00,429.9930441556667,432.6371095910836,429.3925675760147,431.6201477050781,68690900,0.0,0.0,0.0
2023-08-14 00:00:00-04:00,430.70015528143995,434.0027770996094,430.390222291899,434.0027770996094,47867400,0.0,0.0,0.0
2023-08-15 00:00:00-04:00,432.22068028440344,432.57905690734094,428.3756611915116,428.9471130371094,75707500,0.0,0.0,0.0
2023-08-16 00:00:00-04:00,428.5306378687395,430.19649067911223,425.6928860842807,425.7994384765625,80107200,0.0,0.0,0.0
2023-08-17 00:00:00-04:00,427.2716118614178,427.5331012079108,422.03192339080096,422.554931640625,95711300,0.0,0.0,0.0
2023-08-18 00:00:00-04:00,419.7268636213596,423.7946532022972,419.3782111436538,422.7583312988281,98852000,0.0,0.0,0.0
2023-08-21 00:00:00-04:00,423.77519396809026,426.2545985897725,421.6154169550539,425.50885009765625,68719000,0.0,0.0,0.0
2023-08-22 00:00:00-04:00,427.29093275792906,427.29093275792906,423.79459558552884,424.3563232421875,64994200,0.0,0.0,0.0
2023-08-23 00:00:00-04:00,425.4216740348195,429.70253803409815,425.27640219751186,429.0826721191406,68441000,0.0,0.0,0.0
2023-08-24 00:00:00-04:00,430.6904485230162,431.203762091387,423.10693291921746,423.1360168457031,88517300,0.0,0.0,0.0
2023-08-25 00:00:00-04:00,424.8696216104319,427.40713495192443,421.30548118508113,426.1190185546875,102325100,0.0,0.0,0.0
2023-08-28 00:00:00-04:00,428.31754904739176,429.4410338891343,426.1190230158921,428.8211975097656,61595400,0.0,0.0,0.0
2023-08-29 00:00:00-04:00,428.71465031235795,435.30059295851436,428.53062945762133,435.01971435546875,83081900,0.0,0.0,0.0
2023-08-30 00:00:00-04:00,435.35874573640916,437.4507491728005,434.65171661474994,436.8115234375,69053900,0.0,0.0,0.0
2023-08-31 00:00:00-04:00,437.4313644440871,438.5742091538765,435.98828137082484,436.17230224609375,66084600,0.0,0.0,0.0
2023-09-01 00:00:00-04:00,438.90351700653866,439.38777622934856,435.5233675326761,436.98583984375,58944100,0.0,0.0,0.0
2023-09-05 00:00:00-04:00,436.5402803885754,436.85987843456763,435.0293941483985,435.09716796875,55166200,0.0,0.0,0.0
2023-09-06 00:00:00-04:00,434.283665365171,434.39021776380855,429.8381692439288,432.17230224609375,70758500,0.0,0.0,0.0
2023-09-07 00:00:00-04:00,429.1601559057676,431.5233430664757,428.81150348377855,430.84539794921875,70355400,0.0,0.0,0.0
2023-09-08 00:00:00-04:00,430.8937860779607,433.03420324663375,430.53543903578844,431.4942626953125,61659700,0.0,0.0,0.0
2023-09-11 00:00:00-04:00,434.12865163508343,434.64196517344953,432.41438481227607,434.3320617675781,60180100,0.0,0.0,0.0
2023-09-12 00:00:00-04:00,432.8793228968955,434.4095690069945,431.36843651488084,431.94952392578125,67565400,0.0,0.0,0.0
2023-09-13 00:00:00-04:00,432.17224641097573,433.61532925118615,431.0681213376737,432.453125,60199300,0.0,0.0,0.0
2023-09-14 00:00:00-04:00,434.9325478772583,436.87924968605284,433.6250421773107,436.1819152832031,83430800,0.0,0.0,0.0
2023-09-15 00:00:00-04:00,434.5908789178783,434.9213331435618,430.48931345860746,430.9266662597656,111848900,1.583,0.0,0.0
2023-09-18 00:00:00-04:00,430.61561312782504,432.48174061270794,430.1393746648626,431.1793518066406,55752200,0.0,0.0,0.0
2023-09-19 00:00:00-04:00,430.2560604296138,430.8489560404354,427.59296875309155,430.28521728515625,66514600,0.0,0.0,0.0
2023-09-20 00:00:00-04:00,431.54872168026867,431.9666464690887,426.1253096194747,426.3294372558594,82562600,0.0,0.0,0.0
2023-09-21 00:00:00-04:00,423.471964690838,423.7343763843457,419.1274153539834,419.2829284667969,104095800,0.0,0.0,0.0
2023-09-22 00:00:00-04:00,420.31314452968047,421.9168307442946,417.922163972963,418.3401184082031,100829700,0.0,0.0,0.0
2023-09-25 00:00:00-04:00,417.12521698798207,420.13819074776075,416.68783452035365,420.0993347167969,70874500,0.0,0.0,0.0
2023-09-26 00:00:00-04:00,417.04748407255096,417.757007127835,413.09170246680674,413.9275817871094,96168400,0.0,0.0,0.0
2023-09-27 00:00:00-04:00,415.1035938461481,415.66733259102807,410.4383190788538,414.0927734375,104705800,0.0,0.0,0.0
2023-09-28 00:00:00-04:00,413.53874834610116,418.17486575562594,412.94585281051326,416.493408203125,92258300,0.0,0.0,0.0
2023-09-29 00:00:00-04:00,419.5550748773884,419.73001600884464,413.9567213820376,415.482666015625,115111300,0.0,0.0,0.0
2023-10-02 00:00:00-04:00,414.6467455474316,416.57118678559624,412.5473631951858,415.3173828125,83798600,0.0,0.0,0.0
2023-10-03 00:00:00-04:00,413.13054906663035,415.37571578475433,408.3875031242602,409.7579345703125,103760600,0.0,0.0,0.0
2023-10-04 00:00:00-04:00,410.2244834730011,413.49016980797626,408.7568525933047,412.7417907714844,87453000,0.0,0.0,0.0
2023-10-05 00:00:00-04:00,412.4502186078416,413.43188220244974,409.3497740259949,412.5863037109375,70142700,0.0,0.0,0.0
2023-10-06 00:00:00-04:00,410.12725010221135,419.0301747224433,408.7957044273052,417.48480224609375,113273300,0.0,0.0,0.0
2023-10-09 00:00:00-04:00,415.57978989546524,420.7310611548999,415.02580970699125,420.1576232910156,80374400,0.0,0.0,0.0
2023-10-10 00:00:00-04:00,420.78938108166943,424.94926011159197,420.39088432404174,422.344482421875,78607300,0.0,0.0,0.0
2023-10-11 00:00:00-04:00,423.4136764375653,424.3272678309944,421.02269555303803,424.0745849609375,62451700,0.0,0.0,0.0
2023-10-12 00:00:00-04:00,424.68687017880916,425.06590928014145,419.12740262422676,421.48919677734375,81154200,0.0,0.0,0.0
2023-10-13 00:00:00-04:00,422.9956702679193,424.20088940216954,417.8152716398533,419.3898010253906,95143100,0.0,0.0,0.0
2023-10-16 00:00:00-04:00,421.64470254373396,424.8715327429623,421.4017188780287,423.8023986816406,75433200,0.0,0.0,0.0
2023-10-17 00:00:00-04:00,420.6630265965554,425.8434548063301,420.313144365616,423.7829284667969,75324700,0.0,0.0,0.0
2023-10-18 00:00:00-04:00,422.00426601012197,422.96647172620357,417.0473938567801,418.1359558105469,93559800,0.0,0.0,0.0
2023-10-19 00:00:00-04:00,418.85532257293636,420.67283594068886,413.7818216257352,414.462158203125,121323000,0.0,0.0,0.0
2023-10-20 00:00:00-04:00,414.02474657512494,414.56902762423476,409.2622429037748,409.3691711425781,123919900,0.0,0.0,0.0
2023-10-23 00:00:00-04:00,407.83351751664156,412.5377077081286,406.0743180295289,408.65966796875,92035100,0.0,0.0,0.0
2023-10-24 00:00:00-04:00,410.7882159237927,412.8973273809858,408.93181699300743,411.74072265625,78564200,0.0,0.0,0.0
2023-10-25 00:00:00-04:00,410.04958295534215,410.07873981261,405.3162356108179,405.83135986328125,94223200,0.0,0.0,0.0
2023-10-26 00:00:00-04:00,404.7621566218401,405.61743411350494,400.04826810570256,400.9715881347656,115156800,0.0,0.0,0.0
2023-10-27 00:00:00-04:00,402.56564465095477,402.9641414460812,397.7253990601317,399.1541442871094,107367700,0.0,0.0,0.0
2023-10-30 00:00:00-04:00,401.9533043501809,404.9857358094935,400.65091543681416,403.92633056640625,86562700,0.0,0.0,0.0
2023-10-31 00:00:00-04:00,404.49977716687243,406.78382964883156,402.58506461745475,406.4631042480469,79665200,0.0,0.0,0.0
2023-11-01 00:00:00-04:00,407.4350269329694,411.6143341639396,406.9004450659712,410.79791259765625,98068100,0.0,0.0,0.0
2023-11-02 00:00:00-04:00,414.60788374705487,418.8261063702263,414.58845573140115,418.67059326171875,94938900,0.0,0.0,0.0
2023-11-03 00:00:00-04:00,420.9838084956757,424.04539685609643,420.8574522394109,422.49029541015625,100167800,0.0,0.0,0.0
2023-11-06 00:00:00-05:00,423.2483924241886,423.909300881896,421.5086210577569,423.46221923828125,67831700,0.0,0.0,0.0
2023-11-07 00:00:00-05:00,423.462169040648,425.3088387646738,422.3152933833265,424.6673583984375,64256100,0.0,0.0,0.0
2023-11-08 00:00:00-05:00,425.2700231402192,425.7948761919887,422.6652452198862,424.97845458984375,61746000,0.0,0.0,0.0
2023-11-09 00:00:00-05:00,426.12530000386255,426.1641856948334,421.2364699177512,421.66412353515625,83174400,0.0,0.0,0.0
2023-11-10 00:00:00-05:00,423.74410780896307,428.555166852525,421.6544244424177,428.244140625,89462200,0.0,0.0,0.0
2023-11-13 00:00:00-05:00,426.9028884941221,428.943927633025,426.1156237608668,427.8359375,52236100,0.0,0.0,0.0
2023-11-14 00:00:00-05:00,433.7938644872594,437.4288904558255,433.5703088478159,436.13623046875,97176900,0.0,0.0,0.0
2023-11-15 00:00:00-05:00,437.47749509718125,438.71187109713105,436.20426306686005,437.0595703125,77327600,0.0,0.0,0.0
2023-11-16 00:00:00-05:00,436.612513692767,437.9149026510406,435.54337957445466,437.59417724609375,66665800,0.0,0.0,0.0
2023-11-17 00:00:00-05:00,437.60387636232514,438.7507818678595,436.6805561802118,438.1384582519531,83133200,0.0,0.0,0.0
2023-11-20 00:00:00-05:00,437.8857506768845,442.3566563462381,437.87602183807985,441.5110778808594,69936200,0.0,0.0,0.0
2023-11-21 00:00:00-05:00,440.4613880733794,441.384737961191,439.2756264779716,440.5488586425781,49244600,0.0,0.0,0.0
2023-11-22 00:00:00-05:00,442.2108387941116,443.57154137515226,441.15143358240533,442.24969482421875,59394900,0.0,0.0,0.0
2023-11-24 00:00:00-05:00,442.29838559562626,442.7163104495059,441.967931316203,442.52191162109375,29737400,0.0,0.0,0.0
2023-11-27 00:00:00-05:00,441.8901268475793,442.7065484758319,441.33611692305607,441.72491455078125,50506000,0.0,0.0,0.0
2023-11-28 00:00:00-05:00,441.33611150575734,443.4646509487185,440.7724024102266,442.1622619628906,62115000,0.0,0.0,0.0
2023-11-29 00:00:00-05:00,444.31988791311386,445.45706442412455,441.45269869490653,441.8511657714844,63146000,0.0,0.0,0.0
2023-11-30 00:00:00-05:00,442.69680962338475,443.9408848017652,440.6168552136203,443.5909729003906,79752700,0.0,0.0,0.0
2023-12-01 00:00:00-05:00,442.978681217379,446.7497927155819,442.3858152693998,446.2152404785156,89183400,0.0,0.0,0.0
2023-12-04 00:00:00-05:00,442.81342805335595,446.2346273092226,441.5887809150275,443.8728332519531,72430900,0.0,0.0,0.0
2023-12-05 00:00:00-05:00,442.48301142132226,444.7476062747075,442.1039426420814,443.785400390625,69793500,0.0,0.0,0.0
2023-12-06 00:00:00-05:00,445.93336352008924,445.96252037504996,441.5596573094173,441.9970397949219,69124700,0.0,0.0,0.0
2023-12-07 00:00:00-05:00,444.0866680393364,446.02080851674197,443.484073297296,445.36962890625,66995400,0.0,0.0,0.0
2023-12-08 00:00:00-05:00,444.6212415335857,447.818915015908,444.37825785750545,447.28436279296875,83194400,0.0,0.0,0.0
2023-12-11 00:00:00-05:00,446.78867090966605,449.1990796776143,446.5748440862102,449.02410888671875,65002200,0.0,0.0,0.0
2023-12-12 00:00:00-05:00,448.67417993968536,451.1720590126142,447.673088475197,451.0748596191406,68327600,0.0,0.0,0.0
2023-12-13 00:00:00-05:00,451.45392076971996,457.54797007152996,451.0943096912645,457.2952575683594,93278000,0.0,0.0,0.0
2023-12-14 00:00:00-05:00,459.23914744875873,460.43463781217446,456.08035966207416,458.7629089355469,119026000,0.0,0.0,0.0
2023-12-15 00:00:00-05:00,458.16371199031266,459.344542615275,456.1534111366882,458.007568359375,141553700,1.906,0.0,0.0
2023-12-18 00:00:00-05:00,459.61772484302196,461.5694752957874,458.5540244200266,460.5838317871094,70375300,0.0,0.0,0.0
2023-12-19 00:00:00-05:00,461.1303131602408,463.46266921411814,461.052256247002,463.38458251953125,55761800,0.0,0.0,0.0
2023-12-20 00:00:00-05:00,462.5258502644597,464.41905073476056,456.5339913904281,456.96337890625,102921000,0.0,0.0,0.0
2023-12-21 00:00:00-05:00,459.9592904756651,461.5695085402511,457.5293705169891,461.2962646484375,86667500,0.0,0.0,0.0
2023-12-22 00:00:00-05:00,462.4282531099421,463.9116026187795,460.3203886798005,462.22332763671875,67160400,0.0,0.0,0.0
2023-12-26 00:00:00-05:00,462.6332398955009,465.08266680219026,462.55515318900285,464.17510986328125,55387000,0.0,0.0,0.0
2023-12-27 00:00:00-05:00,463.9701495554804,465.16071859872636,463.4334300593357,465.01434326171875,68000300,0.0,0.0,0.0
2023-12-28 00:00:00-05:00,465.3754516619724,466.02927148294896,464.7704136970021,465.1900329589844,77158100,0.0,0.0,0.0
2023-12-29 00:00:00-05:00,464.9948179571429,465.52179896448314,461.88177332887085,463.8432922363281,122283100,0.0,0.0,0.0
2024-01-02 00:00:00-05:00,460.7692671751978,462.2428483505155,459.13954238423355,461.2474365234375,123623700,0.0,0.0,0.0
2024-01-03 00:00:00-05:00,459.0809802037512,459.8226549132717,456.87552242132506,457.4805603027344,103585900,0.0,0.0,0.0
2024-01-04 00:00:00-05:00,457.00240114962037,459.59823307859364,455.78255699773547,456.00701904296875,84232200,0.0,0.0,0.0
2024-01-05 00:00:00-05:00,456.2119732659371,459.0908175583114,455.1775477424715,456.6316223144531,86118900,0.0,0.0,0.0
2024-01-08 00:00:00-05:00,457.129197224631,463.2967354261687,457.00232868793483,463.1503601074219,74879100,0.0,0.0,0.0
2024-01-09 00:00:00-05:00,460.4862959607646,463.4724721448551,459.97885150079935,462.44781494140625,65931400,0.0,0.0,0.0
2024-01-10 00:00:00-05:00,462.7210460536215,465.9316842003945,462.4380338715852,465.0631408691406,67310600,0.0,0.0,0.0
2024-01-11 00:00:00-05:00,466.0682912006048,466.5855039297226,460.8668888410367,464.85821533203125,77940700,0.0,0.0,0.0
2024-01-12 00:00:00-05:00,466.31228634451475,467.053961160706,463.76526590683625,465.1802673339844,58026400,0.0,0.0,0.0
2024-01-16 00:00:00-05:00,463.79449814902443,465.1119059605971,461.64756060638337,463.4724426269531,85014900,0.0,0.0,0.0
2024-01-17 00:00:00-05:00,460.437486104456,461.3840863262476,458.53451737794865,460.8961486816406,68843900,0.0,0.0,0.0
2024-01-18 00:00:00-05:00,462.57469068733496,465.5510986341424,461.0230524327812,464.9948425292969,91856200,0.0,0.0,0.0
2024-01-19 00:00:00-05:00,466.12682126184484,471.07451607606174,465.04361399672933,470.79150390625,110834500,0.0,0.0,0.0
2024-01-22 00:00:00-05:00,472.3334446086135,473.5142454606471,471.13310718922804,471.7869567871094,75844900,0.0,0.0,0.0
2024-01-23 00:00:00-05:00,472.3334326185078,473.4068716669151,471.2404570032446,473.16290283203125,49945300,0.0,0.0,0.0
2024-01-24 00:00:00-05:00,476.0417775770774,476.97860962443474,473.1824697960818,473.68017578125,81765000,0.0,0.0,0.0
2024-01-25 00:00:00-05:00,475.817252905647,476.529652576822,473.6801134548218,476.25640869140625,72525000,0.0,0.0,0.0
2024-01-26 00:00:00-05:00,475.82698705908683,477.3200749296846,474.8023300076101,475.6513366699219,76641600,0.0,0.0,0.0
2024-01-29 00:00:00-05:00,475.96360572586144,479.5645874731138,475.4171180150746,479.4181823730469,61322800,0.0,0.0,0.0
2024-01-30 00:00:00-05:00,478.72533830354183,479.759763638596,478.2861825486415,479.0473937988281,58618400,0.0,0.0,0.0
2024-01-31 00:00:00-05:00,476.8321663361625,477.28106061845324,471.21111529014115,471.23065185546875,126011100,0.0,0.0,0.0
2024-02-01 00:00:00-05:00,472.9384966988815,477.427529465081,472.1285034447494,477.39825439453125,91891600,0.0,0.0,0.0
2024-02-02 00:00:00-05:00,477.8372942434172,484.08288967850467,477.49573196105774,482.4239196777344,99228200,0.0,0.0,0.0
2024-02-05 00:00:00-05:00,481.78966938702735,482.453257473618,478.4033807510974,480.6673889160156,75757100,0.0,0.0,0.0
2024-02-06 00:00:00-05:00,481.6139421538367,482.3946602218278,480.1794043465866,482.0628662109375,55918600,0.0,0.0,0.0
2024-02-07 00:00:00-05:00,484.3171945782859,486.50314587191764,483.40960785248996,486.0835266113281,70556500,0.0,0.0,0.0
2024-02-08 00:00:00-05:00,486.0835240024401,486.67879367849736,485.2637922717278,486.2982177734375,52343600,0.0,0.0,0.0
2024-02-09 00:00:00-05:00,486.805622459753,489.5478296216965,486.46406015452993,489.10870361328125,63979400,0.0,0.0,0.0
2024-02-12 00:00:00-05:00,489.0794311383801,491.3532074553824,488.171844486811,488.8940124511719,56502300,0.0,0.0,0.0
2024-02-13 00:00:00-05:00,482.5995866836909,485.0978249437322,478.8815043599049,482.1604309082031,113099200,0.0,0.0,0.0
2024-02-14 00:00:00-05:00,484.8050879708214,487.0300824146668,482.4727317600331,486.5421447753906,68387800,0.0,0.0,0.0
2024-02-15 00:00:00-05:00,487.2448182612194,490.08461914090475,486.76661908209815,489.8992004394531,61683000,0.0,0.0,0.0
2024-02-16 00:00:00-05:00,489.5966419107854,490.73839931554534,486.71779791035453,487.45947265625,75532900,0.0,0.0,0.0
2024-02-20 00:00:00-05:00,485.712680385879,486.386036759877,482.5215787127143,484.7758483886719,71736700,0.0,0.0,0.0
2024-02-21 00:00:00-05:00,483.4681400096849,485.3710789199038,481.6529965187708,485.2149353027344,59293400,0.0,0.0,0.0
2024-02-22 00:00:00-05:00,491.8508882985767,496.2227903053238,490.8847515615135,495.2566833496094,76402500,0.0,0.0,0.0
2024-02-23 00:00:00-05:00,496.98399282076,497.8232610473495,494.8663601420095,495.5982666015625,61321800,0.0,0.0,0.0
2024-02-26 00:00:00-05:00,496.0374116894735,496.47656749463823,493.65627353362504,493.78314208984375,50386700,0.0,0.0,0.0
2024-02-27 00:00:00-05:00,494.4759766991797,494.92487095326175,492.57300814299754,494.7004089355469,48854500,0.0,0.0,0.0
2024-02-28 00:00:00-05:00,493.13904421133424,494.63213220475586,492.7779751212326,494.046630859375,56506600,0.0,0.0,0.0
2024-02-29 00:00:00-05:00,495.81298488671405,497.4426800063986,493.1586028041446,495.8227233886719,83924800,0.0,0.0,0.0
2024-03-01 00:00:00-05:00,496.70096712443683,500.90695704808513,496.29108643903106,500.4775695800781,76844800,0.0,0.0,0.0
2024-03-04 00:00:00-05:00,499.6774416316755,501.7950742838469,499.6481367835651,499.9408874511719,49799300,0.0,0.0,0.0
2024-03-05 00:00:00-05:00,497.9305728239268,498.3794968768046,492.72917089960293,494.94439697265625,72855600,0.0,0.0,0.0
2024-03-06 00:00:00-05:00,498.2331419712469,499.71649154527415,496.1545525173592,497.45245361328125,68382400,0.0,0.0,0.0
2024-03-07 00:00:00-05:00,500.76062488372975,503.44428173979026,497.51094372229056,502.39031982421875,58652100,0.0,0.0,0.0
2024-03-08 00:00:00-05:00,503.02473305199794,505.7180990051288,498.7991760778728,499.37493896484375,86532500,0.0,0.0,0.0
2024-03-11 00:00:00-04:00,498.1648377894375,499.53105726392937,496.2325939589306,498.9455261230469,62557200,0.0,0.0,0.0
2024-03-12 00:00:00-04:00,501.0631241419624,504.8983064599404,498.53558121283794,504.31280517578125,73114400,0.0,0.0,0.0
2024-03-13 00:00:00-04:00,504.6348815647523,504.8105319780075,502.078092945087,503.5223693847656,55104100,0.0,0.0,0.0
2024-03-14 00:00:00-04:00,504.4982050635474,504.654378460411,499.4724832072711,502.5269775390625,110171800,0.0,0.0,0.0
2024-03-15 00:00:00-04:00,499.44834457853835,500.90693694327877,497.4024316630392,499.07635498046875,107646300,1.595,0.0,0.0
2024-03-18 00:00:00-04:00,503.15838817484575,504.60715196314635,501.63129506757195,502.04241943359375,88893300,0.0,0.0,0.0
2024-03-19 00:00:00-04:00,501.3474286120831,505.11619805115,500.33912535177535,504.83233642578125,60755300,0.0,0.0,0.0
2024-03-20 00:00:00-04:00,504.89112356917263,509.638800886851,504.21567502677055,509.5017395019531,69594600,0.0,0.0,0.0
2024-03-21 00:00:00-04:00,512.3503575161087,513.0551421639301,510.90153393819924,511.1854553222656,60256100,0.0,0.0,0.0
2024-03-22 00:00:00-04:00,511.0972893379752,511.5867430006875,509.9813206475284,510.21630859375,79070800,0.0,0.0,0.0
2024-03-25 00:00:00-04:00,508.8360378123517,509.96180518438194,508.65004302256665,508.80670166015625,48512100,0.0,0.0,0.0
2024-03-26 00:00:00-04:00,510.23591318652416,510.5785666441243,507.4656481097865,507.8669738769531,65463700,0.0,0.0,0.0
2024-03-27 00:00:00-04:00,510.7057822180554,512.174143263585,508.53257680183424,512.1349487304688,82999800,0.0,0.0,0.0
2024-03-28 00:00:00-04:00,512.1741097012416,513.5445440719409,511.7531867321709,512.0370483398438,96294900,0.0,0.0,0.0
2024-04-01 00:00:00-04:00,512.7811197724956,513.319506934626,509.9813989834302,511.14630126953125,62477500,0.0,0.0,0.0
2024-04-02 00:00:00-04:00,507.3089210276351,508.03330288632185,505.58603458115783,507.89630126953125,74230300,0.0,0.0,0.0
2024-04-03 00:00:00-04:00,506.79992871244065,509.9618403568663,506.7509952902305,508.45428466796875,59155800,0.0,0.0,0.0
2024-04-04 00:00:00-04:00,512.4775792833494,512.8201729462434,501.9445269605556,502.24798583984375,96858100,0.0,0.0,0.0
2024-04-05 00:00:00-04:00,503.6087005524252,509.4625474298725,503.1681802920817,507.49493408203125,74546500,0.0,0.0,0.0
2024-04-08 00:00:00-04:00,508.19969971747315,509.2079430704707,506.9662670787009,507.7787170410156,48401800,0.0,0.0,0.0
2024-04-09 00:00:00-04:00,509.52128394193176,509.76601078340246,503.5009797426477,508.3661804199219,68049200,0.0,0.0,0.0
2024-04-10 00:00:00-04:00,502.6493333372583,505.2727978988181,501.288697511792,503.2758483886719,82652800,0.0,0.0,0.0
2024-04-11 00:00:00-04:00,504.80290253405747,508.52273827469025,501.2788602003547,507.073974609375,70099000,0.0,0.0,0.0
2024-04-12 00:00:00-04:00,503.5206029701081,504.94003067337457,498.3421743729088,500.0748596191406,92561100,0.0,0.0,0.0
2024-04-15 00:00:00-04:00,504.26456872904316,504.43096625601453,492.95817044710765,493.8098449707031,92101400,0.0,0.0,0.0
2024-04-16 00:00:00-04:00,494.2895037381496,495.81659688850766,491.6170757880816,492.90924072265625,73484000,0.0,0.0,0.0
2024-04-17 00:00:00-04:00,495.37608674425394,495.54251414976056,488.59226550978076,489.9920959472656,75910300,0.0,0.0,0.0
2024-04-18 00:00:00-04:00,491.39192878796825,493.49657364344756,488.0440524623093,488.9837951660156,74548100,0.0,0.0,0.0
2024-04-19 00:00:00-04:00,488.90548147354247,489.9039562000147,483.4431618183188,484.71575927734375,102212600,0.0,0.0,0.0
2024-04-22 00:00:00-04:00,487.32938585975756,491.7834317965979,484.98001442133955,489.1795349121094,67961000,0.0,0.0,0.0
2024-04-23 00:00:00-04:00,491.19613039401867,495.4152186955436,488.99358884976584,494.9844970703125,64633600,0.0,0.0,0.0
2024-04-24 00:00:00-04:00,495.87527965691265,496.6681921802562,492.51763478656846,494.7495422363281,55928100,0.0,0.0,0.0
2024-04-25 00:00:00-04:00,488.6509980853357,493.6336332615344,486.9966421578613,492.8700866699219,69122400,0.0,0.0,0.0
2024-04-26 00:00:00-04:00,495.6697730082035,499.1253149704082,495.03348916650594,497.53948974609375,64306100,0.0,0.0,0.0
2024-04-29 00:00:00-04:00,499.33081866062173,499.9769010603671,496.55072552691377,499.30145263671875,46415400,0.0,0.0,0.0
2024-04-30 00:00:00-04:00,497.83310375268974,498.8120110716739,491.39190673828125,491.39190673828125,77483600,0.0,0.0,0.0
2024-05-01 00:00:00-04:00,490.80459911500014,497.47095614792755,489.3264393749632,489.79632568359375,80242800,0.0,0.0,0.0
2024-05-02 00:00:00-04:00,493.51612025365716,495.21943930763115,489.0131405991214,494.3775634765625,62550200,0.0,0.0,0.0
2024-05-03 00:00:00-04:00,500.37832197197366,501.7389877556503,497.83315669716075,500.5055847167969,72756700,0.0,0.0,0.0
2024-05-06 00:00:00-04:00,502.9136683443448,505.7133291220876,502.47314807215434,505.6741943359375,47264700,0.0,0.0,0.0
2024-05-07 00:00:00-04:00,506.64330210533313,507.6320081205366,505.55672925106126,506.232177734375,52561300,0.0,0.0,0.0
2024-05-08 00:00:00-04:00,504.3918133863561,506.81948450790213,504.2743492835563,506.2810974121094,42047200,0.0,0.0,0.0
2024-05-09 00:00:00-04:00,506.467172776405,509.2374977616675,505.81132147346915,509.19830322265625,43643700,0.0,0.0,0.0
2024-05-10 00:00:00-04:00,510.80372914201587,511.61623911063947,508.6305831328405,509.8542175292969,52233200,0.0,0.0,0.0
2024-05-13 00:00:00-04:00,511.53776723906657,511.645432696488,508.7772416401531,509.92254638671875,36716400,0.0,0.0,0.0
2024-05-14 00:00:00-04:00,510.1183975334321,512.7810566084371,509.5800104376199,512.26220703125,57535900,0.0,0.0,0.0
2024-05-15 00:00:00-04:00,514.7389552225601,518.8993121603461,514.1026414388483,518.6056518554688,59504900,0.0,0.0,0.0
2024-05-16 00:00:00-04:00,518.7034152838155,520.3088376274046,517.3916531865508,517.5385131835938,50244800,0.0,0.0,0.0
2024-05-17 00:00:00-04:00,517.6560166666146,518.3510624255979,516.1974542090975,518.2825317382812,59187600,0.0,0.0,0.0
2024-05-20 00:00:00-04:00,518.3999226410019,520.3479385204677,518.008335839566,518.8795776367188,37764200,0.0,0.0,0.0
2024-05-21 00:00:00-04:00,518.1160765100145,520.3088192688843,517.9104844709608,520.1521606445312,33437000,0.0,0.0,0.0
2024-05-22 00:00:00-04:00,519.4572522789621,520.1718355844711,516.4715368155097,518.654541015625,48390000,0.0,0.0,0.0
2024-05-23 00:00:00-04:00,521.7185015997201,521.8261670726438,513.6522545564001,514.8661499023438,57211200,0.0,0.0,0.0
2024-05-24 00:00:00-04:00,516.7162769685657,519.0852760314796,515.7667654147743,518.2727661132812,41291100,0.0,0.0,0.0
2024-05-28 00:00:00-04:00,519.0852676623554,519.3201958884637,515.991886691213,518.6349487304688,36269600,0.0,0.0,0.0
2024-05-29 00:00:00-04:00,514.5920494378546,516.1876733248712,514.2885905251699,515.003173828125,45190300,0.0,0.0,0.0
2024-05-30 00:00:00-04:00,513.4565079924353,514.1221578280299,510.33379112165585,511.5867614746094,46377600,0.0,0.0,0.0
2024-05-31 00:00:00-04:00,512.546099366396,516.3736006194137,507.42637356021385,516.246337890625,90785800,0.0,0.0,0.0
2024-06-03 00:00:00-04:00,517.8615954221938,518.1454570499837,511.5769670953754,516.6672973632812,46835700,0.0,0.0,0.0
2024-06-04 00:00:00-04:00,515.3555890163468,517.9888521983294,513.8872279798754,517.244873046875,34632700,0.0,0.0,0.0
2024-06-05 00:00:00-04:00,519.5747526551082,523.4120533239656,517.5777431174533,523.3924560546875,47610400,0.0,0.0,0.0
2024-06-06 00:00:00-04:00,523.6958258756584,524.1265474920779,521.4443509593684,523.382568359375,30808500,0.0,0.0,0.0
2024-06-07 00:00:00-04:00,522.4037454552046,525.5656572802073,521.3073738449024,522.7463989257812,43224500,0.0,0.0,0.0
2024-06-10 00:00:00-04:00,521.9337792468638,524.684506328859,521.3366601422468,524.3614501953125,35686100,0.0,0.0,0.0
2024-06-11 00:00:00-04:00,522.8051312923558,525.6831217080321,520.8277190397199,525.6243896484375,36383400,0.0,0.0,0.0
2024-06-12 00:00:00-04:00,530.2056082912144,532.6430781044711,528.9036447482033,529.9412841796875,63251300,0.0,0.0,0.0
2024-06-13 00:00:00-04:00,531.6936089856242,531.8698051580913,528.2087008298147,531.0083618164062,44760900,0.0,0.0,0.0
2024-06-14 00:00:00-04:00,529.4714728215465,531.3607570534568,528.4631694567662,531.3314208984375,40089900,0.0,0.0,0.0
2024-06-17 00:00:00-04:00,530.646045981177,536.9600095405905,530.1859285159667,535.5601196289062,55839500,0.0,0.0,0.0
2024-06-18 00:00:00-04:00,535.6189957819628,537.0482222261405,535.1980727311192,536.9209594726562,41376400,0.0,0.0,0.0
2024-06-20 00:00:00-04:00,537.8508164181325,538.5164661964561,533.6806618603835,535.4622802734375,70328200,0.0,0.0,0.0
2024-06-21 00:00:00-04:00,534.6364329914431,535.8640147535098,533.2811779308804,534.7444458007812,64338600,1.759,0.0,0.0
2024-06-24 00:00:00-04:00,534.5676749075179,537.1406814551851,532.8883214982557,533.0061645507812,45528700,0.0,0.0,0.0
2024-06-25 00:00:00-04:00,534.2337544994542,535.4220752279302,532.7115650972021,535.0587158203125,37936200,0.0,0.0,0.0
2024-06-26 00:00:00-04:00,533.9391352589275,536.4433900198844,533.2909984741738,535.7265014648438,38550600,0.0,0.0,0.0
2024-06-27 00:00:00-04:00,535.589040487199,537.1505509580609,534.8426611396433,536.5711059570312,35041500,0.0,0.0,0.0
2024-06-28 00:00:00-04:00,537.3468079894359,540.4109067841166,533.2123515551962,534.4595336914062,76144500,0.0,0.0,0.0
2024-07-01 00:00:00-04:00,535.8442866316137,536.0898029530387,532.7900779788093,535.5595092773438,40297800,0.0,0.0,0.0
2024-07-02 00:00:00-04:00,533.9489922304165,539.1637573242188,533.8999009464727,539.1637573242188,40434800,0.0,0.0,0.0
2024-07-03 00:00:00-04:00,538.8494837936086,541.9331836330194,538.8102227549504,541.56982421875,32789900,0.0,0.0,0.0
2024-07-05 00:00:00-04:00,541.874286937383,545.0954305299725,541.2359204016998,544.6928100585938,41488400,0.0,0.0,0.0
2024-07-08 00:00:00-04:00,545.4783931483458,546.273863702814,544.2508114321598,545.3212890625,36110500,0.0,0.0,0.0
2024-07-09 00:00:00-04:00,546.283734729133,547.1872181563506,545.5570158893808,545.8516235351562,27289700,0.0,0.0,0.0
2024-07-10 00:00:00-04:00,547.079212521271,551.596689657151,546.7846048716298,551.2529907226562,38701200,0.0,0.0,0.0
2024-07-11 00:00:00-04:00,551.3708220113514,552.2448746370588,545.8614492888662,546.499755859375,53054200,0.0,0.0,0.0
2024-07-12 00:00:00-04:00,547.6291174546383,553.5607707150377,547.1577452576701,549.94677734375,53084400,0.0,0.0,0.0
2024-07-15 00:00:00-04:00,551.9503223190923,554.709924079379,549.5933410549901,551.4592895507812,40584300,0.0,0.0,0.0
2024-07-16 00:00:00-04:00,552.7751914744023,555.0240998431519,552.0189818744624,554.7294921875,36475300,0.0,0.0,0.0
2024-07-17 00:00:00-04:00,548.7781654504558,550.4575189607175,546.6274397017427,546.9515380859375,57119000,0.0,0.0,0.0
2024-07-18 00:00:00-04:00,548.4933484542273,549.4852440848026,540.5582433501387,542.7482299804688,56270400,0.0,0.0,0.0
2024-07-19 00:00:00-04:00,542.5125813182824,544.1428435386215,538.0834565302354,539.1441040039062,65509100,0.0,0.0,0.0
2024-07-22 00:00:00-04:00,543.0821438640331,545.3114514113106,541.1376736329704,544.7025756835938,43346700,0.0,0.0,0.0
2024-07-23 00:00:00-04:00,544.5945249198012,546.7550807862475,543.3571728667828,543.8482055664062,34439600,0.0,0.0,0.0
2024-07-24 00:00:00-04:00,539.0163565377113,539.3207943889454,530.6000495620024,531.523193359375,74515300,0.0,0.0,0.0
2024-07-25 00:00:00-04:00,531.6410587361225,537.6415236413737,527.8110397958803,528.7537841796875,61158300,0.0,0.0,0.0
2024-07-26 00:00:00-04:00,532.5544244069231,537.3763388802067,531.7785544219373,534.6756591796875,53763800,0.0,0.0,0.0
2024-07-29 00:00:00-04:00,536.227341129643,537.2388372702122,532.9864775250034,534.9899291992188,39515800,0.0,0.0,0.0
2024-07-30 00:00:00-04:00,536.463088435743,537.5237359172042,528.8619113563942,532.2794799804688,46853600,0.0,0.0,0.0
2024-07-31 00:00:00-04:00,539.1342001655225,543.5731545926626,537.7593446818978,540.931396484375,65663400,0.0,0.0,0.0
2024-08-01 00:00:00-04:00,542.659905480717,544.9186439967344,529.7555512584067,533.2713623046875,76428700,0.0,0.0,0.0
2024-08-02 00:00:00-04:00,526.1415136511895,527.3592651002363,519.1197223906057,523.3426513671875,82789100,0.0,0.0,0.0
2024-08-05 00:00:00-04:00,502.46399742687476,514.189861675624,501.1185425419697,508.1010437011719,146267400,0.0,0.0,0.0
2024-08-06 00:00:00-04:00,509.90795711875484,520.2491343271334,508.58219283381527,512.7854614257812,84826300,0.0,0.0,0.0
2024-08-07 00:00:00-04:00,518.9921539374498,522.0562536075904,508.75904766021273,509.35809326171875,70698300,0.0,0.0,0.0
2024-08-08 00:00:00-04:00,514.513885136989,521.7615329757872,512.4810623968182,521.133056640625,63276600,0.0,0.0,0.0
2024-08-09 00:00:00-04:00,520.3080694804698,524.9237888690128,519.0804877250338,523.4310302734375,45619600,0.0,0.0,0.0
2024-08-12 00:00:00-04:00,524.6291985957554,526.1218973002085,521.4276556811567,523.7060546875,42542100,0.0,0.0,0.0
2024-08-13 00:00:00-04:00,526.9075349868316,532.5544105776438,526.6620186567962,532.3186645507812,52333100,0.0,0.0,0.0
2024-08-14 00:00:00-04:00,533.1142249967176,535.1864287265759,530.4332054014179,533.9981079101562,42446900,0.0,0.0,0.0
2024-08-15 00:00:00-04:00,539.644959128727,543.4357173403401,539.036083351339,543.1509399414062,60846800,0.0,0.0,0.0
2024-08-16 00:00:00-04:00,541.5305297582873,545.066001447727,541.3734256554437,544.3687133789062,44430700,0.0,0.0,0.0
2024-08-19 00:00:00-04:00,544.7810639108773,549.5735473632812,543.9266718963368,549.5735473632812,39121800,0.0,0.0,0.0
2024-08-20 00:00:00-04:00,549.1218730431605,550.7815659083177,547.3345068852593,548.679931640625,33732300,0.0,0.0,0.0
2024-08-21 00:00:00-04:00,549.7308200651719,552.0288197515467,544.7811716197107,550.5655517578125,41514600,0.0,0.0,0.0
2024-08-22 00:00:00-04:00,552.4707057383962,553.0795814875313,545.0266332673548,546.244384765625,56121500,0.0,0.0,0.0
2024-08-23 00:00:00-04:00,549.4950549410031,552.9912051950074,547.2951782034337,552.0484008789062,50639400,0.0,0.0,0.0
2024-08-26 00:00:00-04:00,553.0796338099561,553.7965224345438,549.023698553154,550.7324829101562,35788600,0.0,0.0,0.0
2024-08-27 00:00:00-04:00,549.455825686111,551.9797412538522,548.3068258163023,551.4887084960938,32693900,0.0,0.0,0.0
2024-08-28 00:00:00-04:00,551.1449533002178,551.5770644805714,545.085566530633,548.287109375,41066000,0.0,0.0,0.0
2024-08-29 00:00:00-04:00,550.2610513664456,553.5706069059922,547.187181927915,548.336181640625,38715200,0.0,0.0,0.0
2024-08-30 00:00:00-04:00,550.7127730145278,554.0812497734636,547.1478712090765,553.570556640625,62700100,0.0,0.0,0.0
2024-09-03 00:00:00-04:00,550.4181325533738,550.7520611429293,539.6547347846964,542.1786499023438,60600100,0.0,0.0,0.0
2024-09-04 00:00:00-04:00,540.3323596896321,544.4864768786748,539.6056409316967,541.0689086914062,47224900,0.0,0.0,0.0
2024-09-05 00:00:00-04:00,541.0100021233877,543.8677859554409,537.2879360362771,539.7529296875,44264300,0.0,0.0,0.0
2024-09-06 00:00:00-04:00,540.0770882862281,541.7072905965744,529.7654008260863,530.6688842773438,68493800,0.0,0.0,0.0
2024-09-09 00:00:00-04:00,534.8819667353457,537.8870845889743,532.9472666463545,536.6103515625,40445800,0.0,0.0,0.0
2024-09-10 00:00:00-04:00,538.525350920473,539.3012209232795,533.6346845678008,538.9476318359375,36394600,0.0,0.0,0.0
2024-09-11 00:00:00-04:00,538.8592992301786,545.3998284478084,530.2760571886295,544.4766845703125,75248600,0.0,0.0,0.0
2024-09-12 00:00:00-04:00,545.0561445387712,549.367426167289,542.8268368290717,549.06298828125,51819600,0.0,0.0,0.0
2024-09-13 00:00:00-04:00,549.6718645218532,552.9323289489466,549.4165179190511,551.9306030273438,39310500,0.0,0.0,0.0
2024-09-16 00:00:00-04:00,551.6654196124157,553.0108444429941,549.8584528057411,552.7457275390625,36656100,0.0,0.0,0.0
2024-09-17 00:00:00-04:00,554.9651191583721,556.4186166721934,550.7324197918623,552.9715576171875,49321000,0.0,0.0,0.0
2024-09-18 00:00:00-04:00,553.6295424523687,558.4907782007374,550.771758494403,551.33154296875,59044900,0.0,0.0,0.0
2024-09-19 00:00:00-04:00,560.7692368305202,562.6056945402063,557.8917920771589,560.73974609375,75315500,0.0,0.0,0.0
2024-09-20 00:00:00-04:00,559.3665913435013,560.8146268159833,556.7363903893743,559.7704467773438,77503100,1.746,0.0,0.0
2024-09-23 00:00:00-04:00,560.844157105768,561.8193743965802,559.6226102686882,561.169189453125,44116900,0.0,0.0,0.0
2024-09-24 00:00:00-04:00,561.9671313798626,562.8340046033333,559.1301026711176,562.77490234375,46805700,0.0,0.0,0.0
2024-09-25 00:00:00-04:00,562.6172518383486,563.3560600605995,560.4204878396197,561.5336303710938,38428600,0.0,0.0,0.0
2024-09-26 00:00:00-04:00,565.8089884130038,566.1340809200134,561.395859133459,563.760009765625,48336000,0.0,0.0,0.0
2024-09-27 00:00:00-04:00,564.8337142422162,565.651285439919,561.908002221962,562.9423217773438,42100900,0.0,0.0,0.0
2024-09-30 00:00:00-04:00,561.9079345557661,565.8088634048895,559.6028866955652,565.1981201171875,63557400,0.0,0.0,0.0
2024-10-01 00:00:00-04:00,564.8435265029814,565.4936512718724,557.5539281278881,560.1348266601562,72668800,0.0,0.0,0.0
2024-10-02 00:00:00-04:00,559.2384126817892,561.3957349796159,556.8348209898014,560.3712158203125,38097800,0.0,0.0,0.0
2024-10-03 00:00:00-04:00,558.8936443913503,561.2972362765911,557.0515539848665,559.3468017578125,40846500,0.0,0.0,0.0
2024-10-04 00:00:00-04:00,563.8092058002762,564.804143911743,559.6226255139783,564.4298095703125,42939100,0.0,0.0,0.0
2024-10-07 00:00:00-04:00,562.7748592374886,563.425044167477,558.1745633665616,559.3270874023438,49964700,0.0,0.0,0.0
2024-10-08 00:00:00-04:00,561.9079798048728,565.2178864241666,561.0313063853904,564.616943359375,37398700,0.0,0.0,0.0
2024-10-09 00:00:00-04:00,564.6071813915806,569.0893336080857,564.006298346405,568.52783203125,37912200,0.0,0.0,0.0
2024-10-10 00:00:00-04:00,567.1782233614125,568.9612116462271,565.9172950083815,567.5328369140625,44138100,0.0,0.0,0.0
2024-10-11 00:00:00-04:00,567.4539823983677,571.6701437051296,567.3160570940822,570.9313354492188,42268000,0.0,0.0,0.0
2024-10-14 00:00:00-04:00,572.54680911459,576.5364217400751,572.0641306807273,575.6005859375,36217200,0.0,0.0,0.0
2024-10-15 00:00:00-04:00,575.8665780927906,576.1719497636773,569.9068101256781,571.1283569335938,54203600,0.0,0.0,0.0
2024-10-16 00:00:00-04:00,571.1283629185417,574.1328378005626,570.3205920106161,573.6107177734375,30725400,0.0,0.0,0.0
2024-10-17 00:00:00-04:00,577.1669087512673,577.3737967345479,573.4728669922558,573.6600341796875,34393700,0.0,0.0,0.0
2024-10-18 00:00:00-04:00,575.3543175241635,576.6546272535265,573.8865614270069,575.8665771484375,37416800,0.0,0.0,0.0
2024-10-21 00:00:00-04:00,575.1375866701346,576.1226643625554,571.936084169767,574.9208984375,36439000,0.0,0.0,0.0
2024-10-22 00:00:00-04:00,572.379393899403,575.7779240387921,571.7194086656112,574.6155395507812,34183800,0.0,0.0,0.0
2024-10-23 00:00:00-04:00,572.5862745943635,573.0295715850681,565.8483166590198,569.3650512695312,49314600,0.0,0.0,0.0
2024-10-24 00:00:00-04:00,571.3253834738008,571.4042065299044,567.966294746531,570.596435546875,34979900,0.0,0.0,0.0
2024-10-25 00:00:00-04:00,572.8324648441098,575.7384556877671,569.4536560087178,570.3992919921875,47268200,0.0,0.0,0.0
2024-10-28 00:00:00-04:00,573.8866057690544,574.0146706850179,571.8573480325817,572.1627197265625,30174700,0.0,0.0,0.0
2024-10-29 00:00:00-04:00,571.1972915711463,574.2116269876768,569.798498044357,573.0886840820312,42899700,0.0,0.0,0.0
2024-10-30 00:00:00-04:00,572.6158487794029,574.615585559352,570.6456931929514,571.35498046875,41435800,0.0,0.0,0.0
2024-10-31 00:00:00-04:00,566.9712611742847,567.0402238212235,559.9575134707092,560.154541015625,60182500,0.0,0.0,0.0
2024-11-01 00:00:00-04:00,562.7945884035815,566.9614477579651,562.1050220014198,562.5187377929688,45667500,0.0,0.0,0.0
2024-11-04 00:00:00-05:00,562.6566805623088,563.9569903576214,559.4157965332372,561.30712890625,38217000,0.0,0.0,0.0
2024-11-05 00:00:00-05:00,562.2232148100805,568.1336807780868,562.0065265842841,568.0942993164062,39478300,0.0,0.0,0.0
2024-11-06 00:00:00-05:00,580.4078883526755,583.0971316763067,576.6547441031889,582.2203979492188,68182000,0.0,0.0,0.0
2024-11-07 00:00:00-05:00,584.2298308733695,587.7465650663022,584.1510078317573,586.7220458984375,47233200,0.0,0.0,0.0
2024-11-08 00:00:00-05:00,587.2737955457643,590.6920466620936,587.2737955457643,589.263671875,46444900,0.0,0.0,0.0
2024-11-11 00:00:00-05:00,590.8593926970449,591.2140062031049,588.0913270467408,589.8250732421875,37586800,0.0,0.0,0.0
2024-11-12 00:00:00-05:00,589.7462657959629,590.3471487178498,585.5005836337616,587.9928588867188,43006100,0.0,0.0,0.0
2024-11-13 00:00:00-05:00,588.4558712273305,590.2881013518266,586.0818603831444,588.278564453125,47388600,0.0,0.0,0.0
2024-11-14 00:00:00-05:00,588.4066394793019,588.8893179492193,583.8063432948493,584.495849609375,38904100,0.0,0.0,0.0
2024-11-15 00:00:00-05:00,580.9199456029655,581.3928237454572,575.1474051756758,577.0092163085938,75988800,0.0,0.0,0.0
2024-11-18 00:00:00-05:00,577.4721604131028,580.6933833970946,576.6053474416191,579.3734130859375,37001700,0.0,0.0,0.0
2024-11-19 00:00:00-05:00,575.9848429931217,582.2203419709091,575.3149973262474,581.4913940429688,49412000,0.0,0.0,0.0
2024-11-20 00:00:00-05:00,581.5702110064499,581.9740664321081,575.9060139035164,581.6884155273438,50032600,0.0,0.0,0.0
2024-11-21 00:00:00-05:00,584.5451050737219,586.2394097822103,578.6838809961135,584.81103515625,46750300,0.0,0.0,0.0
2024-11-22 00:00:00-05:00,584.8012273246769,587.2541214128702,584.2988881794737,586.6236572265625,38226400,0.0,0.0,0.0
2024-11-25 00:00:00-05:00,590.5738204551704,591.8937909448966,586.3182774428572,588.613525390625,42441400,0.0,0.0,0.0
2024-11-26 00:00:00-05:00,589.8645208450938,592.3567963116076,589.1454333564441,591.6869506835938,45621300,0.0,0.0,0.0
2024-11-27 00:00:00-05:00,591.4997854868443,591.8839201005825,588.3672455728715,589.8941040039062,34000200,0.0,0.0,0.0
2024-11-29 00:00:00-05:00,590.7116438442056,594.3465828189082,590.4358533637491,593.5585327148438,30177400,0.0,0.0,0.0
2024-12-02 00:00:00-05:00,593.9722515940274,595.3021425181648,593.4797127608734,594.6224365234375,31746000,0.0,0.0,0.0
2024-12-03 00:00:00-05:00,594.3860548690404,595.1445238224464,593.3517352966707,594.8982543945312,26906600,0.0,0.0,0.0
2024-12-04 00:00:00-05:00,596.5925478705923,598.8384935195138,595.9227023218134,598.5922241210938,42787600,0.0,0.0,0.0
2024-12-05 00:00:00-05:00,598.592255379496,599.4000262634194,597.2525642119798,597.607177734375,28762200,0.0,0.0,0.0
2024-12-06 00:00:00-05:00,598.3756383425828,599.9813199050982,597.9619225172376,598.7401123046875,31241500,0.0,0.0,0.0
2024-12-09 00:00:00-05:00,598.6218315882949,598.7892779517493,595.0657157488416,595.65673828125,34742700,0.0,0.0,0.0
2024-12-10 00:00:00-05:00,596.3365277015484,596.7601039297737,593.1448853311992,593.8048706054688,37234500,0.0,0.0,0.0
2024-12-11 00:00:00-05:00,596.7404013764967,599.3508212217944,596.4645507592219,598.3953247070312,28677700,0.0,0.0,0.0
2024-12-12 00:00:00-05:00,597.5284977631196,598.0997995870548,595.3120727539062,595.3120727539062,31543800,0.0,0.0,0.0
2024-12-13 00:00:00-05:00,597.3511090725724,598.0701965149426,593.8146538658189,595.1937866210938,35904700,0.0,0.0,0.0
2024-12-16 00:00:00-05:00,596.9570398144291,598.710506843877,596.1788501366708,597.7352294921875,43695200,0.0,0.0,0.0
2024-12-17 00:00:00-05:00,595.1741603124011,596.1395173197234,593.8935711931338,595.2726440429688,55773500,0.0,0.0,0.0
2024-12-18 00:00:00-05:00,594.9671989364094,597.3609304879477,577.1471773446116,577.5313720703125,108248700,0.0,0.0,0.0
2024-12-19 00:00:00-05:00,582.5355221203287,584.1510639445604,577.1077344863745,577.35400390625,85919500,0.0,0.0,0.0
2024-12-20 00:00:00-05:00,575.0175026728227,588.8352196171104,574.1674387147792,584.2886352539062,125716700,1.966,0.0,0.0
2024-12-23 00:00:00-05:00,584.0316546408188,588.3904419763173,580.8391036798633,587.7875366210938,57635800,0.0,0.0,0.0
2024-12-24 00:00:00-05:00,589.141569721849,594.3603140779195,588.5583912679473,594.3207397460938,33160100,0.0,0.0,0.0
2024-12-26 00:00:00-05:00,592.5416816588521,595.4870738828115,591.1381803052061,594.3603515625,41219100,0.0,0.0,0.0
2024-12-27 00:00:00-05:00,590.6043628183209,590.8416278253472,583.9030892928905,588.103759765625,64969300,0.0,0.0,0.0
2024-12-30 00:00:00-05:00,581.066451827259,584.8717412480703,577.6268027117767,581.392578125,56578800,0.0,0.0,0.0
2024-12-31 00:00:00-05:00,583.0629680945224,583.7845361057068,577.6366994322016,579.2774658203125,57052700,0.0,0.0,0.0
2025-01-02 00:00:00-05:00,582.5490544849214,584.268848917565,573.7622248829753,577.8541870117188,50204000,0.0,0.0,0.0
2025-01-03 00:00:00-05:00,580.7106648081768,585.7217650639146,579.6233961313516,585.079345703125,37888500,0.0,0.0,0.0
2025-01-06 00:00:00-05:00,589.3491785436146,592.7393596690575,586.7101255067332,588.44970703125,47679400,0.0,0.0,0.0
2025-01-07 00:00:00-05:00,590.4858054370367,590.8119920606497,579.9693484070148,581.7978515625,60393100,0.0,0.0,0.0
2025-01-08 00:00:00-05:00,581.8670792861259,583.7252632975457,578.4077031433151,582.6478881835938,47304700,0.0,0.0,0.0
2025-01-10 00:00:00-05:00,579.0797727939155,579.148967552338,571.8348342474784,573.7523193359375,73105000,0.0,0.0,0.0
2025-01-13 00:00:00-05:00,569.0871420731995,574.9977137931114,568.6719735158341,574.6419067382812,47910100,0.0,0.0,0.0
2025-01-14 00:00:00-05:00,577.5773521941201,578.209938228887,571.637100270467,575.4325561523438,48420600,0.0,0.0,0.0
2025-01-15 00:00:00-05:00,583.4780831774012,587.0461675916275,582.3611942103539,585.899658203125,56900200,0.0,0.0,0.0
2025-01-16 00:00:00-05:00,587.2735525674167,587.4514560986999,584.0711683508569,584.77294921875,43319700,0.0,0.0,0.0
2025-01-17 00:00:00-05:00,590.0311830207747,592.4032903303786,588.6968161028142,590.6439819335938,58070600,0.0,0.0,0.0
2025-01-21 00:00:00-05:00,593.6980347606263,596.0603086218102,591.721248666258,596.0504150390625,42532900,0.0,0.0,0.0
2025-01-22 00:00:00-05:00,598.887139322545,600.7651103716523,598.3336415912388,599.401123046875,48196000,0.0,0.0,0.0
2025-01-23 00:00:00-05:00,598.7685644436611,602.6727294921875,598.4918457286775,602.6727294921875,41152100,0.0,0.0,0.0
2025-01-24 00:00:00-05:00,602.731938724249,603.6907113133817,599.7568661133088,600.9132690429688,34604700,0.0,0.0,0.0
2025-01-27 00:00:00-05:00,587.9061981476592,592.7295621283794,587.738188183351,592.4132690429688,70361100,0.0,0.0,0.0
2025-01-28 00:00:00-05:00,593.6486607361097,598.3435279756633,590.3177808049226,597.50341796875,44433300,0.0,0.0,0.0
2025-01-29 00:00:00-05:00,596.7126945442042,597.1179695261326,592.2649252873389,594.8248901367188,37177400,0.0,0.0,0.0
2025-01-30 00:00:00-05:00,596.9499738076877,599.5592859855939,593.747529191958,598.0173950195312,39281300,0.0,0.0,0.0
2025-01-31 00:00:00-05:00,600.4488437325783,602.880312619884,594.0736957955036,594.8347778320312,66566900,0.0,0.0,0.0
2025-02-03 00:00:00-05:00,585.7909458950113,593.3224968021361,583.6362560871698,590.831787109375,65857200,0.0,0.0,0.0
2025-02-04 00:00:00-05:00,590.8910016165671,595.3090893513107,590.347397534179,594.795166015625,33457800,0.0,0.0,0.0
2025-02-05 00:00:00-05:00,593.668444292325,597.35513123978,591.6323569254649,597.2068481445312,30653100,0.0,0.0,0.0
2025-02-06 00:00:00-05:00,598.9563451128535,599.4110276717307,595.6353586638426,599.2825317382812,35771500,0.0,0.0,0.0
2025-02-07 00:00:00-05:00,599.8459585772572,601.0715564826635,593.0853226024016,593.7969970703125,50788500,0.0,0.0,0.0
2025-02-10 00:00:00-05:00,597.0191605249602,598.4720695404235,595.7440947156747,597.82958984375,26048700,0.0,0.0,0.0
2025-02-11 00:00:00-05:00,595.5563267993089,598.8279059672569,595.4377244382205,598.2843017578125,30056700,0.0,0.0,0.0
2025-02-12 00:00:00-05:00,592.2451230112299,597.5330016568429,591.5631293989743,596.3568115234375,45076100,0.0,0.0,0.0
2025-02-13 00:00:00-05:00,597.4638293989674,602.8604773307252,596.1987176270893,602.6528930664062,40921300,0.0,0.0,0.0
2025-02-14 00:00:00-05:00,602.8604957096632,603.8982964094444,602.0005985304107,602.623291015625,26910400,0.0,0.0,0.0
2025-02-18 00:00:00-05:00,603.7895507730377,604.3924560546875,601.3185681498265,604.3924560546875,26749000,0.0,0.0,0.0
2025-02-19 00:00:00-05:00,602.9988995994843,606.1123017730542,602.4849158656623,605.8157958984375,31011100,0.0,0.0,0.0
2025-02-20 00:00:00-05:00,604.4419196559093,604.5803091740476,599.9744236813096,603.29541015625,36554000,0.0,0.0,0.0
2025-02-21 00:00:00-05:00,603.0779731626286,603.2163626901448,592.5120473575615,592.9766235351562,76519800,0.0,0.0,0.0
2025-02-24 00:00:00-05:00,595.0324891561768,596.0307759330515,589.5666458438759,590.2783203125,50737200,0.0,0.0,0.0
2025-02-25 00:00:00-05:00,590.2189701372146,590.9503713867966,582.7170398838512,587.3427124023438,58266500,0.0,0.0,0.0
2025-02-26 00:00:00-05:00,589.013102100412,592.620761102799,584.9903348809851,587.6392211914062,43321600,0.0,0.0,0.0
2025-02-27 00:00:00-05:00,589.9223642338113,591.0788275306367,577.864017357305,578.2593383789062,74196700,0.0,0.0,0.0
2025-02-28 00:00:00-05:00,578.7635029554216,587.8171578604871,575.6797210871997,587.283447265625,88744100,0.0,0.0,0.0
2025-03-03 00:00:00-05:00,589.2601945949107,590.4067643806418,573.1691862018861,576.9942626953125,74249200,0.0,0.0,0.0
2025-03-04 00:00:00-05:00,572.9813852396189,578.5954508037184,565.6079510021611,570.1644287109375,109648200,0.0,0.0,0.0
2025-03-05 00:00:00-05:00,569.996481594424,578.0914243818631,566.4283965915856,576.2925415039062,71230500,0.0,0.0,0.0
2025-03-06 00:00:00-05:00,568.800429877349,573.4359958315716,563.5026574515875,566.0626220703125,80094900,0.0,0.0,0.0
2025-03-07 00:00:00-05:00,564.2735985948641,570.6882596349558,559.0647480809484,569.2352905273438,81158800,0.0,0.0,0.0
2025-03-10 00:00:00-04:00,561.0020706313104,562.9293889302459,549.1413533370476,554.0734252929688,99326600,0.0,0.0,0.0
2025-03-11 00:00:00-04:00,552.907117228081,557.473488465779,545.612771416854,549.4674682617188,88102100,0.0,0.0,0.0
2025-03-12 00:00:00-04:00,555.6449862636414,556.5740782812179,547.2634312637055,552.38330078125,69588200,0.0,0.0,0.0
2025-03-13 00:00:00-04:00,552.0076609148241,552.6204598197313,543.2999199883595,545.0197143554688,74079400,0.0,0.0,0.0
2025-03-14 00:00:00-04:00,549.655280917059,557.2857071377122,545.0889095501292,556.2775268554688,62660300,0.0,0.0,0.0
2025-03-17 00:00:00-04:00,556.2577597204585,563.097483760462,555.8228643209595,560.5671997070312,49008700,0.0,0.0,0.0
2025-03-18 00:00:00-04:00,558.2443952250169,558.4618730708418,552.5710286417288,554.50830078125,66041400,0.0,0.0,0.0
2025-03-19 00:00:00-04:00,556.2973457432603,564.3230934716701,555.111261871823,560.5474243164062,66556000,0.0,0.0,0.0
2025-03-20 00:00:00-04:00,556.7915499004863,563.9475069089323,556.0699818531248,558.9264526367188,62958200,0.0,0.0,0.0
2025-03-21 00:00:00-04:00,554.4514658625183,560.0130172119408,553.2122577806573,559.11083984375,83763000,1.696,0.0,0.0
2025-03-24 00:00:00-04:00,565.8719462913679,570.1844265679264,565.2771506364932,569.1236572265625,58766800,0.0,0.0,0.0
2025-03-25 00:00:00-04:00,570.3330467188074,571.4334488408351,568.7369614238087,570.49169921875,38355700,0.0,0.0,0.0
2025-03-26 00:00:00-04:00,570.2240858480267,571.3542581528293,562.293154038674,563.6810913085938,51848300,0.0,0.0,0.0
2025-03-27 00:00:00-04:00,562.2831944691987,565.971108987233,560.062543386952,562.18408203125,42164200,0.0,0.0,0.0
2025-03-28 00:00:00-04:00,560.6475137101825,561.3811152230641,550.2777985606353,550.8626708984375,71662700,0.0,0.0,0.0
2025-03-31 00:00:00-04:00,545.0830251203251,555.869096797962,542.1485586831927,554.5604858398438,95328200,0.0,0.0,0.0
2025-04-01 00:00:00-04:00,552.6372621541935,558.0798545049701,548.8997911229003,556.1268310546875,54609600,0.0,0.0,0.0
2025-04-02 00:00:00-04:00,550.2579679431105,562.5211668014963,550.0200496625995,559.646240234375,76014500,0.0,0.0,0.0
2025-04-03 00:00:00-04:00,540.4037717910755,543.2390654249921,532.06640625,532.06640625,125986000,0.0,0.0,0.0
2025-04-04 00:00:00-04:00,519.1488461365848,521.3298644038904,500.69953122991006,500.9176330566406,217965100,0.0,0.0,0.0
2025-04-07 00:00:00-04:00,484.9665325599909,518.653143533525,477.6403203280687,500.025390625,256611400,0.0,0.0,0.0
2025-04-08 00:00:00-04:00,517.3544895320528,520.4475480659574,484.93682423959376,492.1936340332031,165816600,0.0,0.0,0.0
2025-04-09 00:00:00-04:00,489.17988772825765,543.8834838867188,488.7932402716448,543.8834838867188,241867300,0.0,0.0,0.0
2025-04-10 00:00:00-04:00,527.5754008869551,528.8939350431352,504.92270453590345,520.0509643554688,162331200,0.0,0.0,0.0
2025-04-11 00:00:00-04:00,518.4945124649533,531.7986316335475,515.5798930426869,529.3301391601562,97866300,0.0,0.0,0.0
2025-04-14 00:00:00-04:00,539.3528832417228,539.580938661594,529.2508571038156,534.4654541015625,68034000,0.0,0.0,0.0
2025-04-15 00:00:00-04:00,535.0107183382963,538.5399805011373,532.1754247962592,532.968505859375,56892900,0.0,0.0,0.0
2025-04-16 00:00:00-04:00,527.0896882471153,533.2460954669957,515.7980102587055,521.1216430664062,83484800,0.0,0.0,0.0
2025-04-17 00:00:00-04:00,523.0845951885916,526.5840872057769,519.3867572764926,521.8651733398438,79868100,0.0,0.0,0.0
2025-04-21 00:00:00-04:00,516.6605060954281,517.1958826970866,504.070170487947,509.4433898925781,69368100,0.0,0.0,0.0
2025-04-22 00:00:00-04:00,515.6493363944684,524.7302260402327,514.7075262081219,522.6979370117188,75948100,0.0,0.0,0.0
2025-04-23 00:00:00-04:00,535.7641184612734,540.7209502963145,529.2706808590098,530.79736328125,90590700,0.0,0.0,0.0
2025-04-24 00:00:00-04:00,532.086198348384,542.7037553366079,530.8272040401201,541.9701538085938,64150400,0.0,0.0,0.0
2025-04-25 00:00:00-04:00,541.9305048307399,546.2924809922215,538.9960382976576,545.8860473632812,61119600,0.0,0.0,0.0
2025-04-28 00:00:00-04:00,546.629614941954,548.7709400601335,540.3146148774163,546.09423828125,47613800,0.0,0.0,0.0
2025-04-29 00:00:00-04:00,544.1709145104755,550.6544896169489,543.8140371215516,549.5342407226562,47775100,0.0,0.0,0.0
2025-04-30 00:00:00-04:00,542.8425243498715,551.7152660165827,536.8447695388113,549.7523193359375,93101500,0.0,0.0,0.0
2025-05-01 00:00:00-04:00,555.5319968692943,559.2000647311057,553.0436574695955,553.6483764648438,63186100,0.0,0.0,0.0
2025-05-02 00:00:00-04:00,559.8543184862792,563.4728299899488,557.52463168794,561.8668212890625,60717300,0.0,0.0,0.0
2025-05-05 00:00:00-04:00,557.7129496783965,561.7577411466406,556.850465833372,558.6448364257812,38659200,0.0,0.0,0.0
2025-05-06 00:00:00-04:00,553.1131019265209,558.4862913932635,552.1515054692122,553.9755859375,48264700,0.0,0.0,0.0
2025-05-07 00:00:00-04:00,555.3139314189718,558.9522292842823,551.239369394788,556.3052978515625,55588000,0.0,0.0,0.0
2025-05-08 00:00:00-04:00,560.3600183076248,565.386253970535,556.8506025081723,560.1815795898438,65130800,0.0,0.0,0.0
2025-05-09 00:00:00-04:00,561.5891904044281,562.6004034437263,557.9013366275524,559.4677124023438,37603400,0.0,0.0,0.0
2025-05-12 00:00:00-04:00,576.4498296839446,577.9666494201874,572.0580835025086,577.9567260742188,78993600,0.0,0.0,0.0
2025-05-13 00:00:00-04:00,578.3730584556538,583.9941496422729,577.8080328415324,581.7734985351562,67947200,0.0,0.0,0.0
2025-05-14 00:00:00-04:00,582.7351003798474,583.8949821637985,580.4846792150129,582.5170288085938,66283500,0.0,0.0,0.0
2025-05-15 00:00:00-04:00,580.5045239452851,585.8677897044162,580.0484736048338,585.3622436523438,71268100,0.0,0.0,0.0
2025-05-16 00:00:00-04:00,586.1453424794305,589.367283051199,584.1923798537092,589.0698852539062,76052100,0.0,0.0,0.0
2025-05-19 00:00:00-04:00,583.0225710566098,590.3983396880136,583.0225710566098,589.7142944335938,68168500,0.0,0.0,0.0
2025-05-20 00:00:00-04:00,587.9695461543464,588.9212192076606,584.5096264657933,587.7315673828125,60614500,0.0,0.0,0.0
2025-05-21 00:00:00-04:00,583.3596614167781,587.4639329373288,576.7968205254032,577.8278198242188,95197700,0.0,0.0,0.0
2025-05-22 00:00:00-04:00,577.6295673689441,581.5554004178355,576.3903592673228,578.055908203125,70860400,0.0,0.0,0.0
2025-05-23 00:00:00-04:00,571.0071868542327,576.7868697784111,570.6304627900578,574.1101684570312,76029000,0.0,0.0,0.0
2025-05-27 00:00:00-04:00,581.0101669642168,586.2049176986301,573.4361124467979,586.0463256835938,72588500,0.0,0.0,0.0
2025-05-28 00:00:00-04:00,586.4527734503207,587.6523487169525,581.9222212137981,582.6558227539062,68445500,0.0,0.0,0.0
2025-05-29 00:00:00-04:00,587.9397721452495,588.0785779673218,581.0101304856973,584.9557495117188,69973300,0.0,0.0,0.0
2025-05-30 00:00:00-04:00,583.8454633007033,586.0264816938155,578.2045855174352,584.301513671875,90601200,0.0,0.0,0.0
2025-06-02 00:00:00-04:00,582.6855584091887,587.6721002233023,580.008856873824,587.5928344726562,61630500,0.0,0.0,0.0
2025-06-03 00:00:00-04:00,587.2259796444896,591.9250465362925,586.740159298439,590.943603515625,63606200,0.0,0.0,0.0
2025-06-04 00:00:00-04:00,591.8061707239787,592.7876138828078,590.3488304970734,590.7850341796875,57314200,0.0,0.0,0.0
2025-06-05 00:00:00-04:00,592.4703459624005,593.8285131802699,585.9471376733143,587.9298706054688,92278700,0.0,0.0,0.0
2025-06-06 00:00:00-04:00,593.4913881340742,595.6426968087642,591.7069406984755,593.96728515625,66588700,0.0,0.0,0.0
2025-06-09 00:00:00-04:00,594.5422573867003,596.0590770966814,593.322896017802,594.5026245117188,53016400,0.0,0.0,0.0
2025-06-10 00:00:00-04:00,595.0379370041686,598.2598779419187,593.9177485918233,597.873291015625,66247000,0.0,0.0,0.0
2025-06-11 00:00:00-04:00,598.9737360301211,599.8362200559476,594.0962297274801,596.1681518554688,73658200,0.0,0.0,0.0
2025-06-12 00:00:00-04:00,594.8297748594797,598.5374755859375,594.3440149953893,598.5374755859375,64129000,0.0,0.0,0.0
2025-06-13 00:00:00-04:00,593.3327526303392,596.6538056556503,590.3388069302991,591.845703125,89506000,0.0,0.0,0.0
2025-06-16 00:00:00-04:00,595.2164614851225,599.2314836456252,595.0379622706928,597.4767456054688,79984100,0.0,0.0,0.0
2025-06-17 00:00:00-04:00,595.0280706090336,596.5547531382241,591.6078443016146,592.3712158203125,82209400,0.0,0.0,0.0
2025-06-18 00:00:00-04:00,593.2733488854554,596.0293161899417,591.3203254879343,592.281982421875,76605000,0.0,0.0,0.0
2025-06-20 00:00:00-04:00,594.9675856083323,596.0414436168163,589.4790454395113,590.8909912109375,94051400,1.761,0.0,0.0
2025-06-23 00:00:00-04:00,591.6465733053511,597.1152078061239,588.5145735944315,596.7274780273438,87426000,0.0,0.0,0.0
2025-06-24 00:00:00-04:00,600.8836010096178,604.3834856367664,599.9688039561656,603.3196411132812,67735300,0.0,0.0,0.0
2025-06-25 00:00:00-04:00,604.4431877891288,605.1392079707367,602.086708265907,603.65771484375,62114800,0.0,0.0,0.0
2025-06-26 00:00:00-04:00,605.517034479532,608.8181084243395,604.9005750782753,608.380615234375,78548400,0.0,0.0,0.0
2025-06-27 00:00:00-04:00,609.3848675360332,612.8748603878714,607.3465704310272,611.4032592773438,86258400,0.0,0.0,0.0
2025-06-30 00:00:00-04:00,613.8591865146053,615.6886593072754,611.5325044540273,614.3264770507812,92502500,0.0,0.0,0.0
2025-07-01 00:00:00-04:00,612.8450033281383,615.3009489521946,612.0098276707645,614.127685546875,70030100,0.0,0.0,0.0
2025-07-02 00:00:00-04:00,613.7200271324969,616.9514932068568,613.0936150077308,616.9117431640625,66510400,0.0,0.0,0.0
2025-07-03 00:00:00-04:00,618.9003311484321,622.7085065821568,618.8804257837007,621.7738647460938,51065800,0.0,0.0,0.0
2025-07-07 00:00:00-04:00,619.8050287830624,620.4712515380828,614.3463473867639,617.1403198242188,74814500,0.0,0.0,0.0
2025-07-08 00:00:00-04:00,617.8065573856337,618.5622329876766,615.9870371559156,616.8023681640625,59024600,0.0,0.0,0.0
2025-07-09 00:00:00-04:00,619.2184771119485,621.1573080723725,617.3690382262929,620.5010986328125,66113300,0.0,0.0,0.0
2025-07-10 00:00:00-04:00,620.6402811009391,623.2950374474425,619.4570650879599,622.2510375976562,57529000,0.0,0.0,0.0
2025-07-11 00:00:00-04:00,619.1886732139827,621.2965785748338,617.9856123550688,620.0636596679688,63670200,0.0,0.0,0.0
2025-07-14 00:00:00-04:00,619.6062115300674,621.5948059142781,618.2539819137044,621.246826171875,51898500,0.0,0.0,0.0
2025-07-15 00:00:00-04:00,623.9413645164026,624.2793915612978,618.5124802515571,618.592041015625,74317300,0.0,0.0,0.0
2025-07-16 00:00:00-04:00,620.1829130237127,621.1672575214722,614.5253596449445,620.66015625,88987500,0.0,0.0,0.0
2025-07-17 00:00:00-04:00,620.8391784397268,624.8163671275224,620.6204015046147,624.4583740234375,68885700,0.0,0.0,0.0
2025-07-18 00:00:00-04:00,625.7111996075373,625.8802131347736,622.8874296174818,624.0010375976562,65621600,0.0,0.0,0.0
2025-07-21 00:00:00-04:00,625.1842651367188,627.9384270926762,624.7567246264017,625.1842651367188,63375000,0.0,0.0,0.0
2025-07-22 00:00:00-04:00,625.5123643014988,626.1387764125508,622.6189860590433,625.2737426757812,60046300,0.0,0.0,0.0
2025-07-23 00:00:00-04:00,627.9483363497261,630.5932006835938,626.138708302101,630.5932006835938,70511000,0.0,0.0,0.0
2025-07-24 00:00:00-04:00,630.9809681636451,632.5221773472229,630.3744614468128,630.802001953125,71307100,0.0,0.0,0.0
2025-07-25 00:00:00-04:00,631.4682494008442,633.9440397736063,631.2196750953526,633.4667358398438,56865400,0.0,0.0,0.0
2025-07-28 00:00:00-04:00,633.8445768779104,634.4013808975731,631.9156378299562,633.3076782226562,54917100,0.0,0.0,0.0
2025-07-29 00:00:00-04:00,634.7096125224674,635.0277949185313,630.722531607152,631.6372680664062,60556300,0.0,0.0,0.0
2025-07-30 00:00:00-04:00,632.2934318863223,634.0434045947875,627.9384054781906,630.841796875,80418900,0.0,0.0,0.0
2025-07-31 00:00:00-04:00,635.8132594113927,636.200989166749,627.1728149946817,628.475341796875,103385200,0.0,0.0,0.0
2025-08-01 00:00:00-04:00,622.7282752516747,622.7680859762785,615.7582427178595,618.1743774414062,140103600,0.0,0.0,0.0
2025-08-04 00:00:00-04:00,622.1019219542782,627.6202593639928,622.0124691896333,627.570556640625,73218000,0.0,0.0,0.0
2025-08-05 00:00:00-04:00,628.187016594973,629.0023475949919,623.464104816374,624.3887939453125,68051400,0.0,0.0,0.0
2025-08-06 00:00:00-04:00,625.462617040701,629.8275961427472,624.5478806448895,629.17138671875,64357500,0.0,0.0,0.0
2025-08-07 00:00:00-04:00,632.6116453260242,633.3474155493337,625.5223013845391,628.6444091796875,74205800,0.0,0.0,0.0
2025-08-08 00:00:00-04:00,630.4440623273716,634.0136158764692,630.125879949944,633.5462646484375,64051600,0.0,0.0,0.0
2025-08-11 00:00:00-04:00,633.824713555593,635.3062066703783,631.0406328520911,632.29345703125,58742300,0.0,0.0,0.0
2025-08-12 00:00:00-04:00,634.6499095494731,639.1839021511607,633.1584638161933,639.0248413085938,64730800,0.0,0.0,0.0
2025-08-13 00:00:00-04:00,641.2321859855442,642.5049155421342,639.0149226306152,641.2123413085938,60092800,0.0,0.0,0.0
2025-08-14 00:00:00-04:00,639.1242567818475,641.9381347685223,638.6768716045066,641.27197265625,59327500,0.0,0.0,0.0
2025-08-15 00:00:00-04:00,642.3060144753327,642.4054806038605,638.8558324502803,639.7705688476562,68592500,0.0,0.0,0.0
2025-08-18 00:00:00-04:00,639.1939154739885,640.3274289037191,638.5178006265407,639.6314086914062,43804900,0.0,0.0,0.0
2025-08-19 00:00:00-04:00,639.4523760102862,640.4367204754008,634.8388226855677,636.1612548828125,69750700,0.0,0.0,0.0
2025-08-20 00:00:00-04:00,635.7536294439067,636.0120957287904,629.3404006137462,634.470947265625,88890300,0.0,0.0,0.0
2025-08-21 00:00:00-04:00,632.6514763962614,634.3317804706619,630.195530658508,631.9255981445312,54805800,0.0,0.0,0.0
2025-08-22 00:00:00-04:00,634.1230118894028,642.8131599802851,633.6159105915494,641.6299438476562,84083200,0.0,0.0,0.0
2025-08-25 00:00:00-04:00,640.3671451910226,641.6100166878209,638.686780499868,638.8060913085938,51274300,0.0,0.0,0.0
2025-08-26 00:00:00-04:00,638.5376929659955,641.8288143683822,637.9112808564007,641.4807739257812,51581600,0.0,0.0,0.0
2025-08-27 00:00:00-04:00,640.8941330732226,643.6781530071313,640.7449642231398,642.9423828125,48341100,0.0,0.0,0.0
2025-08-28 00:00:00-04:00,643.548887361664,645.7761033013204,641.6597591604225,645.2192993164062,61519500,0.0,0.0,0.0
2025-08-29 00:00:00-04:00,643.777581165663,644.1455269630451,639.472317969575,641.3713989257812,74522200,0.0,0.0,0.0
2025-09-02 00:00:00-04:00,633.8644906037873,636.8374296419402,631.2991867317828,636.6187133789062,81983500,0.0,0.0,0.0
2025-09-03 00:00:00-04:00,639.0049424066366,640.5361988813526,636.8075845104526,640.06884765625,70820900,0.0,0.0,0.0
2025-09-04 00:00:00-04:00,640.7450037735979,645.4480709373178,639.8402199968853,645.418212890625,65219200,0.0,0.0,0.0
2025-09-05 00:00:00-04:00,647.7646994415851,648.4905776412766,639.6612139364762,643.5488891601562,85178900,0.0,0.0,0.0
2025-09-08 00:00:00-04:00,644.9210585487652,646.1341327155172,643.5389708468488,645.1298828125,63133100,0.0,0.0,0.0
2025-09-09 00:00:00-04:00,645.2689866211995,647.148222783044,643.5289666240282,646.6212768554688,66133900,0.0,0.0,0.0
2025-09-10 00:00:00-04:00,649.8924717726807,650.817160801947,646.9195331255914,648.4905395507812,78034500,0.0,0.0,0.0
2025-09-11 00:00:00-04:00,650.4493620868353,654.5757199134183,649.8627606991871,653.8796997070312,69934400,0.0,0.0,0.0
2025-09-12 00:00:00-04:00,653.8497465125743,655.351144838518,653.1537870945498,653.6608276367188,72780100,0.0,0.0,0.0
2025-09-15 00:00:00-04:00,655.8782140097094,657.2701936656516,655.5799369896564,657.1409301757812,63772400,0.0,0.0,0.0
2025-09-16 00:00:00-04:00,657.6977327581834,658.0060231465056,655.450672087237,656.2361450195312,61169000,0.0,0.0,0.0
2025-09-17 00:00:00-04:00,656.2461210913638,657.9463305061431,650.5686620900484,655.4208374023438,101952200,0.0,0.0,0.0
2025-09-18 00:00:00-04:00,658.1153302554297,661.098221592467,656.504573788396,658.4832153320312,90459200,0.0,0.0,0.0
2025-09-19 00:00:00-04:00,660.3786700487054,662.5921003065068,658.4244226642126,661.74462890625,97945600,1.831,0.0,0.0
2025-09-22 00:00:00-04:00,660.2490220888672,665.3239917254978,660.2190812650523,664.8753662109375,69452200,0.0,0.0,0.0
2025-09-23 00:00:00-04:00,664.7557113987294,665.3739407705357,660.0296859026699,661.256103515625,81708900,0.0,0.0,0.0
2025-09-24 00:00:00-04:00,662.5522091075384,662.6518901422049,657.7264420940938,659.1522216796875,68082200,0.0,0.0,0.0
2025-09-25 00:00:00-04:00,656.0016057727498,657.4672457066506,652.4819765077987,656.1112670898438,89622100,0.0,0.0,0.0
2025-09-26 00:00:00-04:00,657.5669862915963,660.4185456623683,655.9417836675868,659.8701782226562,69179200,0.0,0.0,0.0
2025-09-29 00:00:00-04:00,662.4026597035332,663.3199930316334,659.9100251593522,661.7246704101562,73499000,0.0,0.0,0.0
2025-09-30 00:00:00-04:00,660.976860345401,664.6859320813617,659.6607420426623,664.21728515625,86288000,0.0,0.0,0.0
2025-10-01 00:00:00-04:00,661.2161783670498,667.3979243492374,661.1065170498754,666.4806518554688,72545400,0.0,0.0,0.0
2025-10-02 00:00:00-04:00,668.4747085274895,668.5943501107935,664.8155382515555,667.248291015625,56896000,0.0,0.0,0.0
2025-10-03 00:00:00-04:00,668.0160736487628,670.6981508367895,666.1914481336265,667.2384033203125,70494400,0.0,0.0,0.0
2025-10-06 00:00:00-04:00,669.6412668959266,670.5286593813627,667.4876574687494,669.6312866210938,54623300,0.0,0.0,0.0
2025-10-07 00:00:00-04:00,670.5585274945992,671.0072138668005,665.7028804529681,667.1486206054688,72020100,0.0,0.0,0.0
2025-10-08 00:00:00-04:00,668.2753327277967,671.2266339865188,667.4477610054765,671.1268920898438,60702200,0.0,0.0,0.0
2025-10-09 00:00:00-04:00,671.5456907353398,671.9544560264949,667.2384109165724,669.1826171875,66501900,0.0,0.0,0.0
2025-10-10 00:00:00-04:00,670.1497521868876,671.9643973425017,650.9166069608107,651.0960693359375,159422600,0.0,0.0,0.0
2025-10-13 00:00:00-04:00,658.7036354539871,663.170417127303,657.8262232173948,661.0865478515625,79560500,0.0,0.0,0.0
2025-10-14 00:00:00-04:00,655.2338407773344,663.8683609233883,651.2456255038628,660.2789306640625,88779600,0.0,0.0,0.0
2025-10-15 00:00:00-04:00,664.855429242796,668.2553559603689,656.988660072404,663.2102661132812,81702600,0.0,0.0,0.0
2025-10-16 00:00:00-04:00,664.8554499895176,666.7398963555108,655.1740352792065,658.6936645507812,110563300,0.0,0.0,0.0
2025-10-17 00:00:00-04:00,657.5570092911896,663.7985760836355,656.2010306703355,662.4326171875,96500900,0.0,0.0,0.0
2025-10-20 00:00:00-04:00,665.3539499346838,670.2295576279439,665.3041094156895,669.3222045898438,60493400,0.0,0.0,0.0
2025-10-21 00:00:00-04:00,669.4617772299453,671.0071983826805,668.0060568363804,669.3121948242188,56249000,0.0,0.0,0.0
2025-10-22 00:00:00-04:00,670.0201576878661,670.0201576878661,661.3457774038759,665.83251953125,80564000,0.0,0.0,0.0
2025-10-23 00:00:00-04:00,666.1515932793667,670.7280970890292,665.8325287543602,669.7808837890625,65604500,0.0,0.0,0.0
2025-10-24 00:00:00-04:00,674.4670490970213,676.4710761570719,673.6594379369009,675.2546997070312,74356500,0.0,0.0,0.0
2025-10-27 00:00:00-04:00,680.7185156175003,683.5202343374859,680.1103274099472,683.2211303710938,63339800,0.0,0.0,0.0
2025-10-28 00:00:00-04:00,685.0257863269245,686.8802917495992,682.8123561492805,685.0357666015625,61738100,0.0,0.0,0.0
2025-10-29 00:00:00-04:00,686.6908448301914,687.6679989086465,680.8581046045199,685.3648071289062,85657100,0.0,0.0,0.0
2025-10-30 00:00:00-04:00,681.8851035842282,683.919071384824,677.8270874023438,677.8270874023438,76335800,0.0,0.0,0.0
2025-10-31 00:00:00-04:00,683.0217380676526,683.0616591685175,677.2388379885472,680.050537109375,87164100,0.0,0.0,0.0
2025-11-03 00:00:00-05:00,683.6498738048132,683.7794956694769,677.9367749059246,681.3267822265625,57315000,0.0,0.0,0.0
2025-11-04 00:00:00-05:00,674.1180423048241,677.9567360174515,672.5925816080086,673.2506103515625,78427000,0.0,0.0,0.0
2025-11-05 00:00:00-05:00,672.9913638051393,678.8540450990596,672.1837526501265,675.583740234375,74402400,0.0,0.0,0.0
2025-11-06 00:00:00-05:00,674.4769688014325,675.384321857154,666.7498016918889,668.3351440429688,85035300,0.0,0.0,0.0
2025-11-07 00:00:00-05:00,665.9421818455136,669.1028862313885,659.2619700189845,668.9931640625,100592400,0.0,0.0,0.0
2025-11-10 00:00:00-05:00,675.2447347362015,680.1701831536659,673.0412846911101,679.432373046875,75842900,0.0,0.0,0.0
2025-11-11 00:00:00-05:00,677.9467300747958,681.5560598909952,676.7302928180768,680.9877319335938,58953400,0.0,0.0,0.0
2025-11-12 00:00:00-05:00,682.7724572806613,682.9420002443612,678.9438047256676,681.3666381835938,62312500,0.0,0.0,0.0
2025-11-13 00:00:00-05:00,678.4950944095032,678.8540191634994,668.5445172010542,670.0599975585938,103457800,0.0,0.0,0.0
2025-11-14 00:00:00-05:00,663.4196879466924,673.669369761962,661.3159189526839,669.9503784179688,96846700,0.0,0.0,0.0
2025-11-17 00:00:00-05:00,667.7269573864955,671.7251529532939,660.2191128892804,663.7088012695312,90456100,0.0,0.0,0.0
2025-11-18 00:00:00-05:00,660.1493223141129,663.1604443809363,653.9277160969795,658.1353149414062,114467500,0.0,0.0,0.0
2025-11-19 00:00:00-05:00,658.8332701356088,665.3739409367662,656.8092216159307,660.6777954101562,94703000,0.0,0.0,0.0
2025-11-20 00:00:00-05:00,670.9274443593279,673.5696612658603,649.969414909385,650.6075439453125,165293500,0.0,0.0,0.0
2025-11-21 00:00:00-05:00,653.1200634979649,662.5920743656175,648.9324254696204,657.08837890625,123956200,0.0,0.0,0.0
2025-11-24 00:00:00-05:00,660.7375826041805,668.0858642133718,659.6408477705503,666.759765625,80437900,0.0,0.0,0.0
2025-11-25 00:00:00-05:00,666.6600618545837,674.2177464111714,662.5222643995295,673.03125,81077100,0.0,0.0,0.0
2025-11-26 00:00:00-05:00,675.6336030547216,679.6916195137131,674.7262499751725,677.6775512695312,71879600,0.0,0.0,0.0
2025-11-28 00:00:00-05:00,678.8540116786253,681.6557303234264,678.4950869285864,681.3765869140625,49212000,0.0,0.0,0.0
2025-12-01 00:00:00-05:00,676.8100876493213,680.9777652313311,676.7402865806703,678.2658081054688,61201200,0.0,0.0,0.0
2025-12-02 00:00:00-05:00,679.91089945233,681.8053259843603,677.3285642303521,679.5220947265625,62953800,0.0,0.0,0.0
2025-12-03 00:00:00-05:00,678.5648962284573,682.8920755410956,677.6874840363832,681.8751220703125,57238500,0.0,0.0,0.0
2025-12-04 00:00:00-05:00,683.2809493981625,683.3507504660292,679.3326553413237,682.3736572265625,61970300,0.0,0.0,0.0
2025-12-05 00:00:00-05:00,683.4504163312143,686.3618571461667,682.5630847287977,683.6697998046875,79241000,0.0,0.0,0.0
2025-12-08 00:00:00-05:00,684.5672069678625,684.6170474876437,679.5619773329797,681.6159057617188,55231500,0.0,0.0,0.0
2025-12-09 00:00:00-05:00,681.1373100558188,683.3707007727439,680.5789623765876,681.027587890625,58310100,0.0,0.0,0.0
2025-12-10 00:00:00-05:00,680.5490620813229,686.9401503769751,679.3027447895911,685.5443115234375,85671300,0.0,0.0,0.0
2025-12-11 00:00:00-05:00,683.1214313379483,687.2193077079016,680.1601500103427,687.1395263671875,86173700,0.0,0.0,0.0
2025-12-12 00:00:00-05:00,686.1424918468441,686.8504219479569,677.1690077077839,679.7514038085938,113160300,0.0,0.0,0.0
2025-12-15 00:00:00-05:00,683.7196756361553,683.7396361862291,677.2488060921288,678.7244262695312,90811000,0.0,0.0,0.0
2025-12-16 00:00:00-05:00,677.2288588584025,679.0734449717613,672.9913800472318,676.8699340820312,122030600,0.0,0.0,0.0
2025-12-17 00:00:00-05:00,677.8869129385677,678.4352803496147,669.2225131069573,669.4219360351562,110625200,0.0,0.0,0.0
2025-12-18 00:00:00-05:00,675.603604329658,678.7343677454887,672.9116078583543,674.4769287109375,108650100,0.0,0.0,0.0
2025-12-19 00:00:00-05:00,676.5900268554688,681.0900268554688,676.469970703125,680.5900268554688,103599500,1.993,0.0,0.0
2025-12-22 00:00:00-05:00,683.9400024414062,685.3599853515625,680.5900268554688,684.8300170898438,69556700,0.0,0.0,0.0
2025-12-23 00:00:00-05:00,683.9199829101562,688.2000122070312,683.8699951171875,687.9600219726562,64840000,0.0,0.0,0.0
2025-12-24 00:00:00-05:00,687.9500122070312,690.8300170898438,687.7999877929688,690.3800048828125,39445600,0.0,0.0,0.0
2025-12-26 00:00:00-05:00,690.6400146484375,691.6599731445312,689.27001953125,690.3099975585938,41588400,0.0,0.0,0.0
